# Blender 3.3.1
# www.blender.org
mtllib cave.mtl
o cave
v 0.011005 -1.113271 3.177850
v 0.104731 -1.131431 3.190410
v 0.102352 -1.122120 3.194690
v 0.014214 -1.093110 3.181070
v 0.232330 -1.127700 3.189370
v 0.196195 -1.123660 3.198680
v 0.335165 -1.077470 3.172790
v 0.264878 -1.069230 3.172310
v 0.380166 -0.979872 3.119780
v 0.288922 -0.963749 3.107090
v 0.420910 -1.095910 3.133450
v 0.476580 -1.001770 3.114330
v 0.342871 -0.684298 3.090780
v 0.454316 -0.782133 3.083280
v 0.476619 -0.698518 3.090520
v 0.360816 -0.630274 3.055620
v 0.356423 -0.799197 3.097720
v 0.296342 -0.729894 3.084990
v 0.590944 -0.838322 3.037880
v 0.487172 -0.900123 3.084820
v 0.593142 -0.925685 3.055900
v 0.593530 -0.755301 3.070110
v 0.387003 -0.886144 3.103550
v 0.189895 -1.064530 3.148430
v 0.166645 -1.138600 3.183610
v 0.099159 -1.128820 3.178590
v 0.108548 -1.043780 3.142880
v -0.106163 -0.732905 3.108760
v -0.104678 -0.699472 3.123970
v -0.140700 -0.660064 3.125340
v -0.166315 -0.697762 3.097020
v -0.066707 -0.692311 3.144280
v -0.096025 -0.633700 3.157830
v -0.048463 -0.738492 3.129930
v 0.190666 -0.725052 3.108530
v 0.159299 -0.700088 3.115620
v 0.114740 -0.709424 3.128640
v 0.134945 -0.751590 3.116040
v 0.172944 -0.660007 3.131560
v 0.109353 -0.655796 3.152530
v 0.234316 -0.683050 3.111050
v 0.368163 -0.572544 3.028840
v 0.374728 -0.501245 3.005310
v 0.266763 -0.433068 3.056260
v 0.270222 -0.503816 3.077650
v 0.442577 -0.497297 2.960530
v 0.487220 -0.599607 3.010980
v 0.505911 -0.572535 2.975280
v 0.481162 -0.644928 3.044950
v 0.343538 -0.384802 3.006320
v 0.267053 -0.347587 3.040310
v 0.421699 -0.403666 2.966050
v 0.601509 -0.613402 2.936500
v 0.564413 -0.612907 2.977580
v 0.573319 -0.648946 2.995350
v 0.636087 -0.669761 2.958010
v 0.545083 -0.561745 2.919390
v -0.659178 0.433892 2.911850
v -0.641689 0.479085 2.877670
v -0.672039 0.527152 2.842710
v -0.711190 0.476727 2.860170
v -0.595506 0.487507 2.885760
v -0.626861 0.566425 2.840980
v -0.595887 0.413125 2.931030
v -0.373573 -0.532848 2.909830
v -0.301250 -0.577758 2.973990
v -0.289047 -0.424567 2.936730
v -0.339261 -0.413627 2.898940
v -0.247530 -0.538404 3.020740
v -0.249237 -0.424909 2.986000
v -0.322467 -0.693206 2.968240
v -0.389207 -0.649246 2.899200
v -0.462776 -0.746616 2.822320
v -0.434450 -0.829413 2.872220
v -0.381276 -0.847052 2.929690
v -0.385938 -0.755436 2.909510
v -0.464571 -0.877200 2.871410
v -0.424109 -0.892540 2.985970
v -0.516539 -0.821832 2.773140
v -0.277162 0.008562 2.842990
v -0.236765 0.090502 2.870490
v -0.324839 0.142775 2.871290
v -0.351829 0.066521 2.838040
v -0.192930 -0.064333 2.903460
v -0.225827 -0.099038 2.874160
v -0.229592 0.233311 2.881440
v -0.303685 0.235481 2.896230
v -0.168308 0.101781 2.897940
v -0.161577 0.237734 2.886640
v -0.162031 -0.046184 2.941460
v -0.644285 -0.485757 2.733500
v -0.597539 -0.459808 2.751150
v -0.601940 -0.396539 2.742620
v -0.661512 -0.403269 2.707220
v -0.565057 -0.490262 2.771000
v -0.620397 -0.553236 2.777690
v -0.545049 -0.402913 2.754970
v -0.523636 -0.680618 2.722230
v -0.582221 -0.753974 2.691810
v -0.448682 -0.625233 2.832590
v -0.511129 -0.608105 2.790640
v 0.771342 -0.019349 2.791010
v 0.795934 0.030854 2.836020
v 0.741291 0.063387 2.873540
v 0.702478 -0.017921 2.850480
v 0.850552 0.077178 2.829170
v 0.798871 0.151508 2.875290
v 0.851610 0.007840 2.761730
v -0.391151 -0.062478 2.783020
v -0.344139 -0.082838 2.812030
v -0.311310 -0.047834 2.823550
v -0.373807 0.003380 2.798720
v -0.334274 -0.147231 2.824750
v -0.407327 -0.135473 2.796680
v -0.265802 -0.139206 2.840030
v 0.806494 -0.558547 2.668280
v 0.762675 -0.525118 2.703770
v 0.706338 -0.540069 2.753480
v 0.756928 -0.591029 2.753710
v 0.793630 -0.467612 2.690840
v 0.858137 -0.486641 2.609720
v 0.693677 -0.479604 2.732890
v -0.936638 -0.720379 2.390960
v -0.842089 -0.717522 2.522280
v -0.887970 -0.565244 2.515210
v -0.955321 -0.585221 2.407720
v -0.749531 -0.629131 2.636550
v -0.814015 -0.533680 2.626920
v -0.828558 -0.853000 2.432360
v -0.902819 -0.855143 2.327860
v 0.924225 -0.641475 2.442690
v 0.926751 -0.522022 2.504250
v 0.858119 -0.619114 2.622630
v 0.916576 -0.689004 2.600490
v 1.022090 -0.478636 2.360970
v 1.009170 -0.603870 2.328680
v 0.989436 -0.381327 2.501870
v 0.885841 -0.390484 2.574900
v 1.078990 -0.363852 2.402280
v -1.154700 -0.174833 1.442770
v -1.122860 -0.146624 1.498540
v -1.145530 -0.091035 1.517050
v -1.205870 -0.105787 1.440440
v -1.073120 -0.179462 1.552350
v -1.098240 -0.103741 1.600350
v -1.063810 -0.241542 1.479020
v -1.029110 -0.663236 1.541450
v -1.002430 -0.775213 1.629200
v -0.999544 -0.657219 1.745620
v -0.984248 -0.566265 1.655350
v -0.969246 -0.809883 1.454670
v -1.025890 -0.713648 1.413130
v -1.059870 -0.877530 1.773910
v -0.938556 -0.916834 1.613810
v -0.982314 -0.941838 1.753940
v -1.014390 -0.736815 1.854620
v -0.883099 -0.899018 1.480900
v -1.147750 0.310324 1.385110
v -1.221910 0.186407 1.395970
v -1.105260 0.191550 1.510220
v -1.091900 0.312369 1.510570
v -1.215530 0.067736 1.436470
v -1.153120 0.089103 1.527870
v -1.255910 0.229628 1.276680
v -1.240540 0.339321 1.288130
v -1.293500 0.096493 1.349970
v -1.276780 0.136915 1.246160
v -1.326970 0.032757 1.390170
v -1.325030 0.057833 1.210270
v -1.332250 0.048195 1.295050
v -1.376660 -0.005004 1.308690
v -1.389690 -0.026681 1.198350
v 1.182240 0.054486 1.293680
v 1.140420 0.092591 1.348240
v 1.128090 0.060410 1.413330
v 1.157140 -0.021713 1.358990
v 1.179150 0.171537 1.332930
v 1.155260 0.162326 1.428790
v 1.244490 0.159835 1.249730
v 1.083220 -0.833963 1.336680
v 1.112620 -0.776479 1.172830
v 1.095890 -0.641799 1.283110
v 1.132220 -0.726505 1.406380
v 1.030370 -0.922760 1.143570
v 1.022200 -0.929603 1.297380
v 1.241480 -0.647523 1.113740
v 1.175120 -0.544783 1.200350
v 1.119950 -0.804424 0.994675
v 1.235770 -0.695023 0.973437
v 1.039560 -0.936177 0.989053
v 1.350140 0.139370 0.732881
v 1.330260 0.362365 0.606289
v 1.287440 0.359371 0.746608
v 1.311280 0.178219 0.830113
v 1.292330 0.578814 0.581412
v 1.291230 0.553658 0.715797
v 1.391550 0.500328 0.456239
v 1.342700 0.649471 0.459139
v 1.416080 0.245100 0.541175
v 1.399080 0.081477 0.644879
v 1.412210 0.369414 0.415812
v 1.473980 0.148158 0.211578
v 1.481650 0.216812 0.171985
v 1.476090 0.278607 0.210409
v 1.460050 0.204758 0.292848
v 1.516130 0.216431 0.103303
v 1.511750 0.322827 0.122120
v 1.471930 0.124639 0.124293
v 1.531700 0.153215 -0.228997
v 1.505160 0.258299 -0.213727
v 1.493240 0.255600 -0.133848
v 1.517060 0.130965 -0.119200
v 1.501600 0.349854 -0.288914
v 1.488350 0.386184 -0.154354
v 1.523700 0.191042 -0.346567
v -1.317460 -0.108088 -0.328743
v -1.307260 -0.164200 -0.262168
v -1.283830 -0.149643 -0.206770
v -1.290130 -0.048781 -0.279791
v -1.306150 -0.234631 -0.273521
v -1.310150 -0.188995 -0.362205
v -1.290460 -0.252819 -0.196385
v 1.520710 0.518563 -0.303347
v 1.510320 0.526138 -0.170300
v 1.508600 0.376221 -0.453929
v 1.479490 0.226312 -0.477199
v 1.503960 0.508385 -0.450846
v -1.377370 0.251675 -0.676363
v -1.306160 0.205431 -0.509585
v -1.311550 0.386133 -0.546055
v -1.384040 0.393218 -0.678507
v -1.271810 0.261679 -0.387830
v -1.299430 0.063133 -0.378917
v -1.268070 0.118696 -0.306618
v -1.301180 0.402635 -0.442944
v -1.306490 0.067552 -0.560190
v -1.351140 0.124165 -0.684499
v -1.271920 -0.019043 -0.426320
v -1.168410 -0.524923 -1.568340
v -1.117700 -0.433290 -1.455640
v -1.102170 -0.345445 -1.498070
v -1.197610 -0.436466 -1.645020
v -1.086670 -0.439010 -1.356020
v -1.117060 -0.572531 -1.457330
v -1.104440 -0.311237 -1.364000
v -1.411440 -0.753154 -2.166570
v -1.377130 -0.718418 -1.979480
v -1.394920 -0.551771 -2.028680
v -1.410740 -0.622612 -2.163430
v -1.355090 -0.872618 -2.026440
v -1.375020 -0.886140 -2.179030
v -1.290800 -0.789178 -1.843810
v -1.335050 -0.902759 -1.887460
v -0.584518 0.847626 -2.546480
v -0.706273 0.764590 -2.604970
v -0.733652 0.796888 -2.414380
v -0.639557 0.893053 -2.401380
v -0.832927 0.695946 -2.563490
v -0.824139 0.718062 -2.409520
v -0.786082 0.732367 -2.773510
v -0.894945 0.703010 -2.727210
v -0.608095 0.802559 -2.754310
v -0.525501 0.855694 -2.694400
v -0.662266 0.754945 -2.857220
v -0.554813 0.810759 -2.929810
v -0.545227 0.832033 -2.842610
v -0.483995 0.884130 -2.829780
v -0.463358 0.879536 -2.950800
v -0.191366 1.063701 -3.293720
v -0.224339 1.015500 -3.267550
v -0.229498 1.001840 -3.193490
v -0.175447 1.064561 -3.189150
v -0.282935 0.971798 -3.325820
v -0.249011 1.041371 -3.397840
v -0.315839 0.940201 -3.230850
v -1.371430 -0.955768 -3.452500
v -1.294170 -1.004509 -3.532590
v -1.247720 -1.041599 -3.537400
v -1.283770 -1.035379 -3.452890
v -1.251830 -0.993826 -3.603190
v -1.206580 -1.045999 -3.622310
v -1.341330 -0.896948 -3.514060
v -0.335703 0.975915 -3.503930
v -0.451243 0.871649 -3.637350
v -0.527022 0.824170 -3.451880
v -0.397159 0.910539 -3.399040
v -0.616057 0.785717 -3.651690
v -0.650355 0.744334 -3.465040
v -0.327062 0.987315 -3.701050
v -0.263263 1.060421 -3.565650
v -0.505804 0.877183 -3.835110
v -0.363468 0.911675 -3.848360
v -0.635922 0.835828 -3.835390
v -1.275760 -0.153938 -3.702500
v -1.295650 -0.179296 -3.650490
v -1.342640 -0.157480 -3.640470
v -1.328330 -0.092346 -3.697930
v -1.281700 -0.248788 -3.641930
v -1.246020 -0.243636 -3.712410
v -1.341110 -0.250714 -3.608440
v -1.237660 -0.827831 -3.638700
v -1.277680 -0.798830 -3.576670
v -1.309380 -0.718053 -3.550480
v -1.228800 -0.721289 -3.591030
v -1.310890 -0.842071 -3.559320
v -1.346580 -0.730674 -3.495710
v -1.243160 -0.921012 -3.639040
v 1.038890 0.634709 -4.065070
v 0.938100 0.755891 -4.174030
v 0.921414 0.807223 -4.010910
v 0.996148 0.664780 -3.950890
v 0.778640 0.867510 -4.170750
v 0.809059 0.902825 -4.033310
v 0.795418 0.724013 -4.330650
v 0.702638 0.827637 -4.316280
v 1.222030 0.247061 -4.021060
v 1.191240 0.235618 -4.083980
v 1.122980 0.275413 -4.075140
v 1.138370 0.305158 -4.004820
v 1.199750 0.181370 -4.126770
v 1.263900 0.180043 -4.041940
v 1.099310 0.211510 -4.124530
v -0.802102 0.798311 -4.023010
v -0.839552 0.716587 -4.218330
v -0.954941 0.643358 -4.138240
v -0.900627 0.713439 -3.993490
v -0.667067 0.762036 -4.185670
v -0.679178 0.858081 -4.017320
v -0.931334 0.599273 -4.311340
v -1.012000 0.556620 -4.219010
v -0.772590 0.692291 -4.375480
v -0.646097 0.732047 -4.335670
v -0.862101 0.610109 -4.416470
v 0.889727 0.035679 -4.181440
v 0.828818 0.050647 -4.239440
v 0.836250 0.221611 -4.240500
v 0.904675 0.197829 -4.181740
v 0.808399 0.096063 -4.338470
v 0.799299 0.247934 -4.329180
v 0.876789 -0.097739 -4.277800
v 0.824357 -0.056838 -4.374830
v 0.941603 -0.101491 -4.209700
v -0.905808 0.278172 -4.514170
v -0.939950 0.202662 -4.526610
v -0.995820 0.173409 -4.488450
v -0.996628 0.276545 -4.467410
v -0.905502 0.158679 -4.585160
v -0.845168 0.251538 -4.593720
v -0.966559 0.086392 -4.551510
v -0.896218 -0.049701 -4.816230
v -0.977966 -0.167349 -4.775240
v -1.036760 -0.065268 -4.637850
v -0.945966 0.011448 -4.674750
v -1.053970 -0.234656 -4.629310
v -1.084410 -0.128822 -4.557500
v -1.019900 -0.320968 -4.828330
v -0.984042 -0.166171 -4.930870
v -1.042700 -0.304306 -4.937770
v -1.027290 -0.367236 -4.691800
v -0.926059 -0.053832 -4.938000
v -0.330231 -1.096601 3.134530
v -0.237120 -1.096700 3.164000
v -0.251192 -1.045511 3.192740
v -0.344401 -1.047830 3.158760
v -0.152228 -1.098330 3.171760
v -0.161817 -1.050331 3.196920
v -0.160714 -1.009010 3.186670
v -0.249969 -1.001370 3.185890
v -0.070941 -1.068280 3.180450
v -0.071161 -1.102741 3.170060
v -0.066651 -1.032241 3.164080
v -0.061991 -0.979573 3.149740
v -0.155473 -0.966358 3.165320
v 0.017946 -1.073780 3.164400
v 0.025799 -1.003971 3.137370
v 0.031874 -0.941334 3.124780
v -0.057273 -0.933550 3.140460
v 0.116394 -0.948464 3.107850
v 0.116634 -0.894258 3.108850
v 0.033139 -0.893715 3.125080
v 0.199079 -0.955326 3.088460
v 0.198677 -0.891648 3.088060
v 0.185537 -0.836850 3.092150
v 0.108413 -0.847929 3.106410
v 0.288600 -0.887556 3.085050
v 0.268033 -0.820590 3.082670
v 0.234874 -0.763007 3.108010
v 0.162338 -0.791807 3.094470
v 0.096463 -0.805799 3.117420
v 0.078805 -0.764866 3.128640
v 0.027552 -0.812182 3.128280
v 0.020439 -0.772279 3.134290
v 0.031367 -0.850979 3.125260
v -0.049597 -0.849118 3.125640
v -0.045608 -0.811436 3.123570
v -0.053795 -0.889712 3.132990
v -0.141844 -0.887084 3.121910
v -0.136367 -0.835809 3.118330
v -0.150006 -0.924979 3.143980
v -0.231946 -0.922404 3.129210
v -0.229791 -0.857641 3.126720
v -0.242923 -0.960493 3.164080
v -0.330770 -0.954873 3.144830
v -0.305933 -0.913661 3.104430
v -0.340834 -1.003700 3.155320
v -0.420614 -1.004040 3.093020
v -0.402720 -0.969584 3.076230
v -0.427025 -1.042331 3.092240
v -0.432991 -1.028240 2.958160
v -0.438687 -1.000420 2.972770
v -0.420008 -1.087320 3.073110
v -0.426133 -1.050931 2.943800
v 0.570912 -1.023780 3.071010
v 0.526734 -1.102700 3.071320
v 0.618328 -1.110371 2.993110
v 0.657807 -1.038841 3.004520
v 0.683363 -0.945570 3.012360
v 0.744511 -0.950453 2.920160
v 0.724802 -1.033350 2.910970
v 0.694559 -0.865452 3.015500
v 0.751581 -0.878657 2.929220
v 0.685259 -0.791593 3.010750
v 0.748140 -0.807538 2.935340
v 0.668736 -0.724922 3.001690
v 0.729468 -0.738294 2.922040
v 0.583797 -0.698985 3.030260
v 0.698634 -0.672125 2.904300
v 0.761010 -0.665854 2.838610
v 0.785468 -0.737080 2.836110
v 0.663834 -0.605904 2.901560
v 0.715175 -0.601716 2.833770
v 0.594748 -0.554146 2.869430
v 0.648516 -0.547359 2.814150
v 0.551361 -0.496369 2.843450
v 0.617770 -0.487444 2.786670
v 0.497542 -0.496945 2.911920
v 0.476344 -0.415795 2.901890
v 0.525915 -0.426101 2.812710
v 0.472973 -0.334596 2.899460
v 0.520307 -0.350744 2.809160
v 0.417056 -0.314243 2.973550
v 0.421262 -0.223271 2.981520
v 0.498269 -0.253349 2.923210
v 0.337893 -0.284332 3.007230
v 0.335018 -0.186319 3.014680
v 0.260543 -0.253588 3.009900
v 0.249871 -0.151410 2.993420
v 0.173191 -0.245303 2.963150
v 0.152635 -0.127663 2.943910
v 0.183838 -0.340016 3.026840
v 0.099633 -0.328201 3.020510
v 0.086236 -0.217502 2.961490
v 0.186922 -0.402214 3.101040
v 0.099161 -0.405017 3.088000
v 0.190784 -0.459557 3.138980
v 0.109679 -0.449915 3.168500
v 0.185419 -0.533126 3.134450
v 0.106923 -0.522762 3.178620
v 0.268176 -0.567380 3.081050
v 0.258521 -0.628781 3.106860
v 0.184461 -0.598652 3.152790
v 0.106780 -0.594487 3.175680
v 0.031418 -0.602337 3.183680
v 0.029751 -0.527105 3.196520
v 0.043541 -0.664279 3.169090
v -0.016092 -0.677914 3.165110
v -0.036166 -0.613936 3.181950
v 0.060530 -0.718423 3.148410
v 0.006114 -0.729274 3.149030
v -0.043308 -0.775635 3.122980
v -0.111019 -0.769762 3.097080
v -0.122350 -0.802345 3.101830
v -0.198506 -0.773880 3.083900
v -0.182655 -0.735925 3.080410
v -0.215112 -0.813766 3.103970
v -0.272038 -0.798930 3.056460
v -0.260516 -0.741434 3.036790
v -0.291584 -0.844841 3.094820
v -0.331644 -0.851188 3.013190
v -0.321228 -0.789901 2.975460
v -0.370514 -0.905036 3.056900
v -0.445507 -0.951720 2.994890
v -0.484794 -0.935860 2.865290
v -0.477186 -0.978491 2.840790
v -0.537896 -0.934855 2.718990
v -0.543478 -0.890027 2.745120
v -0.461379 -0.991834 2.822250
v -0.507523 -0.951374 2.688410
v -0.447552 -0.999031 2.807970
v -0.488032 -0.962140 2.677230
v -0.550686 -0.940194 2.549470
v -0.583500 -0.919874 2.565720
v 0.695658 -1.098640 2.890130
v 0.736797 -1.055440 2.754840
v 0.765851 -1.005760 2.780340
v 0.832502 -1.000461 2.638090
v 0.810688 -1.051731 2.619740
v 0.787423 -0.945589 2.799500
v 0.836442 -0.938464 2.655890
v 0.799943 -0.879920 2.815980
v 0.843924 -0.869204 2.679280
v 0.800986 -0.808810 2.829890
v 0.850718 -0.798317 2.704570
v 0.850837 -0.721619 2.729240
v 0.916250 -0.778977 2.571680
v 0.821023 -0.649372 2.746790
v 0.977893 -0.741213 2.439460
v 0.923704 -0.850081 2.548820
v 1.005220 -0.844082 2.431690
v 1.009620 -0.719735 2.310070
v 1.036180 -0.833919 2.304950
v 1.107650 -0.729982 2.206790
v 1.089620 -0.850674 2.182980
v 1.092720 -0.595362 2.222300
v 1.145930 -0.603733 2.113410
v 1.197450 -0.754377 2.097430
v 1.070570 -0.470112 2.242890
v 1.099800 -0.468589 2.136500
v 1.094550 -0.350390 2.281950
v 1.101540 -0.336791 2.168600
v 1.091750 -0.218749 2.305490
v 1.106210 -0.197071 2.208520
v 1.050340 -0.241304 2.402660
v 1.016890 -0.119831 2.420060
v 1.040970 -0.080931 2.327300
v 0.989771 -0.269692 2.492860
v 0.989366 -0.160498 2.512350
v 0.901214 -0.292393 2.566380
v 0.922641 -0.197876 2.589720
v 0.841646 -0.317594 2.685470
v 0.860461 -0.236538 2.696650
v 0.817761 -0.393375 2.680460
v 0.703356 -0.407411 2.712510
v 0.720327 -0.328633 2.711490
v 0.600882 -0.420942 2.747960
v 0.602764 -0.346785 2.738990
v 0.627463 -0.257583 2.759840
v 0.739227 -0.247146 2.724590
v 0.543629 -0.260624 2.829340
v 0.568920 -0.162492 2.851570
v 0.647140 -0.168188 2.784240
v 0.507757 -0.149496 2.924650
v 0.552006 -0.070980 2.964100
v 0.589940 -0.070999 2.872430
v 0.438797 -0.129934 2.989730
v 0.479055 -0.041953 3.007530
v 0.351463 -0.094629 3.019860
v 0.373786 0.011250 3.010590
v 0.248080 -0.048470 3.007260
v 0.277160 0.058340 3.015350
v 0.151837 -0.005791 2.974840
v 0.191549 0.105729 2.980990
v 0.069390 0.034657 2.948310
v 0.118898 0.154169 2.937240
v 0.066374 -0.087553 2.945100
v -0.007453 -0.052224 2.974740
v -0.000778 0.070860 2.941220
v 0.013190 -0.166317 3.037480
v -0.062500 -0.160965 3.041730
v -0.072669 -0.039980 2.983290
v 0.005197 -0.299211 3.050120
v -0.069860 -0.284369 3.065780
v 0.022603 -0.382300 3.113440
v -0.065895 -0.383543 3.105630
v 0.026481 -0.452890 3.165500
v -0.051236 -0.458118 3.164150
v -0.051013 -0.543016 3.179510
v -0.121531 -0.562478 3.152580
v -0.137480 -0.483463 3.122010
v -0.178427 -0.593138 3.108160
v -0.200578 -0.509575 3.070980
v -0.219259 -0.630126 3.071650
v -0.245100 -0.679931 3.044030
v -0.204036 -0.412746 3.041450
v -0.146770 -0.397664 3.079640
v -0.186096 -0.299884 3.025400
v -0.132557 -0.283206 3.063620
v -0.229984 -0.311254 2.974570
v -0.201263 -0.194192 2.948340
v -0.170179 -0.186308 2.977430
v -0.260305 -0.316297 2.920050
v -0.232960 -0.212124 2.904010
v -0.305441 -0.315630 2.881270
v -0.275003 -0.229343 2.858530
v -0.369434 -0.319409 2.836680
v -0.342403 -0.232737 2.817670
v -0.398748 -0.408760 2.862650
v -0.449144 -0.406146 2.819490
v -0.437980 -0.309107 2.820620
v -0.427543 -0.519392 2.852620
v -0.478241 -0.511985 2.815080
v -0.520252 -0.507161 2.782560
v -0.491853 -0.399611 2.777910
v -0.566677 -0.587210 2.778790
v -0.611655 -0.640510 2.732030
v -0.682160 -0.588918 2.730090
v -0.670214 -0.698641 2.666650
v -0.731654 -0.783117 2.596530
v -0.626241 -0.832022 2.651890
v -0.622016 -0.891886 2.608390
v -0.739433 -0.872176 2.527600
v -0.696772 -0.917943 2.475590
v -0.794354 -0.936000 2.365170
v -0.639732 -0.938132 2.436900
v -0.741624 -0.966033 2.327310
v 0.890099 -0.989556 2.492050
v 0.872542 -1.046430 2.482640
v 0.923133 -1.038470 2.350800
v 0.956360 -0.983136 2.367450
v 0.903076 -0.922900 2.515170
v 0.982721 -0.918516 2.397450
v 1.016120 -0.922524 2.276940
v 1.002250 -0.994266 2.254290
v 1.061800 -0.944038 2.153880
v 1.043310 -1.016100 2.135380
v 1.141440 -0.980210 2.044110
v 1.093750 -1.032940 2.023540
v 1.192320 -0.890751 2.071650
v 1.148480 -0.883243 1.924130
v 1.116930 -0.965293 1.900790
v 1.155770 -0.762077 1.954480
v 1.156960 -0.743647 1.806520
v 1.140760 -0.854162 1.771790
v 1.150980 -0.610433 1.978470
v 1.154190 -0.606141 1.861470
v 1.106590 -0.464137 2.029190
v 1.106240 -0.454923 1.923560
v 1.113920 -0.322547 2.073280
v 1.101030 -0.304748 1.975750
v 1.119070 -0.174963 2.116490
v 1.118040 -0.154572 2.018060
v 1.072840 -0.018022 2.137510
v 1.087200 0.003207 2.043110
v 1.060950 -0.047124 2.236320
v 1.047910 0.097640 2.281110
v 1.026690 0.132508 2.172040
v 1.040040 0.052886 2.376820
v 1.012990 0.177678 2.422840
v 1.025210 0.230470 2.324450
v 1.018650 0.001787 2.462980
v 0.994521 0.117509 2.509470
v 0.953311 -0.050980 2.531560
v 0.929426 0.052564 2.573460
v 0.908513 -0.104262 2.610560
v 0.895611 -0.017106 2.651670
v 0.868885 -0.158718 2.717220
v 0.864122 -0.079923 2.737740
v 0.761491 -0.174902 2.754960
v 0.770381 -0.099478 2.776770
v 0.673263 -0.093045 2.820240
v 0.644047 0.003257 2.921140
v 0.670944 0.116549 2.917290
v 0.574564 0.040807 2.969690
v 0.603166 0.167006 2.963380
v 0.493708 0.084743 2.996970
v 0.547451 0.200184 3.018090
v 0.412087 0.126298 3.016220
v 0.465314 0.248292 3.022080
v 0.318851 0.173459 3.030400
v 0.383474 0.294788 3.009080
v 0.239248 0.221521 3.004230
v 0.298305 0.341385 3.005750
v 0.149262 0.268826 3.007900
v 0.213027 0.385002 3.002840
v 0.079882 0.308036 2.970380
v 0.125884 0.417905 2.997920
v 0.045380 0.197665 2.926080
v -0.030955 0.222640 2.933850
v 0.008594 0.334136 2.952610
v -0.055080 0.092486 2.911400
v -0.115678 0.103673 2.915800
v -0.098759 0.235245 2.916590
v -0.124965 -0.036455 2.979460
v -0.128770 -0.173438 3.012260
v -0.066630 0.348996 2.934760
v -0.143287 0.357758 2.915910
v -0.133109 0.467906 2.977490
v -0.044721 0.457933 2.988850
v -0.218879 0.353918 2.910980
v -0.218290 0.463064 2.947650
v -0.293246 0.348565 2.906090
v -0.293806 0.456033 2.904870
v -0.373771 0.350447 2.920810
v -0.364027 0.444544 2.869610
v -0.383737 0.247274 2.894270
v -0.465885 0.259796 2.903680
v -0.447923 0.331469 2.925550
v -0.407980 0.159610 2.886370
v -0.488439 0.176203 2.882720
v -0.431511 0.086357 2.844400
v -0.512047 0.101298 2.836280
v -0.443934 0.018584 2.788310
v -0.525972 0.019871 2.798710
v -0.452715 -0.052121 2.748380
v -0.536689 -0.051339 2.752890
v -0.469461 -0.125773 2.740390
v -0.539667 -0.129745 2.713620
v -0.483930 -0.213881 2.778280
v -0.548211 -0.214652 2.752260
v -0.413250 -0.224756 2.781960
v -0.487546 -0.313691 2.765610
v -0.541631 -0.314683 2.735100
v -0.604242 -0.309461 2.723530
v -0.618003 -0.213961 2.729400
v -0.680793 -0.312693 2.712790
v -0.697240 -0.221626 2.721800
v -0.748382 -0.319763 2.659020
v -0.762728 -0.230231 2.685130
v -0.720770 -0.408995 2.641310
v -0.805298 -0.427389 2.579070
v -0.810797 -0.327694 2.577450
v -0.728674 -0.510517 2.703900
v -0.886118 -0.447555 2.497890
v -0.909557 -0.337883 2.515430
v -0.969013 -0.470601 2.433570
v -0.978657 -0.355768 2.459490
v -0.992493 -0.480612 2.338550
v -1.011540 -0.351611 2.361110
v -0.997191 -0.603606 2.318710
v -1.011480 -0.607690 2.191190
v -1.003510 -0.476117 2.228140
v -0.970651 -0.735959 2.276360
v -1.013090 -0.755652 2.132310
v -0.981170 -0.878559 2.217790
v -1.013260 -0.867013 2.092970
v -0.939737 -0.937453 2.170290
v -0.965158 -0.938456 2.056380
v -0.872911 -0.938764 2.258630
v -0.824727 -0.993687 2.224530
v -0.875432 -0.985608 2.140380
v 1.020950 -1.075010 2.126320
v 1.043060 -1.065750 2.008420
v 0.979754 -1.054320 2.240490
v 1.022150 -1.043840 1.865170
v 1.071430 -1.012010 1.881810
v 1.082360 -1.002260 1.730490
v 1.027280 -1.030560 1.711270
v 1.126390 -0.944328 1.749570
v 1.122030 -0.914131 1.609930
v 1.067440 -0.971875 1.592390
v 1.102400 -0.821396 1.632070
v 1.107160 -0.779769 1.516650
v 1.118320 -0.888601 1.476700
v 1.097610 -0.705813 1.668270
v 1.088050 -0.654778 1.561340
v 1.119200 -0.572559 1.748650
v 1.132370 -0.524401 1.633960
v 1.155500 -0.433119 1.828170
v 1.192680 -0.399679 1.730420
v 1.128070 -0.282813 1.881710
v 1.178690 -0.255809 1.791860
v 1.117870 -0.134028 1.920660
v 1.134610 -0.109155 1.829460
v 1.094980 0.020223 1.949860
v 1.121460 0.041290 1.857020
v 1.081780 0.171067 1.982840
v 1.150910 0.186888 1.901320
v 1.047180 0.156679 2.075290
v 1.035250 0.300447 2.108120
v 1.051600 0.317537 1.997680
v 1.040990 0.270358 2.225960
v 1.067910 0.398378 2.281990
v 1.099300 0.432330 2.174460
v 1.068680 0.352703 2.393040
v 1.087810 0.469108 2.460700
v 1.093560 0.522122 2.336830
v 1.014360 0.294336 2.483040
v 1.052700 0.404520 2.566450
v 0.949980 0.227340 2.557580
v 1.006200 0.332294 2.651430
v 0.938056 0.153925 2.641630
v 0.955260 0.253690 2.720650
v 0.899492 0.076950 2.706770
v 0.901919 0.167869 2.779910
v 0.872422 0.251917 2.845760
v 0.946947 0.346763 2.796840
v 0.815229 0.329352 2.892020
v 0.895787 0.431123 2.847680
v 0.732171 0.225072 2.911560
v 0.669037 0.282436 2.958700
v 0.749327 0.396621 2.935050
v 0.598970 0.330705 2.995690
v 0.665448 0.453543 2.952800
v 0.522112 0.378219 3.007620
v 0.587940 0.501345 2.956760
v 0.447164 0.420108 2.985440
v 0.509658 0.543734 2.941140
v 0.367030 0.457831 2.954460
v 0.422259 0.582696 2.918340
v 0.278124 0.490883 2.935030
v 0.328798 0.612436 2.892860
v 0.182450 0.521682 2.919660
v 0.226787 0.646697 2.889170
v 0.085115 0.549561 2.905750
v 0.123217 0.665061 2.861430
v 0.040392 0.441896 2.992740
v -0.010696 0.560371 2.885260
v 0.015575 0.683606 2.848200
v -0.109358 0.578360 2.889390
v -0.089533 0.686106 2.814330
v -0.197856 0.571998 2.851990
v -0.200439 0.703777 2.829060
v -0.288487 0.574228 2.840770
v -0.301898 0.698115 2.821040
v -0.374225 0.564219 2.828700
v -0.392017 0.667634 2.799770
v -0.457186 0.542690 2.844410
v -0.481667 0.640212 2.812610
v -0.443700 0.430013 2.887330
v -0.521739 0.418017 2.920620
v -0.532741 0.514918 2.871230
v -0.525440 0.324978 2.945190
v -0.603796 0.327471 2.957830
v -0.545464 0.265774 2.913590
v -0.623338 0.261870 2.934650
v -0.568240 0.189616 2.878780
v -0.650480 0.202740 2.876630
v -0.588576 0.097804 2.857960
v -0.668092 0.105181 2.861150
v -0.604426 0.016136 2.814250
v -0.686297 0.014313 2.831720
v -0.614057 -0.060871 2.770490
v -0.697571 -0.058317 2.770310
v -0.615605 -0.130354 2.718000
v -0.695165 -0.137103 2.727280
v -0.777508 -0.141448 2.713860
v -0.777339 -0.054699 2.759330
v -0.835560 -0.142324 2.668670
v -0.839196 -0.039477 2.711940
v -0.824947 -0.234707 2.617530
v -0.904823 -0.232677 2.549250
v -0.873885 -0.132025 2.588780
v -0.972640 -0.231392 2.483470
v -0.932105 -0.114579 2.516720
v -1.008910 -0.216721 2.392600
v -0.959258 -0.096765 2.432550
v -1.000280 -0.196626 2.294370
v -0.962748 -0.070744 2.333050
v -1.022570 -0.338194 2.259320
v -0.986671 -0.316071 2.151800
v -0.975174 -0.172755 2.193040
v -1.001190 -0.454670 2.113810
v -0.982837 -0.421140 2.000790
v -0.977808 -0.284563 2.049330
v -1.043510 -0.600628 2.060530
v -1.001610 -0.556712 1.943780
v -1.045820 -0.761824 1.990470
v -1.032640 -0.880587 1.935950
v -0.983193 -0.942577 1.910110
v -0.929200 -0.981984 1.899820
v -0.922067 -0.990042 1.759340
v -0.906385 -0.980413 2.036500
v 1.005340 -1.006150 1.567930
v 0.979346 -0.995150 1.413310
v 1.039780 -0.951369 1.445570
v 0.973208 -1.007020 1.260910
v 0.972193 -1.008960 1.119640
v 0.982676 -1.022050 0.977414
v 1.002760 -1.010300 0.827646
v 1.061540 -0.938793 0.835034
v 1.102120 -0.946923 0.690502
v 1.038990 -1.011570 0.684966
v 1.129570 -0.816282 0.837357
v 1.170290 -0.841410 0.690738
v 1.223540 -0.712427 0.823071
v 1.220680 -0.719851 0.677007
v 1.277290 -0.579591 0.790066
v 1.256420 -0.574803 0.658952
v 1.267510 -0.547027 0.916525
v 1.326470 -0.399076 0.864351
v 1.336980 -0.431653 0.755233
v 1.278530 -0.500245 1.037200
v 1.303800 -0.351705 0.970309
v 1.279120 -0.432516 1.133310
v 1.313260 -0.298350 1.071720
v 1.245050 -0.346621 1.211420
v 1.310410 -0.231760 1.154610
v 1.105030 -0.436716 1.267210
v 1.104340 -0.332669 1.343750
v 1.154830 -0.246837 1.265050
v 1.092210 -0.528939 1.371260
v 1.093470 -0.404928 1.448350
v 1.126780 -0.597026 1.473850
v 1.108650 -0.464377 1.545680
v 1.145540 -0.346219 1.628910
v 1.122860 -0.294500 1.528000
v 1.189340 -0.220314 1.699260
v 1.186260 -0.183125 1.606250
v 1.152020 -0.080638 1.740440
v 1.157580 -0.051274 1.655740
v 1.114100 0.061120 1.774160
v 1.120020 0.082935 1.693180
v 1.134560 0.202225 1.808780
v 1.125590 0.219650 1.706320
v 1.124310 0.341492 1.815460
v 1.147040 0.353986 1.722750
v 1.101330 0.330120 1.903440
v 1.141350 0.464982 1.951300
v 1.155340 0.476446 1.839340
v 1.118720 0.453862 2.058430
v 1.174260 0.583862 2.106590
v 1.200690 0.595391 1.988160
v 1.145890 0.561839 2.224080
v 1.134190 0.679217 2.258190
v 1.154260 0.705102 2.131960
v 1.111400 0.645040 2.392660
v 1.089970 0.765227 2.436180
v 1.104260 0.804523 2.291470
v 1.110350 0.583322 2.531450
v 1.064160 0.689061 2.567190
v 1.061200 0.511448 2.636230
v 1.019640 0.617096 2.675750
v 0.994518 0.432533 2.717050
v 0.962730 0.530020 2.776080
v 0.930110 0.626851 2.836990
v 0.996382 0.719062 2.734070
v 0.814485 0.510692 2.876610
v 0.752562 0.575653 2.903640
v 0.843511 0.710586 2.853650
v 0.667795 0.624135 2.897110
v 0.721473 0.769517 2.829420
v 0.567172 0.668689 2.878470
v 0.609446 0.791910 2.793880
v 0.469633 0.703032 2.862690
v 0.506796 0.804963 2.766210
v 0.370055 0.724367 2.837670
v 0.404511 0.825202 2.759000
v 0.266961 0.748854 2.814760
v 0.296491 0.853387 2.772960
v 0.159318 0.763404 2.787190
v 0.176297 0.867743 2.780390
v 0.044972 0.769684 2.760320
v 0.051410 0.870694 2.747900
v -0.075516 0.789979 2.760400
v -0.085043 0.901237 2.757920
v -0.197033 0.795894 2.758970
v -0.212883 0.891085 2.719150
v -0.316264 0.795369 2.776190
v -0.330002 0.867148 2.685280
v -0.409456 0.752171 2.748270
v -0.423574 0.818440 2.653520
v -0.500394 0.710333 2.747700
v -0.517102 0.781825 2.674690
v -0.593057 0.680612 2.767510
v -0.609664 0.746471 2.685240
v -0.557804 0.599259 2.816710
v -0.668938 0.639512 2.769910
v -0.694664 0.704640 2.692580
v -0.724300 0.596686 2.778370
v -0.782807 0.669423 2.710180
v -0.772551 0.541619 2.793050
v -0.844880 0.610504 2.719370
v -0.784683 0.467748 2.790180
v -0.847716 0.524032 2.705400
v -0.717057 0.405722 2.863450
v -0.740517 0.325667 2.857070
v -0.786197 0.382393 2.770670
v -0.657941 0.356422 2.916400
v -0.680812 0.281750 2.908210
v -0.711734 0.208207 2.883490
v -0.784914 0.248207 2.838660
v -0.743689 0.138101 2.820590
v -0.811920 0.165404 2.790110
v -0.761385 0.037579 2.799400
v -0.804705 0.065142 2.740100
v -0.815498 0.077517 2.681370
v -0.846924 0.201189 2.716900
v -0.842365 -0.030887 2.636880
v -0.897386 -0.002735 2.556130
v -0.861403 0.110913 2.591980
v -0.941788 0.026828 2.474320
v -0.930688 0.145010 2.507520
v -0.935821 0.051577 2.367650
v -0.884152 0.162398 2.401630
v -0.890749 0.066774 2.253570
v -0.885792 0.193022 2.281400
v -0.941939 -0.047560 2.226380
v -0.953071 -0.015025 2.120890
v -0.932450 0.110033 2.147990
v -0.985611 -0.143045 2.093060
v -0.998832 -0.111481 1.995730
v -0.995082 0.017085 2.026290
v -0.992604 -0.247463 1.951680
v -1.021170 -0.204613 1.859100
v -1.056080 -0.074212 1.905800
v -0.977298 -0.380066 1.895810
v -0.994622 -0.328630 1.801880
v -0.961485 -0.497148 1.839810
v -0.978029 -0.451865 1.735550
v -1.018460 -0.383940 1.650560
v -1.033100 -0.278375 1.714400
v -1.014900 -0.475832 1.570400
v -1.039370 -0.383613 1.478250
v -1.011500 -0.310663 1.559610
v -1.024260 -0.538520 1.461870
v -1.087400 -0.435957 1.386190
v -0.996760 -0.568681 1.351550
v -1.099240 -0.463016 1.285560
v -0.995337 -0.582245 1.234280
v -1.122280 -0.494756 1.192940
v -0.997332 -0.725999 1.288680
v -1.007060 -0.748106 1.168520
v -1.018040 -0.609437 1.124210
v -0.959151 -0.838384 1.323660
v -0.933785 -0.844163 1.189890
v -0.893294 -0.922487 1.349350
v -0.900447 -0.941781 1.218870
v -0.844031 -0.979603 1.369810
v -0.849514 -1.001340 1.232750
v -0.844526 -0.961634 1.498900
v -0.910073 -1.000680 1.620730
v 1.104600 -0.930561 0.552060
v 1.047850 -0.993603 0.545509
v 1.037240 -0.964286 0.405932
v 1.076510 -0.890938 0.403958
v 1.138820 -0.819836 0.552300
v 1.105880 -0.788124 0.403376
v 1.149410 -0.680118 0.536742
v 1.141650 -0.672113 0.395911
v 1.207290 -0.545719 0.524872
v 1.227820 -0.557094 0.395357
v 1.314490 -0.436029 0.509934
v 1.317440 -0.449645 0.390096
v 1.329080 -0.439382 0.638637
v 1.382900 -0.302476 0.594100
v 1.386710 -0.325726 0.484693
v 1.342570 -0.270729 0.705049
v 1.380140 -0.117613 0.637660
v 1.428670 -0.163174 0.535839
v 1.320930 -0.238183 0.815493
v 1.342260 -0.074490 0.739837
v 1.305320 -0.193328 0.910080
v 1.314470 -0.030331 0.838926
v 1.307590 -0.143012 0.998652
v 1.298240 0.015668 0.922200
v 1.331360 -0.091551 1.092580
v 1.285990 0.059380 1.014840
v 1.324420 -0.037420 1.174830
v 1.315540 0.102868 1.106440
v 1.287580 -0.158943 1.227310
v 1.203160 -0.088291 1.287830
v 1.294240 0.012537 1.233530
v 1.151980 -0.163013 1.346890
v 1.152010 -0.080919 1.436680
v 1.106610 -0.229151 1.426310
v 1.191100 -0.135440 1.520870
v 1.187340 -0.015536 1.581730
v 1.169640 0.023285 1.501730
v 1.170540 0.111776 1.620520
v 1.175830 0.140419 1.532510
v 1.162510 0.240860 1.623140
v 1.138150 0.258305 1.543530
v 1.151980 0.366574 1.639040
v 1.132150 0.378588 1.538870
v 1.198970 0.497687 1.632360
v 1.153340 0.501790 1.521170
v 1.193350 0.487267 1.739180
v 1.230720 0.620110 1.742370
v 1.213090 0.627965 1.624720
v 1.199580 0.603499 1.862230
v 1.218930 0.724061 1.878750
v 1.216930 0.739876 1.743540
v 1.192820 0.716362 2.007340
v 1.151970 0.839105 2.015440
v 1.184340 0.852907 1.874300
v 1.112560 0.819191 2.148160
v 1.030520 0.913403 2.153750
v 1.041150 0.932156 2.010600
v 1.018090 0.891165 2.299880
v 0.898792 0.928646 2.283390
v 0.916415 0.944906 2.141680
v 0.995760 0.845338 2.444480
v 0.873316 0.897219 2.427790
v 0.991595 0.779936 2.596160
v 0.878717 0.870505 2.586580
v 0.879192 0.813828 2.730040
v 0.756687 0.881859 2.713620
v 0.763207 0.930770 2.561620
v 0.649411 0.915345 2.689440
v 0.657706 0.952766 2.541410
v 0.544707 0.919705 2.672470
v 0.553292 0.957760 2.539110
v 0.435747 0.913130 2.672570
v 0.440677 0.974064 2.561890
v 0.318512 0.920974 2.694480
v 0.323529 0.987591 2.609430
v 0.186978 0.942168 2.727210
v 0.184165 0.990453 2.646930
v 0.046874 0.965030 2.731120
v 0.040473 1.008299 2.662420
v -0.097632 0.985830 2.724200
v -0.100475 1.006500 2.644420
v -0.230381 0.964014 2.676370
v -0.233327 0.996084 2.602520
v -0.351852 0.949805 2.639390
v -0.349054 0.989078 2.557010
v -0.443511 0.899310 2.592700
v -0.447773 0.947159 2.514370
v -0.521126 0.840112 2.578530
v -0.521964 0.887877 2.492910
v -0.617439 0.808734 2.607620
v -0.614390 0.830898 2.495270
v -0.709535 0.757168 2.602690
v -0.754755 0.812973 2.518810
v -0.844026 0.747787 2.650390
v -0.854706 0.796629 2.560920
v -0.905158 0.674103 2.651310
v -0.924867 0.712463 2.545040
v -0.918894 0.572798 2.614030
v -0.907190 0.598706 2.497860
v -0.922307 0.479094 2.581840
v -0.893158 0.499279 2.463990
v -0.841789 0.431969 2.680200
v -0.845289 0.336496 2.657090
v -0.899707 0.376519 2.558150
v -0.802875 0.297566 2.739900
v -0.892640 0.242151 2.622350
v -0.920091 0.267788 2.534530
v -0.872352 0.286134 2.423600
v -0.900100 0.409729 2.442530
v -0.907918 0.329933 2.301770
v -0.904778 0.446974 2.321100
v -0.925522 0.381722 2.189570
v -0.926689 0.501624 2.209270
v -0.928302 0.239951 2.171100
v -0.905403 0.276713 2.059230
v -0.954558 0.433905 2.080360
v -0.936838 0.142785 2.044340
v -0.944869 0.178193 1.937090
v -0.973531 0.324279 1.956780
v -0.979370 0.046198 1.920680
v -0.993830 0.075740 1.820270
v -1.011360 0.209066 1.841120
v -1.029350 -0.043716 1.803590
v -1.045150 -0.016877 1.707390
v -1.053980 0.097261 1.729890
v -1.050060 -0.160886 1.769220
v -1.017010 -0.128247 1.672310
v -1.028970 -0.231459 1.625920
v -1.113100 -0.003206 1.622970
v -1.170320 -0.007581 1.534930
v -1.120300 0.104227 1.634970
v -1.217310 -0.024378 1.446320
v -1.313210 -0.056461 1.389140
v -1.298840 -0.140732 1.381720
v -1.372640 -0.187160 1.314880
v -1.393220 -0.091036 1.310960
v -1.243960 -0.220771 1.381730
v -1.304100 -0.270748 1.319260
v -1.137450 -0.301982 1.409800
v -1.199390 -0.348804 1.329930
v -1.236880 -0.389480 1.250080
v -1.345820 -0.312762 1.235440
v -1.255700 -0.419665 1.163260
v -1.388140 -0.342014 1.133990
v -1.261980 -0.435587 1.059850
v -1.391120 -0.356242 1.028830
v -1.143280 -0.523777 1.093950
v -1.177370 -0.560558 0.997291
v -1.296310 -0.474314 0.963424
v -1.056210 -0.638788 1.017810
v -1.044710 -0.636382 0.905548
v -1.165910 -0.560534 0.887259
v -1.037670 -0.768807 1.054940
v -1.035200 -0.769423 0.936377
v -0.946657 -0.855694 1.070060
v -0.966919 -0.862406 0.950543
v -0.885162 -0.939948 1.088730
v -0.924373 -0.962879 0.967918
v -0.844096 -0.999706 1.103510
v -0.867374 -1.017190 0.974517
v 1.125090 -0.917022 0.269336
v 1.070450 -0.972187 0.265294
v 1.115540 -1.007640 0.142643
v 1.170390 -0.949826 0.148235
v 1.174790 -0.822001 0.268851
v 1.217610 -0.845350 0.149591
v 1.219530 -0.695908 0.267243
v 1.298210 -0.723508 0.156439
v 1.266000 -0.560417 0.267721
v 1.337740 -0.587109 0.151747
v 1.339370 -0.454968 0.265187
v 1.370010 -0.465042 0.138811
v 1.381660 -0.340364 0.241154
v 1.393260 -0.343150 0.111960
v 1.368220 -0.331039 0.364650
v 1.405120 -0.212565 0.317423
v 1.415800 -0.225993 0.188178
v 1.422350 -0.197012 0.433030
v 1.420590 -0.065187 0.369603
v 1.406810 -0.091641 0.251996
v 1.429880 -0.022772 0.468166
v 1.464000 0.099366 0.377430
v 1.410310 0.063830 0.296343
v 1.430530 0.026010 0.555494
v 1.453270 0.158856 0.456872
v 1.421210 0.281099 0.363609
v 1.443810 0.367323 0.256172
v 1.427470 0.469571 0.296925
v 1.451060 0.548776 0.178293
v 1.489140 0.438578 0.154937
v 1.374160 0.580691 0.314368
v 1.403210 0.653283 0.193216
v 1.370440 0.715600 0.331356
v 1.375160 0.760782 0.200320
v 1.291710 0.801152 0.325713
v 1.287470 0.827393 0.186048
v 1.311250 0.784939 0.452241
v 1.257930 0.894738 0.443950
v 1.222590 0.884917 0.310686
v 1.313250 0.757259 0.581141
v 1.286020 0.892496 0.573182
v 1.334800 0.742234 0.720414
v 1.296350 0.884536 0.715568
v 1.321340 0.723172 0.844189
v 1.270240 0.862019 0.830534
v 1.284390 0.544008 0.839666
v 1.300580 0.372321 0.867239
v 1.265810 0.536418 0.956471
v 1.280880 0.700937 0.961928
v 1.287620 0.384740 0.979107
v 1.291680 0.238678 1.031180
v 1.297690 0.207300 0.926763
v 1.259210 0.395042 1.091770
v 1.225330 0.526365 1.069780
v 1.281920 0.264055 1.134230
v 1.309770 0.138766 1.185720
v 1.235050 0.276511 1.228420
v 1.211490 0.393257 1.194810
v 1.163870 0.277386 1.328160
v 1.161990 0.387686 1.297890
v 1.132680 0.271663 1.434750
v 1.135940 0.385841 1.414400
v 1.109190 0.495166 1.398630
v 1.129730 0.498926 1.279810
v 1.099280 0.608796 1.386780
v 1.105400 0.612283 1.265750
v 1.133960 0.611776 1.510020
v 1.118360 0.730738 1.495840
v 1.065440 0.712456 1.379640
v 1.207830 0.752766 1.615280
v 1.152940 0.875697 1.603450
v 1.057410 0.833693 1.489870
v 1.195700 0.862155 1.737650
v 1.075050 0.955451 1.729120
v 1.015180 0.915786 1.611240
v 1.061110 0.942286 1.867280
v 0.924291 0.957411 1.864890
v 0.919852 0.968217 1.730800
v 0.925584 0.961740 2.002370
v 0.795533 0.956538 2.002350
v 0.792568 0.961334 1.870930
v 0.790934 0.937726 2.132360
v 0.670855 0.988796 2.135370
v 0.673304 1.003110 2.010540
v 0.778727 0.930981 2.266540
v 0.665537 0.964945 2.264330
v 0.769089 0.946017 2.409300
v 0.662035 0.958500 2.398600
v 0.549135 0.963883 2.413010
v 0.541870 0.989819 2.284550
v 0.428643 0.994034 2.445470
v 0.418378 1.007820 2.323460
v 0.305126 1.010710 2.496140
v 0.286263 0.994828 2.363070
v 0.167964 1.004220 2.533030
v 0.150047 0.969774 2.387190
v 0.031546 0.991911 2.541110
v 0.023946 0.950099 2.391340
v -0.101762 0.980065 2.521840
v -0.101169 0.960909 2.375090
v -0.229033 0.999652 2.482490
v -0.225908 0.988174 2.343420
v -0.341758 0.988199 2.437300
v -0.341525 0.985489 2.307880
v -0.448997 0.962415 2.403060
v -0.458194 0.988712 2.284150
v -0.532193 0.913684 2.387300
v -0.572167 0.965071 2.279170
v -0.634696 0.871602 2.386300
v -0.680143 0.944549 2.292320
v -0.781104 0.865073 2.425290
v -0.803805 0.920313 2.329420
v -0.850291 0.828487 2.452070
v -0.880304 0.875429 2.341590
v -0.891127 0.735219 2.429750
v -0.900412 0.780204 2.319140
v -0.912377 0.638359 2.386310
v -0.912128 0.694922 2.280150
v -0.905907 0.542777 2.346960
v -0.921468 0.605029 2.240290
v -0.921597 0.647409 2.128390
v -0.875299 0.715945 2.162140
v -0.946076 0.550239 2.099530
v -1.027780 0.607078 1.989680
v -0.990902 0.699213 2.008550
v -1.009890 0.476769 1.974980
v -1.064760 0.498547 1.867320
v -1.053840 0.627837 1.873760
v -1.020200 0.347688 1.857750
v -1.052560 0.348156 1.750950
v -1.061150 0.487917 1.746750
v -1.064370 0.218111 1.747290
v -1.104030 0.214893 1.640190
v -1.080770 0.334070 1.638150
v -1.025480 0.449516 1.614950
v -1.040380 0.419583 1.496350
v -1.096790 0.422807 1.371640
v -1.079110 0.565953 1.489860
v -1.112380 0.558138 1.374080
v -1.008190 0.573164 1.601800
v -1.006680 0.678797 1.596950
v -1.027860 0.662767 1.476640
v -1.033600 0.615414 1.748580
v -1.040600 0.712754 1.748760
v -0.990483 0.772397 1.748970
v -0.938097 0.740449 1.597450
v -1.039950 0.733622 1.888770
v -0.998286 0.796550 1.897580
v -0.955206 0.857099 1.900380
v -0.931869 0.820004 1.750880
v -0.933493 0.776362 2.031700
v -0.937358 0.868476 2.042400
v -0.889869 0.938360 2.030090
v -0.905119 0.923704 1.894080
v -0.909871 0.817206 2.194460
v -0.884398 0.891749 2.196020
v -0.787514 0.953295 2.182640
v -0.826626 0.994063 2.030840
v -0.825781 0.952437 1.890070
v -0.712934 1.003370 2.031720
v -0.717138 0.963940 1.897180
v -0.700702 0.993606 2.173560
v -0.588770 1.019830 2.164140
v -0.604531 1.041050 2.033220
v -0.601507 1.002240 1.902990
v -0.480868 1.047970 2.039980
v -0.480492 1.023230 1.911140
v -0.472244 1.031790 2.167370
v -0.347841 1.006370 2.175350
v -0.355726 1.052710 2.049200
v -0.359719 1.064840 1.918770
v -0.227417 1.024700 2.056700
v -0.224550 1.088650 1.929740
v -0.219337 0.979386 2.196210
v -0.097270 0.956583 2.216310
v -0.100384 0.982627 2.062250
v -0.099706 1.029230 1.924770
v 0.026872 0.954748 2.071620
v 0.027750 0.996711 1.931210
v 0.019748 0.925511 2.223980
v 0.145709 0.938350 2.227260
v 0.152171 0.963113 2.077880
v 0.156925 0.978863 1.939580
v 0.280168 0.952930 2.067430
v 0.284260 0.965470 1.929130
v 0.274982 0.972857 2.213020
v 0.407595 1.019860 2.189060
v 0.407227 1.004610 2.052560
v 0.411305 0.980985 1.915510
v 0.539733 0.997227 2.027170
v 0.539987 0.977887 1.897720
v 0.537514 0.997890 2.154340
v 0.408368 1.012630 1.781430
v 0.531250 0.985975 1.768250
v 0.282696 1.011360 1.793290
v 0.291848 1.030640 1.657530
v 0.408395 1.046990 1.648830
v 0.162841 0.983791 1.800870
v 0.178682 0.984313 1.661710
v 0.033495 0.996657 1.794190
v 0.038534 0.977440 1.657680
v -0.101562 1.046180 1.790440
v -0.098786 1.044590 1.662060
v -0.226875 1.100900 1.796340
v -0.221942 1.090480 1.668050
v -0.350542 1.057220 1.791790
v -0.338896 1.017560 1.665150
v -0.465968 0.993059 1.785700
v -0.450241 0.956127 1.657370
v -0.582689 0.958010 1.773270
v -0.562505 0.923224 1.639140
v -0.694989 0.922467 1.763790
v -0.677316 0.911658 1.622900
v -0.793935 0.891028 1.758170
v -0.781122 0.895405 1.618010
v -0.874536 0.859643 1.757820
v -0.857483 0.863358 1.609510
v -0.889719 0.800383 1.600090
v -0.909403 0.814982 1.478680
v -0.869639 0.879846 1.489310
v -0.957152 0.736667 1.473430
v -0.992759 0.739889 1.364430
v -0.935167 0.812578 1.365790
v -1.063240 0.658604 1.373060
v -1.099090 0.667538 1.262160
v -1.040060 0.760549 1.254410
v -1.200660 0.583673 1.271330
v -1.213400 0.590560 1.152280
v -1.108450 0.672975 1.142660
v -1.218300 0.457685 1.280980
v -1.256710 0.481405 1.156290
v -1.253590 0.361052 1.149590
v -1.224250 0.371562 1.023150
v -1.191830 0.485038 1.022470
v -1.269890 0.252323 1.140430
v -1.264550 0.266344 1.018560
v -1.297080 0.156648 1.119790
v -1.307010 0.162837 0.998421
v -1.333440 0.056982 1.093580
v -1.384940 0.054019 0.977049
v -1.413000 -0.031692 1.086770
v -1.420010 -0.044133 0.968342
v -1.466390 -0.142227 1.084310
v -1.457200 -0.149918 0.974639
v -1.426700 -0.119224 1.197930
v -1.411810 -0.219263 1.211110
v -1.456980 -0.245088 1.103390
v -1.459010 -0.260730 0.994484
v -1.444020 -0.270502 0.886239
v -1.460890 -0.161416 0.857511
v -1.402330 -0.381807 0.926967
v -1.401170 -0.398704 0.825160
v -1.402150 -0.273643 0.781024
v -1.294430 -0.486743 0.863523
v -1.280880 -0.490741 0.758357
v -1.349030 -0.388475 0.725183
v -1.156920 -0.559447 0.775096
v -1.199450 -0.598182 0.680132
v -1.311000 -0.515959 0.660801
v -1.053160 -0.645438 0.791650
v -1.111510 -0.680273 0.688550
v -1.009350 -0.754159 0.813432
v -1.074350 -0.783364 0.703871
v -0.970782 -0.859558 0.827569
v -0.990990 -0.861618 0.708705
v -0.924211 -0.954832 0.841182
v -0.955250 -0.967143 0.722622
v -0.896783 -1.031400 0.854156
v -0.938662 -1.043160 0.737989
v 1.264530 -0.999685 0.049311
v 1.200940 -1.096870 0.048613
v 1.245910 -1.127440 -0.078551
v 1.307570 -1.014850 -0.082962
v 1.241870 -0.856704 0.035599
v 1.230440 -0.853841 -0.099627
v 1.287060 -0.717109 0.031203
v 1.241060 -0.704859 -0.107506
v 1.319890 -0.583421 0.024349
v 1.291850 -0.572746 -0.113928
v 1.362750 -0.460105 0.010552
v 1.364080 -0.454139 -0.120818
v 1.415860 -0.343966 -0.009440
v 1.438590 -0.344155 -0.136444
v 1.504480 -0.235756 -0.042209
v 1.502230 -0.230230 -0.164277
v 1.415240 -0.226587 0.073547
v 1.435170 -0.107727 0.038020
v 1.565590 -0.120735 -0.075744
v 1.376590 -0.097262 0.140179
v 1.427560 0.015335 0.085918
v 1.467020 0.011078 0.006297
v 1.417790 0.029326 0.183787
v 1.483350 0.121816 0.046864
v 1.518530 0.120875 -0.028906
v 1.528080 0.225655 0.023336
v 1.502210 0.241455 -0.050793
v 1.504430 0.359359 0.037085
v 1.474950 0.384151 -0.051798
v 1.497490 0.490797 0.056123
v 1.500180 0.516147 -0.051983
v 1.469480 0.602802 0.062144
v 1.510070 0.645189 -0.054933
v 1.410890 0.695343 0.060361
v 1.414590 0.709411 -0.072773
v 1.393210 0.797256 0.060615
v 1.386150 0.809664 -0.076302
v 1.300000 0.846606 0.046906
v 1.308860 0.883975 -0.090413
v 1.208830 0.902264 0.025159
v 1.220760 0.954135 -0.108601
v 1.210980 0.899006 0.168497
v 1.120270 0.952215 0.163922
v 1.129780 0.977013 0.024535
v 1.134680 0.955271 0.303461
v 1.052370 1.016270 0.296726
v 1.021750 0.985429 0.163430
v 1.182130 0.987672 0.437156
v 1.072260 1.016960 0.431163
v 1.196580 0.979833 0.567559
v 1.075040 1.006080 0.561757
v 1.196770 0.974442 0.701543
v 1.069550 1.017550 0.683495
v 1.199180 0.968084 0.829581
v 1.065240 1.016710 0.806576
v 1.152210 0.936966 0.935636
v 1.059340 1.018970 0.927183
v 1.215790 0.822813 0.938863
v 1.169050 0.787867 1.046550
v 1.098870 0.879972 1.035960
v 1.218070 0.664346 1.058650
v 1.148770 0.627514 1.156820
v 1.098490 0.743284 1.146790
v 1.194640 0.514914 1.173970
v 1.056090 0.716744 1.257130
v 0.963321 0.781210 1.255590
v 1.014980 0.819684 1.139820
v 0.988821 0.793562 1.376560
v 0.939170 0.899627 1.373050
v 0.936178 0.879122 1.259450
v 0.968267 0.894077 1.493350
v 0.869445 0.952524 1.491390
v 0.864148 0.974874 1.365200
v 0.889886 0.948162 1.610520
v 0.771003 0.985274 1.611400
v 0.755639 0.992866 1.491890
v 0.776188 0.944277 1.745290
v 0.650546 0.944989 1.758530
v 0.633792 0.956642 1.628220
v 0.663948 0.971177 1.885590
v 0.516569 0.993226 1.639730
v 0.505597 1.002950 1.508740
v 0.620408 0.974178 1.502050
v 0.405821 1.062490 1.515070
v 0.396047 1.048620 1.380250
v 0.500515 1.009480 1.376310
v 0.296043 1.040700 1.519260
v 0.289518 1.049380 1.381100
v 0.180003 0.971466 1.517400
v 0.165646 0.977791 1.374650
v 0.039043 0.957616 1.519390
v 0.023301 0.951579 1.379800
v -0.100888 1.006070 1.531540
v -0.107077 0.988057 1.402970
v -0.222591 1.022560 1.537120
v -0.216821 0.970120 1.411730
v -0.333823 0.961331 1.536930
v -0.323615 0.911843 1.410160
v -0.443481 0.933849 1.525860
v -0.437612 0.927764 1.390200
v -0.556658 0.928215 1.504610
v -0.551499 0.913639 1.378230
v -0.671288 0.916864 1.493030
v -0.673309 0.913231 1.372240
v -0.774027 0.900328 1.492730
v -0.776487 0.890510 1.371630
v -0.883636 0.863058 1.374810
v -0.899785 0.866194 1.248860
v -0.793203 0.888150 1.244050
v -0.965454 0.815758 1.250440
v -1.008270 0.853004 1.140530
v -0.931505 0.898271 1.136230
v -1.070150 0.779210 1.141790
v -1.056500 0.784123 1.016520
v -1.050810 0.901132 1.032330
v -1.063830 0.665230 1.007810
v -1.094080 0.703398 0.887344
v -1.060780 0.796338 0.896222
v -1.141970 0.583371 1.018840
v -1.116770 0.595267 0.885712
v -1.130290 0.484641 0.884124
v -1.139280 0.506096 0.761200
v -1.112930 0.618240 0.761055
v -1.183610 0.384265 0.893457
v -1.204550 0.415022 0.770085
v -1.206600 0.280094 0.894594
v -1.177830 0.296592 0.756224
v -1.240460 0.160949 0.881632
v -1.197920 0.187808 0.746265
v -1.322540 0.059146 0.863557
v -1.267640 0.082282 0.737703
v -1.415420 -0.055033 0.847914
v -1.357920 -0.034616 0.739245
v -1.443560 -0.163528 0.753352
v -1.393840 -0.155994 0.649458
v -1.317910 -0.022769 0.629807
v -1.417860 -0.289823 0.677024
v -1.426550 -0.281245 0.582819
v -1.370780 -0.152480 0.543722
v -1.406370 -0.422343 0.625545
v -1.365220 -0.403903 0.518243
v -1.405130 -0.282824 0.483329
v -1.322260 -0.528175 0.552344
v -1.278870 -0.504093 0.440290
v -1.330130 -0.392238 0.412157
v -1.222100 -0.611112 0.572659
v -1.216620 -0.600412 0.461414
v -1.134970 -0.693995 0.587693
v -1.141160 -0.690141 0.478719
v -1.101020 -0.796811 0.599441
v -1.064290 -0.777525 0.493803
v -1.063660 -0.897145 0.608421
v -1.060970 -0.890635 0.502923
v -1.024000 -0.988779 0.621675
v -1.034510 -0.973714 0.511422
v -0.976999 -1.036200 0.626117
v -0.992505 -1.010300 0.513554
v 1.279250 -1.004890 -0.225972
v 1.235980 -1.113610 -0.215555
v 1.226460 -1.101850 -0.332950
v 1.254300 -0.979422 -0.348114
v 1.199820 -0.839835 -0.250592
v 1.256060 -0.839181 -0.369955
v 1.213190 -0.699313 -0.262653
v 1.291880 -0.708000 -0.379946
v 1.275090 -0.567756 -0.265971
v 1.367730 -0.582815 -0.377347
v 1.356270 -0.448439 -0.260601
v 1.430540 -0.460440 -0.385337
v 1.458600 -0.341849 -0.274108
v 1.476840 -0.339069 -0.403695
v 1.470930 -0.217255 -0.291072
v 1.496390 -0.208809 -0.426688
v 1.502290 -0.088919 -0.319230
v 1.500670 -0.076288 -0.449918
v 1.566650 -0.111649 -0.200134
v 1.580720 0.017088 -0.227973
v 1.557270 0.041231 -0.348193
v 1.572230 0.001821 -0.104580
v 1.466140 0.072885 -0.468729
v 1.435900 0.099416 -0.607689
v 1.486420 -0.059484 -0.582827
v 1.410830 0.257408 -0.609965
v 1.390960 0.281191 -0.738180
v 1.400040 0.127039 -0.729440
v 1.502380 0.391700 -0.596014
v 1.479770 0.408953 -0.732363
v 1.493630 0.516721 -0.592817
v 1.484880 0.524214 -0.731076
v 1.447840 0.626108 -0.590276
v 1.435950 0.631329 -0.731903
v 1.498800 0.643286 -0.451290
v 1.472450 0.767360 -0.451255
v 1.401110 0.739062 -0.591108
v 1.508910 0.646824 -0.314545
v 1.478840 0.760690 -0.319580
v 1.505030 0.645366 -0.183539
v 1.448250 0.738487 -0.195101
v 1.373110 0.815865 -0.205022
v 1.396470 0.841863 -0.329058
v 1.339940 0.924272 -0.210064
v 1.347640 0.942206 -0.331333
v 1.239750 0.997919 -0.227937
v 1.221840 0.981496 -0.347819
v 1.126240 1.055700 -0.241301
v 1.102590 1.034950 -0.365636
v 1.129380 1.016610 -0.114383
v 1.003190 1.037080 -0.110551
v 1.000390 1.067440 -0.244260
v 1.011470 1.009210 0.030028
v 0.888957 1.020380 0.032810
v 0.872903 1.034440 -0.105527
v 0.903017 0.993915 0.163989
v 0.765086 0.979153 0.161734
v 0.748100 1.007460 0.031818
v 0.927122 1.013530 0.291042
v 0.784395 0.978125 0.285886
v 0.940291 1.009520 0.419237
v 0.800080 1.005960 0.409112
v 0.946131 1.008420 0.545405
v 0.806341 1.008040 0.527754
v 0.943644 0.996135 0.668378
v 0.806606 0.974574 0.645791
v 0.937160 1.011570 0.788478
v 0.801592 0.962762 0.763808
v 0.926659 1.023690 0.906032
v 0.787009 0.983897 0.880779
v 0.898329 0.964843 1.020580
v 0.764587 0.962342 0.999250
v 1.017390 0.951129 1.033700
v 0.967882 0.892208 1.144660
v 0.865029 0.901313 1.133850
v 0.859760 0.937881 1.251000
v 0.744190 0.972968 1.243670
v 0.742422 0.928295 1.119370
v 0.745189 1.003590 1.369660
v 0.618141 0.997440 1.373530
v 0.619784 1.000450 1.241630
v 0.505076 1.026610 1.240930
v 0.514586 1.051420 1.110730
v 0.627699 0.996032 1.113050
v 0.390015 1.035790 1.241460
v 0.393777 1.059360 1.109580
v 0.283362 1.049350 1.244200
v 0.276468 1.068690 1.116310
v 0.160432 1.027140 1.246290
v 0.151168 1.099650 1.135100
v 0.021882 0.994745 1.254170
v 0.030807 1.075230 1.142510
v -0.101918 1.003030 1.270270
v -0.077557 1.051240 1.139490
v -0.200574 0.980175 1.275220
v -0.174133 1.021080 1.130070
v -0.303865 0.918318 1.269850
v -0.287782 0.960526 1.124880
v -0.427530 0.924227 1.254310
v -0.419478 0.942911 1.119140
v -0.548526 0.906023 1.248820
v -0.550470 0.928913 1.116360
v -0.672691 0.892166 1.246650
v -0.680697 0.911444 1.121520
v -0.815326 0.915408 1.127130
v -0.833045 0.952137 1.018260
v -0.700572 0.950405 1.002750
v -0.960676 0.947760 1.028990
v -0.962443 0.913805 0.911130
v -0.856646 0.918242 0.896335
v -1.032060 0.873497 0.909071
v -1.040840 0.884737 0.774555
v -0.969304 0.919462 0.775024
v -1.086280 0.821124 0.770912
v -1.153780 0.863056 0.655154
v -1.071680 0.925869 0.655413
v -1.109740 0.728864 0.766402
v -1.175550 0.764105 0.650757
v -1.173420 0.648942 0.641025
v -1.204710 0.664191 0.512720
v -1.205260 0.783611 0.522577
v -1.176770 0.539945 0.635485
v -1.224010 0.550677 0.513971
v -1.165040 0.427675 0.631617
v -1.210150 0.442352 0.501973
v -1.187110 0.323638 0.631138
v -1.224650 0.339765 0.499503
v -1.207570 0.217567 0.623460
v -1.247550 0.235188 0.504919
v -1.272520 0.105608 0.620952
v -1.271450 0.118642 0.512635
v -1.304790 -0.016280 0.521869
v -1.311600 -0.021117 0.415026
v -1.304130 0.113505 0.399296
v -1.363610 -0.155945 0.443407
v -1.360840 -0.168002 0.344833
v -1.338030 -0.038218 0.312265
v -1.378200 -0.291101 0.380171
v -1.343150 -0.304601 0.283290
v -1.330400 -0.180806 0.252238
v -1.318330 -0.408817 0.304668
v -1.271050 -0.422972 0.202531
v -1.287190 -0.310409 0.193446
v -1.222940 -0.481436 0.330480
v -1.217030 -0.511005 0.219122
v -1.148670 -0.575780 0.354841
v -1.171720 -0.599979 0.243622
v -1.101720 -0.677499 0.375336
v -1.066030 -0.688262 0.272757
v -1.040900 -0.770852 0.390021
v -1.022350 -0.760346 0.283477
v -1.026950 -0.881860 0.397506
v -0.991198 -0.864289 0.290615
v -1.006770 -0.965897 0.402915
v -0.964244 -0.963235 0.294069
v -1.000380 -1.024850 0.400807
v -0.988077 -1.046650 0.287185
v 1.292920 -0.986128 -0.456473
v 1.241700 -1.105230 -0.445091
v 1.266130 -1.123060 -0.559298
v 1.337190 -1.004860 -0.567620
v 1.362890 -0.858298 -0.470842
v 1.381800 -0.868341 -0.592346
v 1.419650 -0.732936 -0.489618
v 1.417250 -0.733521 -0.607495
v 1.485040 -0.597143 -0.493647
v 1.444180 -0.589780 -0.619322
v 1.524280 -0.459845 -0.513582
v 1.468780 -0.446121 -0.637687
v 1.528200 -0.325522 -0.541148
v 1.487090 -0.310948 -0.661729
v 1.487580 -0.191901 -0.556815
v 1.457370 -0.176854 -0.683096
v 1.419190 -0.030929 -0.709563
v 1.373340 -0.002215 -0.827618
v 1.389400 -0.152678 -0.797512
v 1.373820 0.151060 -0.845641
v 1.415770 0.157017 -0.956579
v 1.356920 0.018873 -0.942224
v 1.400360 0.296310 -0.860981
v 1.436260 0.297215 -0.979297
v 1.496710 0.411347 -0.860948
v 1.494120 0.416610 -0.991676
v 1.466220 0.524960 -0.868671
v 1.463160 0.532284 -1.008870
v 1.444600 0.644688 -0.879139
v 1.433600 0.644902 -1.025410
v 1.423080 0.766401 -0.894787
v 1.423880 0.771973 -1.051270
v 1.412230 0.752548 -0.739130
v 1.338520 0.854306 -0.740778
v 1.340460 0.858439 -0.902401
v 1.365330 0.856887 -0.592617
v 1.316880 0.955007 -0.602584
v 1.308580 0.963874 -0.752493
v 1.411820 0.865626 -0.455380
v 1.323010 0.937697 -0.464403
v 1.209510 0.985405 -0.480537
v 1.232000 1.022380 -0.615548
v 1.111790 1.032120 -0.495772
v 1.149970 1.083950 -0.624305
v 1.007730 1.062670 -0.502433
v 1.054390 1.132050 -0.632420
v 0.990358 1.031440 -0.372991
v 0.868975 1.005750 -0.374776
v 0.891068 1.052590 -0.510904
v 0.863132 1.005400 -0.240397
v 0.739211 0.982786 -0.239721
v 0.751252 1.009730 -0.377759
v 0.738651 1.018650 -0.104647
v 0.612733 1.031470 -0.103020
v 0.624220 0.995141 -0.237468
v 0.606827 1.007860 0.028910
v 0.462105 0.996175 0.022501
v 0.470565 0.975329 -0.106406
v 0.613784 0.975139 0.156628
v 0.463138 0.988343 0.151084
v 0.626985 0.952850 0.280377
v 0.472473 0.964585 0.273705
v 0.643043 0.959024 0.399107
v 0.476931 0.956013 0.392282
v 0.656510 0.953575 0.514088
v 0.487259 0.980420 0.507619
v 0.659540 0.929033 0.627599
v 0.489497 0.957260 0.618944
v 0.653368 0.929742 0.747167
v 0.495334 0.949674 0.741447
v 0.648016 0.962973 0.867456
v 0.501668 0.970876 0.865408
v 0.637221 0.980487 0.988117
v 0.512803 1.018410 0.984851
v 0.383289 1.052900 0.987636
v 0.369951 1.025050 0.866184
v 0.264042 1.083780 0.994804
v 0.250741 1.087830 0.873116
v 0.155140 1.126360 1.006690
v 0.151331 1.145610 0.878755
v 0.047879 1.127360 1.011640
v 0.046858 1.176000 0.881308
v -0.057049 1.106630 1.004850
v -0.063206 1.174300 0.877311
v -0.166869 1.071250 0.993816
v -0.176697 1.128540 0.868505
v -0.289673 1.018070 0.987389
v -0.297282 1.055240 0.860047
v -0.424831 0.982686 0.986300
v -0.430034 0.986032 0.854790
v -0.567711 0.972547 0.986002
v -0.579803 0.948323 0.862301
v -0.721390 0.913751 0.876080
v -0.737492 0.901629 0.748977
v -0.591788 0.926884 0.737361
v -0.875026 0.920820 0.764390
v -0.877170 0.974223 0.640409
v -0.749483 0.966404 0.625503
v -0.987753 0.962203 0.653476
v -1.006900 0.972874 0.540224
v -0.894494 1.004490 0.528370
v -1.096200 0.944451 0.540506
v -1.127170 0.984236 0.416587
v -1.033310 1.022450 0.418288
v -1.162940 0.882666 0.528126
v -1.176420 0.907904 0.401383
v -1.193420 0.787950 0.386592
v -1.185740 0.780786 0.262566
v -1.182020 0.906826 0.280972
v -1.187100 0.658357 0.374797
v -1.203890 0.661173 0.247996
v -1.246800 0.547237 0.378408
v -1.242060 0.543222 0.238480
v -1.317760 0.446321 0.384310
v -1.307750 0.431476 0.241512
v -1.323320 0.342562 0.378826
v -1.340310 0.325146 0.245466
v -1.300270 0.232171 0.381263
v -1.352180 0.215378 0.268063
v -1.332970 0.092761 0.289384
v -1.322200 0.068595 0.184478
v -1.343770 0.189816 0.149860
v -1.329450 -0.056445 0.219682
v -1.296530 -0.076518 0.126519
v -1.319960 0.054340 0.096462
v -1.299950 -0.197897 0.163723
v -1.282800 -0.213028 0.087648
v -1.276460 -0.089483 0.051608
v -1.256170 -0.323072 0.108923
v -1.226270 -0.335845 0.027899
v -1.253240 -0.224546 0.013592
v -1.214870 -0.428769 0.113329
v -1.171200 -0.437491 0.029239
v -1.177440 -0.531788 0.122785
v -1.111370 -0.532134 0.029226
v -1.143880 -0.622642 0.139184
v -1.069120 -0.626419 0.035086
v -1.070640 -0.701735 0.160619
v -1.061120 -0.715019 0.040565
v -1.001910 -0.776611 0.171872
v -0.997331 -0.790337 0.045321
v -0.979101 -0.864617 0.175094
v -0.952706 -0.870150 0.050541
v -0.962159 -0.960563 0.175306
v -0.924697 -0.933667 0.053080
v -0.968472 -1.041890 0.167462
v -0.970699 -1.044190 0.045170
v -0.985655 -1.037770 -0.082338
v -0.942933 -0.943062 -0.073393
v 1.347870 -1.016160 -0.683649
v 1.289680 -1.133010 -0.677584
v 1.312210 -1.137990 -0.797367
v 1.346260 -1.023380 -0.802786
v 1.333490 -0.859924 -0.713282
v 1.261160 -0.854484 -0.823068
v 1.313230 -0.715458 -0.734681
v 1.231930 -0.714444 -0.837503
v 1.293140 -0.574686 -0.747402
v 1.230830 -0.572660 -0.848687
v 1.361040 -0.434427 -0.747161
v 1.337450 -0.433474 -0.847080
v 1.403590 -0.296933 -0.767060
v 1.395690 -0.293645 -0.872922
v 1.386510 -0.138866 -0.909061
v 1.399690 -0.138956 -1.007760
v 1.400260 -0.295939 -0.971981
v 1.365690 0.021268 -1.048760
v 1.396560 0.001225 -1.151880
v 1.410420 -0.147490 -1.112430
v 1.410790 0.155320 -1.070950
v 1.450540 0.137914 -1.182330
v 1.445430 0.288582 -1.100160
v 1.438310 0.274066 -1.223070
v 1.472030 0.409749 -1.122800
v 1.467900 0.398624 -1.255680
v 1.481010 0.534577 -1.150370
v 1.504710 0.531321 -1.293050
v 1.479140 0.658314 -1.177230
v 1.491420 0.656902 -1.324920
v 1.452240 0.777841 -1.207310
v 1.486990 0.790592 -1.359810
v 1.390660 0.876816 -1.228290
v 1.421010 0.885655 -1.380250
v 1.352520 0.869114 -1.066090
v 1.333710 0.979147 -1.084290
v 1.350880 0.982530 -1.246390
v 1.303000 0.960576 -0.915407
v 1.235610 1.024910 -0.924828
v 1.255060 1.048480 -1.092290
v 1.239200 1.030530 -0.764501
v 1.172560 1.098420 -0.773347
v 1.171950 1.102370 -0.936206
v 1.081990 1.151820 -0.781086
v 1.078380 1.156250 -0.940416
v 0.948564 1.136070 -0.789471
v 0.944554 1.145020 -0.937832
v 0.924348 1.114500 -0.645044
v 0.811553 1.091860 -0.647289
v 0.835295 1.110520 -0.789853
v 0.778524 1.032700 -0.516964
v 0.666039 1.006350 -0.519643
v 0.693005 1.064660 -0.649711
v 0.637753 1.009290 -0.377663
v 0.513089 0.986160 -0.376215
v 0.539856 0.993076 -0.516868
v 0.494260 0.972883 -0.236606
v 0.367587 0.999445 -0.243527
v 0.387786 1.008500 -0.379315
v 0.338055 0.984465 -0.113134
v 0.220570 1.036620 -0.117426
v 0.243962 1.034280 -0.246516
v 0.327647 1.018770 0.016350
v 0.211752 1.066790 0.011383
v 0.336471 1.066030 0.144976
v 0.222730 1.113120 0.136649
v 0.335165 1.041020 0.266972
v 0.229312 1.121210 0.260183
v 0.349758 1.044250 0.387030
v 0.248698 1.112140 0.379239
v 0.365211 1.062410 0.508099
v 0.256906 1.089230 0.498582
v 0.369679 1.072790 0.626863
v 0.256048 1.085450 0.622166
v 0.370806 1.050700 0.746568
v 0.250366 1.092340 0.749348
v 0.150027 1.148730 0.750992
v 0.157058 1.124330 0.618564
v 0.050404 1.166000 0.745498
v 0.057710 1.147490 0.615461
v -0.061019 1.151680 0.738214
v -0.058631 1.126550 0.608267
v -0.168997 1.089500 0.731537
v -0.174437 1.084850 0.606354
v -0.291622 1.021130 0.727640
v -0.296882 1.023900 0.605766
v -0.434202 0.966061 0.730255
v -0.442897 0.978845 0.607680
v -0.605613 0.980487 0.618687
v -0.620442 1.033290 0.502996
v -0.462277 1.029170 0.491455
v -0.766327 1.019620 0.512999
v -0.783592 1.049790 0.399958
v -0.633326 1.037900 0.385367
v -0.918218 1.039200 0.411054
v -0.930936 1.060530 0.288470
v -0.795888 1.067150 0.279259
v -1.050240 1.054840 0.296108
v -1.055340 1.037280 0.173581
v -0.932497 1.040530 0.167720
v -1.144440 1.009020 0.294638
v -1.151940 0.992395 0.169845
v -1.197390 0.898932 0.159195
v -1.168950 0.874081 0.051602
v -1.118400 0.950412 0.058815
v -1.223600 0.779683 0.149976
v -1.223100 0.763232 0.042235
v -1.259720 0.668593 0.136863
v -1.269620 0.656090 0.030209
v -1.286820 0.545064 0.128619
v -1.280280 0.542530 0.016612
v -1.279920 0.417039 0.108795
v -1.273660 0.421012 0.002099
v -1.317950 0.302031 0.113800
v -1.266540 0.299774 0.004792
v -1.293690 0.180350 0.045424
v -1.242600 0.176744 -0.063500
v -1.275280 0.307125 -0.102357
v -1.266000 0.049195 0.011873
v -1.250300 0.035259 -0.070388
v -1.255970 0.168930 -0.150131
v -1.259630 -0.099577 -0.015601
v -1.237550 -0.115887 -0.081601
v -1.238240 0.012320 -0.147891
v -1.253510 -0.240296 -0.057334
v -1.269830 -0.252032 -0.124436
v -1.255020 -0.133040 -0.142080
v -1.242190 -0.353118 -0.054873
v -1.257850 -0.360632 -0.136245
v -1.190830 -0.454921 -0.064367
v -1.221410 -0.462087 -0.159483
v -1.114960 -0.545054 -0.075230
v -1.156940 -0.557214 -0.177179
v -1.060190 -0.639532 -0.077899
v -1.105480 -0.655233 -0.189736
v -1.032070 -0.733183 -0.079507
v -1.041420 -0.745823 -0.199355
v -1.018610 -0.813421 -0.083350
v -0.996448 -0.833241 -0.205249
v -0.995662 -0.892840 -0.078750
v -0.978335 -0.906846 -0.212597
v -0.963080 -0.967478 -0.222259
v -1.037540 -0.980220 -0.397424
v -1.066330 -0.917230 -0.385850
v -0.981100 -1.013410 -0.227737
v -1.025750 -1.001340 -0.383948
v -1.131980 -1.038110 -0.477323
v -1.143990 -1.002180 -0.481797
v 1.351250 -1.011760 -0.919470
v 1.319580 -1.124020 -0.914522
v 1.317330 -1.100330 -1.027490
v 1.345160 -0.991293 -1.032020
v 1.276880 -0.855274 -0.936071
v 1.324690 -0.851253 -1.044530
v 1.310290 -0.714456 -0.933273
v 1.343390 -0.711710 -1.046240
v 1.330730 -0.581933 -0.940302
v 1.378940 -0.581005 -1.045220
v 1.385220 -0.443318 -0.945331
v 1.414950 -0.440241 -1.049680
v 1.396110 -0.296674 -1.083320
v 1.428580 -0.298765 -1.188060
v 1.426250 -0.436286 -1.161980
v 1.425560 -0.159214 -1.221280
v 1.438780 -0.171221 -1.334580
v 1.435000 -0.304214 -1.300420
v 1.452130 -0.020683 -1.253650
v 1.475830 -0.041182 -1.366030
v 1.473680 0.116239 -1.296080
v 1.486160 0.090146 -1.417680
v 1.509800 0.248017 -1.344100
v 1.533250 0.222934 -1.469690
v 1.474270 0.378370 -1.388000
v 1.483040 0.360092 -1.514990
v 1.503360 0.506055 -1.428510
v 1.523050 0.497600 -1.559600
v 1.497580 0.646085 -1.465580
v 1.519110 0.634025 -1.598150
v 1.465890 0.766966 -1.498320
v 1.469030 0.751334 -1.632180
v 1.413530 0.876021 -1.521440
v 1.414210 0.866598 -1.658340
v 1.324740 0.964455 -1.534600
v 1.332060 0.964113 -1.674740
v 1.359570 0.987813 -1.396530
v 1.242430 1.033580 -1.397030
v 1.256410 1.053180 -1.545700
v 1.245580 1.031860 -1.246990
v 1.132920 1.093500 -1.244970
v 1.108350 1.070400 -1.389440
v 1.162570 1.117640 -1.096430
v 1.048730 1.145660 -1.092550
v 1.010880 1.124370 -1.235180
v 0.919814 1.140840 -1.081980
v 0.890457 1.162180 -1.223960
v 0.798446 1.158230 -1.067470
v 0.775796 1.179530 -1.206960
v 0.828438 1.116240 -0.933345
v 0.698657 1.127960 -0.923574
v 0.675534 1.148130 -1.052250
v 0.705743 1.111970 -0.785238
v 0.573352 1.074990 -0.780323
v 0.567739 1.093660 -0.912919
v 0.563371 1.047600 -0.646888
v 0.422486 1.021610 -0.646900
v 0.434977 1.028070 -0.775932
v 0.405740 1.013410 -0.515992
v 0.280267 1.060500 -0.509941
v 0.287547 1.047340 -0.636633
v 0.261898 1.041180 -0.380123
v 0.138335 1.099760 -0.379067
v 0.147110 1.103240 -0.505198
v 0.127503 1.105220 -0.253945
v 0.012928 1.176220 -0.260705
v 0.014205 1.147240 -0.382322
v 0.124188 1.104690 -0.128826
v 0.021372 1.181290 -0.138274
v 0.114718 1.136860 -0.001058
v 0.018276 1.203270 -0.010789
v 0.111192 1.148020 0.127573
v 0.013789 1.221150 0.122652
v 0.121348 1.153500 0.254238
v 0.021883 1.212910 0.253818
v 0.139644 1.132720 0.374880
v 0.040359 1.174610 0.373871
v 0.158250 1.117070 0.492748
v 0.050793 1.156980 0.494330
v -0.070075 1.151160 0.489026
v -0.075615 1.165460 0.365289
v -0.189797 1.115890 0.488508
v -0.184843 1.112920 0.360960
v -0.313108 1.062100 0.487327
v -0.318602 1.071190 0.362817
v -0.472479 1.032790 0.367925
v -0.488045 1.033730 0.248304
v -0.330524 1.066610 0.237233
v -0.646321 1.055110 0.265469
v -0.651605 1.015400 0.143128
v -0.494544 0.996511 0.122838
v -0.798397 1.027900 0.156935
v -0.797277 1.001520 0.038183
v -0.655699 0.992568 0.025659
v -0.925937 1.006740 0.049994
v -0.916388 0.967259 -0.065200
v -0.791272 1.010810 -0.070775
v -1.033120 0.988323 0.059764
v -1.009970 0.929281 -0.061580
v -1.064490 0.869864 -0.060869
v -1.062500 0.865686 -0.199061
v -0.992180 0.898372 -0.189824
v -1.122040 0.816578 -0.074370
v -1.132600 0.801565 -0.201840
v -1.179960 0.731193 -0.087160
v -1.203070 0.727391 -0.207029
v -1.257570 0.644568 -0.088421
v -1.264610 0.646968 -0.208416
v -1.318360 0.553131 -0.095615
v -1.297840 0.548515 -0.213785
v -1.308650 0.433648 -0.110037
v -1.310190 0.437844 -0.214515
v -1.301150 0.306849 -0.202173
v -1.274080 0.295954 -0.288942
v -1.289090 0.428316 -0.322239
v -1.247260 0.151444 -0.228006
v -1.255540 -0.012445 -0.213755
v -1.284180 0.538997 -0.331349
v -1.319600 0.528302 -0.458371
v -1.326380 0.529943 -0.567360
v -1.292950 0.636460 -0.456432
v -1.320030 0.638357 -0.566054
v -1.261930 0.634373 -0.330739
v -1.208570 0.725731 -0.328794
v -1.228010 0.705743 -0.448168
v -1.264230 0.689619 -0.564542
v -1.163260 0.824240 -0.454185
v -1.172380 0.786040 -0.572065
v -1.154120 0.816906 -0.323547
v -1.091620 0.902103 -0.318426
v -1.102130 0.910234 -0.448550
v -1.097390 0.877433 -0.572799
v -1.020250 0.953322 -0.434363
v -1.031670 0.953071 -0.570714
v -1.015190 0.957370 -0.310409
v -0.909246 0.962141 -0.303725
v -0.920356 1.008140 -0.438663
v -0.899735 0.923654 -0.178071
v -0.791669 1.011820 -0.194346
v -0.792682 0.999378 -0.313455
v -0.803126 1.019100 -0.441619
v -0.661616 1.030790 -0.316798
v -0.664776 0.952741 -0.427287
v -0.659187 1.046930 -0.200192
v -0.518466 1.045430 -0.213954
v -0.518490 1.012730 -0.316525
v -0.659675 1.051450 -0.086332
v -0.513718 1.026600 -0.107933
v -0.362631 1.046520 -0.118373
v -0.369978 1.029470 -0.222768
v -0.502757 0.996439 0.004124
v -0.351040 1.033750 -0.007720
v -0.225147 1.118610 -0.000467
v -0.240858 1.129060 -0.121604
v -0.338619 1.043680 0.111288
v -0.212184 1.129310 0.118877
v -0.096007 1.206660 0.123385
v -0.100718 1.175770 -0.003012
v -0.194501 1.127580 0.238809
v -0.091247 1.205650 0.249019
v -0.107998 1.157170 -0.127208
v -0.114410 1.149110 -0.247939
v -0.245208 1.113280 -0.237806
v -0.246586 1.096780 -0.351540
v -0.120834 1.138800 -0.368074
v -0.377560 1.033440 -0.332906
v -0.387674 1.024410 -0.451396
v -0.255893 1.092280 -0.469150
v -0.526321 0.966089 -0.435186
v -0.543738 0.964849 -0.565323
v -0.403858 1.026650 -0.579555
v -0.678576 0.942702 -0.556156
v -0.694472 0.947821 -0.690507
v -0.561989 0.970245 -0.697102
v -0.805751 0.969369 -0.555873
v -0.814882 0.896371 -0.681282
v -0.933725 0.993093 -0.571177
v -0.939679 0.926464 -0.697094
v -1.032550 0.895863 -0.694644
v -1.028460 0.832943 -0.810806
v -0.922290 0.846101 -0.809693
v -1.121040 0.867151 -0.702553
v -1.110860 0.840403 -0.825581
v -1.205000 0.791379 -0.695995
v -1.184070 0.750303 -0.821661
v -1.281610 0.702358 -0.692492
v -1.295390 0.681325 -0.819908
v -1.344990 0.623192 -0.693736
v -1.352590 0.627014 -0.821816
v -1.385120 0.521598 -0.695347
v -1.394390 0.523236 -0.823797
v -1.348490 0.407326 -0.784707
v -1.369230 0.388336 -0.945855
v -1.363540 0.489029 -0.957775
v -1.371260 0.281089 -0.779278
v -1.377040 0.276398 -0.929985
v -1.367420 0.150382 -0.796220
v -1.360070 0.159282 -0.929258
v -1.338400 0.017589 -0.830662
v -1.331670 0.035895 -0.948414
v -1.311030 -0.003886 -0.718781
v -1.290740 -0.133415 -0.760464
v -1.269210 -0.107092 -0.856809
v -1.300870 -0.053382 -0.603541
v -1.286370 -0.172726 -0.645476
v -1.270950 -0.117865 -0.477908
v -1.265130 -0.218618 -0.524142
v -1.273060 -0.275059 -0.406628
v -1.197090 -0.360451 -0.437371
v -1.233270 -0.319742 -0.555931
v -1.284920 -0.326837 -0.308268
v -1.229540 -0.418282 -0.341194
v -1.277730 -0.353320 -0.222409
v -1.240940 -0.450839 -0.253125
v -1.199020 -0.549985 -0.276882
v -1.192480 -0.517855 -0.371243
v -1.164900 -0.652665 -0.297034
v -1.180740 -0.628832 -0.396993
v -1.117760 -0.750336 -0.317646
v -1.174850 -0.739114 -0.417967
v -1.086570 -0.841447 -0.338691
v -1.164140 -0.844195 -0.444502
v -1.153950 -0.937739 -0.476877
v -1.177370 -0.915721 -0.589411
v -1.189000 -0.819830 -0.548837
v -1.157980 -0.967549 -0.609803
v -1.181010 -0.964194 -0.739068
v -1.182730 -0.893049 -0.705041
v -1.131460 -1.000400 -0.606353
v -1.150410 -0.994020 -0.744644
v 1.380650 -0.990143 -1.138890
v 1.325470 -1.092490 -1.141740
v 1.344890 -1.094840 -1.256660
v 1.433070 -0.996832 -1.247300
v 1.405780 -0.853783 -1.141760
v 1.472160 -0.857520 -1.244880
v 1.400460 -0.712125 -1.148010
v 1.491560 -0.719309 -1.247560
v 1.417450 -0.577085 -1.149830
v 1.487630 -0.581129 -1.253170
v 1.457120 -0.440841 -1.273150
v 1.460580 -0.445518 -1.395370
v 1.490660 -0.581534 -1.375460
v 1.467410 -0.317090 -1.421930
v 1.506610 -0.330493 -1.544330
v 1.490850 -0.457235 -1.520010
v 1.460530 -0.188875 -1.460220
v 1.525770 -0.204845 -1.577300
v 1.496400 -0.056238 -1.488740
v 1.548030 -0.074209 -1.613510
v 1.519940 0.073221 -1.537480
v 1.572240 0.056475 -1.663910
v 1.561280 0.207265 -1.590460
v 1.581610 0.189466 -1.717080
v 1.536440 0.346832 -1.639530
v 1.563910 0.321272 -1.766740
v 1.527890 0.476040 -1.686860
v 1.535460 0.451115 -1.815110
v 1.504960 0.605193 -1.727550
v 1.486850 0.572416 -1.856290
v 1.478190 0.741485 -1.766860
v 1.455940 0.701868 -1.894390
v 1.396180 0.842810 -1.789820
v 1.370160 0.809413 -1.916900
v 1.312710 0.941408 -1.807580
v 1.270990 0.901390 -1.933220
v 1.213490 1.010040 -1.814690
v 1.152260 0.970859 -1.938830
v 1.247630 1.036230 -1.682130
v 1.140800 1.085080 -1.683710
v 1.088560 1.055750 -1.814560
v 1.119840 1.066600 -1.536690
v 1.000310 1.119750 -1.534640
v 0.985693 1.106290 -1.676100
v 1.007770 1.140280 -1.385160
v 0.883850 1.157050 -1.370060
v 0.870281 1.121920 -1.516870
v 0.758192 1.148280 -1.347960
v 0.741200 1.111530 -1.488000
v 0.640875 1.165300 -1.315130
v 0.627408 1.122920 -1.457240
v 0.654824 1.168720 -1.180630
v 0.530223 1.095020 -1.156100
v 0.510747 1.126760 -1.281620
v 0.556514 1.067520 -1.036870
v 0.423396 1.022780 -1.018690
v 0.399541 1.002570 -1.135840
v 0.435485 1.060000 -0.900444
v 0.294960 1.049050 -0.887799
v 0.282493 1.044430 -1.005050
v 0.293518 1.032330 -0.763928
v 0.153654 1.061990 -0.748596
v 0.153763 1.050230 -0.870092
v 0.150409 1.085460 -0.627267
v 0.016633 1.138150 -0.625454
v 0.020031 1.096260 -0.738202
v 0.013529 1.162590 -0.507488
v -0.123461 1.135930 -0.488285
v -0.123325 1.110280 -0.604876
v -0.266774 1.100780 -0.594195
v -0.275584 1.066790 -0.714216
v -0.125448 1.073110 -0.721578
v -0.415968 1.005380 -0.700936
v -0.427679 0.998905 -0.824641
v -0.283128 1.017630 -0.830345
v -0.578823 0.992449 -0.831419
v -0.591329 1.017530 -0.954032
v -0.445112 1.000500 -0.948340
v -0.712016 0.991410 -0.829672
v -0.720272 1.032580 -0.958439
v -0.818969 0.912871 -0.817185
v -0.812937 0.974033 -0.949980
v -0.916049 0.902267 -0.944837
v -0.926808 0.968815 -1.094300
v -0.807621 1.007320 -1.085800
v -1.015190 0.914084 -0.960778
v -1.037290 0.930661 -1.100380
v -1.064330 0.817738 -0.950608
v -1.044020 0.856918 -1.086600
v -1.136040 0.721534 -0.944553
v -1.157500 0.749380 -1.089220
v -1.257260 0.668732 -0.955072
v -1.259520 0.684306 -1.092000
v -1.316230 0.608971 -0.956964
v -1.318390 0.612098 -1.091360
v -1.335060 0.494010 -1.082700
v -1.298000 0.480813 -1.200450
v -1.242680 0.590763 -1.201240
v -1.375980 0.376090 -1.079220
v -1.354100 0.371059 -1.193610
v -1.395360 0.262854 -1.066780
v -1.318750 0.261472 -1.176660
v -1.382400 0.150515 -1.069190
v -1.328780 0.148395 -1.183850
v -1.317680 0.046898 -1.069490
v -1.279210 0.056254 -1.184450
v -1.250020 -0.066153 -1.069090
v -1.282780 -0.060562 -1.195740
v -1.256290 -0.083728 -0.960093
v -1.214240 -0.214016 -0.984705
v -1.203810 -0.194844 -1.081690
v -1.212120 -0.233812 -0.882009
v -1.134850 -0.356872 -0.887149
v -1.107910 -0.336497 -0.982403
v -1.183930 -0.245890 -0.766816
v -1.137030 -0.367641 -0.775370
v -1.201940 -0.277824 -0.657893
v -1.170520 -0.391276 -0.676533
v -1.176140 -0.423311 -0.571969
v -1.149540 -0.540765 -0.589810
v -1.148720 -0.510176 -0.690594
v -1.145390 -0.462387 -0.463935
v -1.145470 -0.582970 -0.491434
v -1.181410 -0.706201 -0.520140
v -1.163200 -0.665482 -0.614578
v -1.186700 -0.787962 -0.653926
v -1.161770 -0.763809 -0.754884
v -1.136730 -0.635628 -0.709455
v -1.206300 -0.884244 -0.815762
v -1.171160 -0.873969 -0.919982
v -1.123390 -0.743787 -0.853022
v -1.194990 -0.967700 -0.851426
v -1.140970 -0.969249 -0.969861
v -1.144140 -0.993766 -0.864939
v -1.107210 -1.002430 -0.991035
v 1.463980 -1.007320 -1.359550
v 1.369520 -1.102310 -1.369640
v 1.387140 -1.106640 -1.484420
v 1.491110 -1.021310 -1.469640
v 1.509380 -0.864056 -1.361360
v 1.513050 -0.869910 -1.480780
v 1.544330 -0.727114 -1.365240
v 1.527440 -0.729730 -1.488680
v 1.484560 -0.585288 -1.502640
v 1.477780 -0.595597 -1.629480
v 1.494560 -0.732521 -1.612680
v 1.521100 -0.472998 -1.648460
v 1.508480 -0.490746 -1.783700
v 1.498840 -0.617930 -1.756630
v 1.535900 -0.348145 -1.674870
v 1.568220 -0.373945 -1.810320
v 1.564670 -0.223196 -1.708340
v 1.547320 -0.239998 -1.846680
v 1.562950 -0.092244 -1.749860
v 1.597740 -0.117157 -1.884810
v 1.604330 0.033076 -1.795590
v 1.590660 0.003289 -1.922080
v 1.601340 0.162408 -1.844480
v 1.606980 0.134380 -1.972800
v 1.561280 0.288224 -1.891560
v 1.533360 0.252655 -2.014340
v 1.521110 0.415454 -1.939170
v 1.518490 0.389275 -2.064290
v 1.478410 0.542697 -1.980620
v 1.477210 0.524285 -2.103320
v 1.421590 0.660872 -2.015340
v 1.419490 0.652945 -2.139540
v 1.329310 0.759463 -2.036280
v 1.332120 0.756070 -2.159180
v 1.215190 0.845137 -2.047410
v 1.200580 0.836182 -2.168960
v 1.100640 0.920845 -2.051080
v 1.076630 0.899238 -2.169560
v 0.996081 0.999433 -2.053930
v 0.962466 0.954658 -2.164230
v 1.035520 1.033460 -1.939160
v 0.905524 1.058500 -1.926240
v 0.870665 1.032790 -2.043150
v 0.939180 1.078830 -1.803580
v 0.804606 1.076030 -1.781560
v 0.770380 1.069640 -1.907520
v 0.835342 1.076950 -1.650100
v 0.711091 1.075890 -1.618710
v 0.675955 1.099660 -1.753930
v 0.602762 1.061800 -1.585660
v 0.554109 1.085800 -1.717390
v 0.483898 1.045060 -1.550300
v 0.434068 1.041830 -1.675950
v 0.505779 1.111310 -1.425300
v 0.364195 1.075610 -1.389860
v 0.347927 1.024550 -1.510290
v 0.373559 1.046910 -1.255180
v 0.240735 0.987949 -1.232150
v 0.225314 0.979403 -1.352870
v 0.263408 1.023490 -1.119290
v 0.120217 1.040240 -1.097240
v 0.102531 0.985778 -1.207190
v 0.137985 1.056770 -0.986680
v -0.002361 1.054570 -0.969082
v -0.020986 1.040280 -1.079780
v 0.015549 1.052290 -0.852219
v -0.130048 1.028000 -0.838750
v -0.144389 1.008590 -0.957638
v -0.297389 1.009920 -0.952063
v -0.318815 1.014920 -1.071840
v -0.168328 1.009550 -1.071390
v -0.462532 1.018630 -1.070910
v -0.481603 1.006090 -1.191810
v -0.334960 1.017010 -1.189030
v -0.603554 1.045030 -1.076440
v -0.620983 1.047660 -1.199750
v -0.726145 1.065610 -1.079490
v -0.743916 1.094750 -1.210470
v -0.848048 1.067840 -1.225890
v -0.856811 1.098950 -1.363060
v -0.760424 1.120360 -1.344200
v -0.946400 1.035610 -1.238130
v -0.932613 1.036380 -1.374500
v -1.063410 0.982225 -1.247670
v -1.014800 0.955359 -1.370940
v -1.063580 0.862334 -1.224490
v -1.067600 0.834008 -1.357120
v -1.135650 0.757213 -1.216010
v -1.132730 0.726889 -1.347930
v -1.217530 0.679330 -1.213500
v -1.241780 0.638945 -1.359370
v -1.236020 0.547933 -1.336900
v -1.273550 0.496472 -1.473770
v -1.284120 0.612357 -1.504330
v -1.254440 0.441579 -1.314780
v -1.346880 0.382739 -1.473760
v -1.349280 0.343521 -1.317950
v -1.392040 0.302860 -1.466370
v -1.315330 0.240821 -1.310390
v -1.401810 0.206367 -1.469780
v -1.297130 0.138117 -1.311440
v -1.394130 0.106249 -1.473670
v -1.252900 0.057925 -1.315250
v -1.318100 0.024832 -1.461600
v -1.183060 -0.043147 -1.286000
v -1.210330 -0.070645 -1.421010
v -1.155650 -0.171703 -1.267780
v -1.136780 -0.186006 -1.387370
v -1.197230 -0.179442 -1.180890
v -1.134370 -0.312126 -1.176860
v -1.083710 -0.298136 -1.250950
v -1.143040 -0.324736 -1.091490
v -1.104690 -0.463320 -1.101950
v -1.111790 -0.456920 -1.195470
v -1.088610 -0.473302 -0.996782
v -1.067550 -0.600489 -1.025970
v -1.090850 -0.601681 -1.140370
v -1.108290 -0.484602 -0.893292
v -1.065600 -0.602706 -0.907670
v -1.147300 -0.495584 -0.792390
v -1.103870 -0.613768 -0.801964
v -1.094160 -0.732733 -0.960802
v -1.089040 -0.734867 -1.079080
v -1.132310 -0.865364 -1.030190
v -1.140150 -0.869257 -1.152230
v -1.119300 -0.967799 -1.092850
v -1.143400 -0.933688 -1.216150
v -1.118470 -1.003000 -1.119310
v -1.147720 -0.947071 -1.249150
v 1.478840 -1.011790 -1.590970
v 1.401190 -1.109400 -1.600800
v 1.405170 -1.102330 -1.720820
v 1.456180 -0.985626 -1.721880
v 1.474660 -0.865854 -1.602300
v 1.516010 -0.888881 -1.712140
v 1.516120 -0.752040 -1.733340
v 1.522830 -0.774234 -1.861810
v 1.544490 -0.913682 -1.836320
v 1.518320 -0.642254 -1.890150
v 1.531430 -0.672293 -2.021040
v 1.507610 -0.794524 -1.995920
v 1.501960 -0.515808 -1.917640
v 1.516140 -0.551779 -2.049530
v 1.564960 -0.401115 -1.943130
v 1.543510 -0.427837 -2.076790
v 1.541720 -0.264641 -1.980400
v 1.537130 -0.297745 -2.110410
v 1.583430 -0.146373 -2.014610
v 1.561730 -0.180217 -2.140660
v 1.557600 -0.030654 -2.045800
v 1.569150 -0.057102 -2.175810
v 1.565850 0.100313 -2.092980
v 1.565400 0.074179 -2.218260
v 1.518900 0.227022 -2.138010
v 1.522990 0.206259 -2.259290
v 1.489360 0.365935 -2.183480
v 1.485070 0.351808 -2.299380
v 1.447710 0.503762 -2.220580
v 1.470590 0.504473 -2.340110
v 1.416970 0.642413 -2.259500
v 1.394650 0.632017 -2.374630
v 1.303040 0.725780 -2.270230
v 1.274720 0.711246 -2.380980
v 1.177950 0.816472 -2.280420
v 1.136250 0.786628 -2.377940
v 1.044620 0.872603 -2.276110
v 1.016740 0.854792 -2.375900
v 0.923779 0.913555 -2.273660
v 0.892934 0.879599 -2.379990
v 0.801601 0.931982 -2.260940
v 0.777286 0.906867 -2.373570
v 0.834072 0.967005 -2.149390
v 0.706764 1.004520 -2.139630
v 0.684118 0.975706 -2.252140
v 0.734276 1.050050 -2.024450
v 0.610144 1.099960 -2.010020
v 0.584678 1.047130 -2.127110
v 0.639024 1.115450 -1.885230
v 0.508346 1.113750 -1.848840
v 0.473816 1.087570 -1.975110
v 0.380193 1.066570 -1.804920
v 0.343974 1.069570 -1.931720
v 0.258253 1.034300 -1.765790
v 0.220359 1.084630 -1.898380
v 0.306432 1.000600 -1.635690
v 0.171245 0.992049 -1.604070
v 0.135568 1.002560 -1.746090
v 0.205539 0.981120 -1.475560
v 0.065660 0.975517 -1.441810
v 0.033946 0.968773 -1.580020
v 0.083655 0.973110 -1.324420
v -0.054422 0.994515 -1.302100
v -0.076395 0.984450 -1.423060
v -0.034675 0.998164 -1.189770
v -0.185049 1.016400 -1.187680
v -0.199474 1.013430 -1.302420
v -0.348765 0.985740 -1.299030
v -0.367741 0.993475 -1.424960
v -0.219033 1.011640 -1.428310
v -0.496757 1.008690 -1.310350
v -0.510676 1.018280 -1.436920
v -0.633364 1.063350 -1.325250
v -0.642743 1.093840 -1.462990
v -0.759194 1.112610 -1.485620
v -0.760873 1.044610 -1.612100
v -0.651824 1.086330 -1.599860
v -0.853798 1.066540 -1.501370
v -0.848254 0.986557 -1.624050
v -0.932526 0.993768 -1.505350
v -0.936271 0.913717 -1.615670
v -1.013260 0.904880 -1.497170
v -1.014560 0.829257 -1.627790
v -1.078150 0.786056 -1.493490
v -1.111920 0.733205 -1.631470
v -1.179280 0.692202 -1.497950
v -1.226010 0.650590 -1.644990
v -1.269480 0.550664 -1.633850
v -1.237500 0.462914 -1.759670
v -1.218430 0.586626 -1.777150
v -1.312370 0.417268 -1.621710
v -1.310650 0.364244 -1.770760
v -1.388740 0.346670 -1.629900
v -1.364660 0.264149 -1.769310
v -1.400400 0.246451 -1.607370
v -1.420250 0.185682 -1.780810
v -1.433120 0.151974 -1.615340
v -1.460350 0.104517 -1.793740
v -1.422860 0.063250 -1.614130
v -1.446200 0.000328 -1.788280
v -1.378910 -0.030374 -1.605870
v -1.373170 -0.102417 -1.754800
v -1.263160 -0.126133 -1.577270
v -1.305540 -0.212021 -1.750350
v -1.181760 -0.239171 -1.551980
v -1.193630 -0.324321 -1.729620
v -1.320700 -0.435828 -1.865580
v -1.308760 -0.311873 -1.916220
v -1.278060 -0.564741 -1.826710
v -1.226590 -0.657123 -1.729840
v -1.213070 -0.712061 -1.582750
v -1.280020 -0.847274 -1.673690
v -1.176520 -0.739207 -1.451590
v -1.264920 -0.867322 -1.520710
v -1.085670 -0.590165 -1.341060
v -1.058630 -0.441565 -1.263400
v -1.115970 -0.603910 -1.250880
v -1.153270 -0.752997 -1.330470
v -1.100360 -0.748595 -1.204570
v -1.177020 -0.875107 -1.280230
v -1.248260 -0.875378 -1.400370
v -1.208670 -0.924255 -1.352640
v -1.255460 -0.943764 -1.469760
v -1.212610 -0.940015 -1.384650
v -1.232500 -0.959755 -1.499530
v 1.499840 -1.018220 -1.835200
v 1.408810 -1.098910 -1.844690
v 1.422080 -1.109770 -1.970400
v 1.506670 -1.035670 -1.960390
v 1.537940 -0.925971 -1.969220
v 1.541390 -0.940017 -2.111970
v 1.490980 -1.031230 -2.105870
v 1.566510 -0.814504 -2.131510
v 1.530390 -0.825269 -2.273540
v 1.525780 -0.940794 -2.255770
v 1.528210 -0.696551 -2.159250
v 1.550530 -0.709567 -2.293490
v 1.535870 -0.578970 -2.183130
v 1.536000 -0.591731 -2.314840
v 1.551100 -0.456305 -2.208360
v 1.537020 -0.471979 -2.335890
v 1.549280 -0.329553 -2.237480
v 1.525540 -0.349327 -2.359560
v 1.580400 -0.205733 -2.271150
v 1.542360 -0.227167 -2.391870
v 1.551720 -0.084484 -2.303380
v 1.551330 -0.099345 -2.422340
v 1.546390 0.049207 -2.335040
v 1.514790 0.026820 -2.447740
v 1.516940 0.185827 -2.371430
v 1.450650 0.152140 -2.480040
v 1.466310 0.336900 -2.406720
v 1.397470 0.288388 -2.512500
v 1.415080 0.472888 -2.446300
v 1.328780 0.415572 -2.550210
v 1.329810 0.589182 -2.479350
v 1.239340 0.521772 -2.581370
v 1.211820 0.668515 -2.484710
v 1.155320 0.623921 -2.589050
v 1.109940 0.771820 -2.475050
v 1.043820 0.708969 -2.589080
v 0.998072 0.852997 -2.485860
v 0.934999 0.796913 -2.600250
v 0.872703 0.878963 -2.493410
v 0.859667 0.891491 -2.606420
v 0.760020 0.918719 -2.486150
v 0.741151 0.926824 -2.598920
v 0.650524 0.980629 -2.473990
v 0.629365 0.979115 -2.585580
v 0.667535 0.979387 -2.363270
v 0.538843 0.999410 -2.347500
v 0.525132 1.008940 -2.457500
v 0.560322 1.019740 -2.237750
v 0.412162 0.998488 -2.209670
v 0.385461 0.982646 -2.324210
v 0.443318 1.044840 -2.093500
v 0.307767 1.058740 -2.057690
v 0.274903 1.034790 -2.178900
v 0.182240 1.101860 -2.029760
v 0.148072 1.090090 -2.152140
v 0.064649 1.072940 -2.020860
v 0.029677 1.095340 -2.138180
v 0.102470 1.039410 -1.889540
v -0.019998 0.994545 -1.879430
v -0.052513 1.039020 -2.010130
v 0.005871 0.963645 -1.736250
v -0.128277 0.989649 -1.716390
v -0.148745 0.980031 -1.861400
v -0.104206 0.985466 -1.567180
v -0.244200 1.018410 -1.563360
v -0.264055 1.012020 -1.701940
v -0.385958 1.021890 -1.561790
v -0.400076 1.008450 -1.700980
v -0.520739 1.056100 -1.577430
v -0.532185 1.010510 -1.706430
v -0.661973 1.005810 -1.717420
v -0.668906 0.983574 -1.854920
v -0.544348 0.976616 -1.848530
v -0.782309 0.991566 -1.740700
v -0.768142 0.942613 -1.854170
v -0.883857 0.951813 -1.755040
v -0.887582 0.892256 -1.874550
v -0.989372 0.888217 -1.766540
v -0.983552 0.813496 -1.880290
v -1.048380 0.772016 -1.748630
v -1.049870 0.709295 -1.868890
v -1.142330 0.682064 -1.764670
v -1.126330 0.618480 -1.891550
v -1.155810 0.499416 -1.891190
v -1.188790 0.472553 -2.059180
v -1.124770 0.577284 -2.044300
v -1.195020 0.388329 -1.893860
v -1.256420 0.373821 -2.082620
v -1.247120 0.284879 -1.899480
v -1.310450 0.271804 -2.095160
v -1.344040 0.209080 -1.927320
v -1.374660 0.187909 -2.109730
v -1.420710 0.146476 -1.951410
v -1.404240 0.104817 -2.106910
v -1.442910 0.053792 -1.950190
v -1.421600 -0.002484 -2.091310
v -1.428380 -0.061801 -1.932310
v -1.421600 -0.132214 -2.067730
v -1.391220 -0.186540 -1.908130
v -1.378080 -0.271355 -2.053070
v -1.372610 -0.412890 -2.060070
v -1.404770 -0.488625 -2.167690
v -1.382030 -0.345412 -2.191720
v -1.425850 -0.538290 -2.282570
v -1.390220 -0.403779 -2.293870
v -1.445210 -0.665051 -2.280890
v -1.451280 -0.693679 -2.402400
v -1.416500 -0.574239 -2.402290
v -1.464210 -0.797411 -2.269920
v -1.443990 -0.821481 -2.398920
v -1.424280 -0.939755 -2.271510
v -1.403970 -0.947062 -2.396540
v -1.322370 -0.999593 -2.262390
v -1.318550 -1.003610 -2.393450
v -1.292450 -0.991836 -2.156260
v -1.261490 -0.966623 -2.032750
v -1.267360 -0.949219 -1.916410
v -1.251860 -0.940024 -1.781810
v -1.297030 -0.921966 -1.736470
v -1.264310 -0.941020 -1.586010
v -1.227400 -0.959563 -1.627530
v 1.402140 -1.071030 -2.105620
v 1.403080 -1.045020 -2.236120
v 1.488500 -1.027170 -2.245230
v 1.474610 -1.013500 -2.378950
v 1.395810 -1.040610 -2.371110
v 1.490630 -0.943834 -2.384340
v 1.459540 -0.954727 -2.517060
v 1.460490 -1.010140 -2.517720
v 1.484840 -0.842999 -2.393060
v 1.403210 -0.878031 -2.513100
v 1.475480 -0.731980 -2.410160
v 1.360200 -0.762313 -2.532820
v 1.457700 -0.610479 -2.433470
v 1.336160 -0.625089 -2.565300
v 1.420130 -0.485440 -2.456910
v 1.376350 -0.506698 -2.590900
v 1.437120 -0.367320 -2.484640
v 1.371340 -0.380164 -2.622680
v 1.420140 -0.251683 -2.517630
v 1.407500 -0.258921 -2.648640
v 1.460130 -0.124848 -2.546730
v 1.424550 -0.142771 -2.673050
v 1.422430 -0.005348 -2.570930
v 1.435220 -0.020979 -2.698650
v 1.374690 0.110465 -2.605940
v 1.360310 0.088611 -2.733650
v 1.331060 0.230699 -2.629980
v 1.350940 0.226000 -2.749180
v 1.259430 0.352284 -2.664260
v 1.314370 0.371737 -2.782290
v 1.223160 0.514708 -2.699380
v 1.261080 0.535764 -2.808070
v 1.177770 0.659425 -2.711890
v 1.209790 0.693848 -2.816380
v 1.039100 0.710009 -2.715970
v 1.050840 0.733760 -2.833200
v 0.911280 0.785493 -2.726170
v 0.890768 0.761091 -2.858030
v 0.808277 0.858874 -2.725200
v 0.766569 0.829307 -2.852320
v 0.711269 0.911138 -2.712620
v 0.691917 0.909525 -2.832510
v 0.608965 0.974661 -2.698330
v 0.599745 0.979742 -2.814750
v 0.503262 1.017170 -2.677670
v 0.501437 1.043110 -2.794960
v 0.514234 1.012080 -2.566290
v 0.367620 0.973632 -2.546190
v 0.377740 1.002700 -2.654810
v 0.371560 0.960083 -2.436000
v 0.239241 0.997743 -2.409300
v 0.242754 0.994154 -2.522720
v 0.251825 1.015990 -2.295110
v 0.127604 1.075250 -2.268840
v 0.122607 1.067500 -2.383930
v 0.008457 1.088610 -2.254740
v 0.007143 1.095040 -2.368560
v -0.110823 1.085850 -2.246060
v -0.111669 1.086210 -2.363830
v -0.088766 1.069820 -2.130800
v -0.213488 1.070290 -2.120980
v -0.233249 1.088700 -2.239120
v -0.179319 1.017180 -2.003310
v -0.311872 1.024430 -1.989640
v -0.337914 1.072810 -2.110160
v -0.280439 0.984655 -1.847540
v -0.410963 0.970845 -1.847330
v -0.437618 1.019950 -1.985200
v -0.559609 1.011460 -1.987100
v -0.556393 0.997916 -2.112830
v -0.449006 1.041700 -2.107250
v -0.668428 0.971619 -1.990210
v -0.662688 0.940252 -2.122320
v -0.759633 0.889756 -1.980450
v -0.770262 0.874447 -2.131070
v -0.877696 0.834439 -1.998790
v -0.867688 0.803085 -2.133140
v -0.959919 0.745785 -1.998830
v -0.962839 0.737327 -2.146400
v -1.048040 0.668982 -2.020850
v -1.058710 0.667715 -2.171420
v -1.080970 0.535406 -2.154060
v -1.032840 0.505600 -2.272160
v -0.997674 0.621298 -2.277830
v -1.146290 0.421077 -2.180800
v -1.134640 0.418064 -2.327200
v -1.219820 0.318197 -2.220780
v -1.163680 0.285805 -2.345270
v -1.253380 0.202999 -2.232410
v -1.226840 0.176036 -2.373920
v -1.329890 0.125950 -2.260040
v -1.312440 0.084032 -2.391950
v -1.363810 0.030901 -2.246860
v -1.369820 -0.020172 -2.376320
v -1.401560 -0.074259 -2.221460
v -1.390510 -0.136982 -2.338260
v -1.398710 -0.204993 -2.187120
v -1.372870 -0.268630 -2.307900
v -1.390510 -0.308533 -2.426620
v -1.319560 -0.187218 -2.448080
v -1.392290 -0.445145 -2.405830
v -1.403890 -0.460514 -2.530620
v -1.375320 -0.330063 -2.547930
v -1.438250 -0.582651 -2.526430
v -1.427190 -0.575814 -2.658290
v -1.422230 -0.451924 -2.661840
v -1.471110 -0.709482 -2.530170
v -1.483840 -0.713814 -2.663470
v -1.461330 -0.840528 -2.529430
v -1.460970 -0.849371 -2.658710
v -1.417310 -0.957316 -2.526230
v -1.419000 -0.966662 -2.649170
v -1.329090 -1.022560 -2.522930
v -1.323510 -1.053800 -2.638030
v 1.392180 -1.036630 -2.509100
v 1.380530 -1.040089 -2.647820
v 1.435160 -1.003550 -2.656660
v 1.419900 -0.996531 -2.796690
v 1.369720 -1.031330 -2.782510
v 1.452400 -0.943647 -2.664280
v 1.422960 -0.934072 -2.810050
v 1.377070 -0.876479 -2.662430
v 1.388600 -0.851461 -2.812330
v 1.367650 -0.765986 -2.680930
v 1.394230 -0.742303 -2.828040
v 1.354080 -0.635770 -2.707540
v 1.401650 -0.622966 -2.845290
v 1.389660 -0.506423 -2.728720
v 1.418830 -0.505078 -2.855920
v 1.394820 -0.381874 -2.752950
v 1.468740 -0.388210 -2.865360
v 1.453870 -0.269735 -2.769070
v 1.481590 -0.277551 -2.881980
v 1.461380 -0.151895 -2.791670
v 1.457930 -0.163639 -2.906030
v 1.407450 -0.039738 -2.826930
v 1.422200 -0.036387 -2.929940
v 1.413310 0.099712 -2.837290
v 1.441680 0.111182 -2.931760
v 1.421430 0.254162 -2.850820
v 1.415750 0.254079 -2.953640
v 1.366240 0.394544 -2.880160
v 1.396860 0.396569 -2.993620
v 1.330320 0.557140 -2.917540
v 1.338330 0.533410 -3.030450
v 1.270770 0.721274 -2.933650
v 1.303350 0.706095 -3.056220
v 1.080750 0.761844 -2.946580
v 1.126120 0.793321 -3.061450
v 0.901047 0.768909 -2.971950
v 0.930769 0.816876 -3.076470
v 0.767698 0.835504 -2.976290
v 0.795352 0.858540 -3.092480
v 0.685823 0.921852 -2.958760
v 0.698286 0.931475 -3.088450
v 0.599093 0.977192 -2.942400
v 0.596466 0.963048 -3.084130
v 0.483282 0.981720 -2.928330
v 0.469070 0.951944 -3.077550
v 0.366127 0.991804 -2.907170
v 0.345016 0.935851 -3.067770
v 0.380182 1.035370 -2.772830
v 0.273005 1.057980 -2.753030
v 0.264953 1.030270 -2.884240
v 0.258940 1.029900 -2.635420
v 0.147810 1.069911 -2.619750
v 0.166462 1.080500 -2.738260
v 0.130764 1.049730 -2.501560
v 0.020606 1.090850 -2.485820
v 0.037474 1.104311 -2.607270
v -0.098329 1.086540 -2.482140
v -0.076566 1.076661 -2.604510
v -0.214164 1.070090 -2.483580
v -0.184602 1.054410 -2.610470
v -0.231048 1.067820 -2.361280
v -0.339818 1.064470 -2.360430
v -0.317907 1.047230 -2.489120
v -0.345568 1.083380 -2.231740
v -0.443985 1.029020 -2.234750
v -0.438702 1.030950 -2.367420
v -0.550806 0.985544 -2.245420
v -0.536579 0.968278 -2.382130
v -0.658428 0.921488 -2.260650
v -0.765672 0.851342 -2.274430
v -0.858268 0.778051 -2.280410
v -0.946452 0.712625 -2.286420
v -0.893701 0.654858 -2.398510
v -0.939883 0.579358 -2.389360
v -0.939022 0.566451 -2.528850
v -0.894523 0.631633 -2.537950
v -0.979778 0.486605 -2.389580
v -0.996537 0.494127 -2.539160
v -1.044670 0.390577 -2.424940
v -1.047220 0.400518 -2.561120
v -1.099950 0.267736 -2.463100
v -1.094340 0.276777 -2.594400
v -1.160410 0.140548 -2.484560
v -1.166710 0.149219 -2.625370
v -1.250980 0.040950 -2.500680
v -1.277440 0.050439 -2.633570
v -1.299890 -0.070405 -2.478100
v -1.324220 -0.070468 -2.609270
v -1.329140 -0.201917 -2.573770
v -1.388170 -0.187858 -2.702000
v -1.350380 -0.064214 -2.734570
v -1.404580 -0.320850 -2.672460
v -1.448180 -0.297252 -2.810230
v -1.412550 -0.172319 -2.835780
v -1.473370 -0.421731 -2.796090
v -1.524190 -0.383416 -2.929130
v -1.497410 -0.261658 -2.948310
v -1.470240 -0.556521 -2.791470
v -1.471070 -0.527605 -2.918450
v -1.476520 -0.704073 -2.792340
v -1.453130 -0.686706 -2.914010
v -1.430340 -0.846582 -2.783020
v -1.418640 -0.840237 -2.904500
v -1.403490 -0.969343 -2.775500
v -1.403270 -0.973864 -2.896520
v -1.307790 -1.038589 -2.761470
v -1.310320 -1.039660 -2.881900
v 1.424400 -0.991998 -2.939830
v 1.356240 -1.026880 -2.919300
v 1.346400 -1.032619 -3.057420
v 1.424500 -1.000100 -3.080710
v 1.450510 -0.927009 -2.956070
v 1.469620 -0.929335 -3.094390
v 1.461300 -0.833455 -2.961160
v 1.534900 -0.841440 -3.103730
v 1.487360 -0.731933 -2.969210
v 1.572570 -0.742358 -3.107770
v 1.505870 -0.623206 -2.975170
v 1.575280 -0.632716 -3.102810
v 1.518420 -0.509125 -2.978830
v 1.614690 -0.525293 -3.105000
v 1.524660 -0.392578 -2.985190
v 1.594600 -0.403122 -3.106350
v 1.521350 -0.281454 -2.992430
v 1.549210 -0.285854 -3.107530
v 1.472990 -0.166439 -3.008910
v 1.513530 -0.162763 -3.119010
v 1.474290 -0.027640 -3.021200
v 1.510220 -0.021678 -3.132020
v 1.443110 0.111473 -3.032160
v 1.479870 0.125986 -3.145600
v 1.417190 0.254968 -3.057310
v 1.446950 0.269127 -3.175150
v 1.368590 0.376312 -3.094910
v 1.397150 0.384692 -3.215630
v 1.296270 0.508729 -3.126030
v 1.305560 0.500594 -3.245320
v 1.275280 0.687447 -3.162690
v 1.241860 0.650391 -3.276830
v 1.138760 0.800429 -3.178210
v 1.154820 0.791310 -3.305770
v 0.962939 0.849220 -3.189890
v 0.979580 0.868797 -3.306790
v 0.824925 0.898700 -3.203410
v 0.841485 0.928296 -3.318660
v 0.716020 0.960389 -3.209680
v 0.728602 0.991396 -3.327170
v 0.598817 0.981546 -3.218690
v 0.608050 1.027581 -3.338770
v 0.460589 0.952224 -3.225900
v 0.470439 1.007911 -3.355980
v 0.331805 0.927582 -3.219440
v 0.342126 0.998338 -3.352620
v 0.226894 0.956659 -3.193390
v 0.232146 1.018891 -3.327800
v 0.246399 0.973877 -3.038400
v 0.152464 1.024470 -3.009900
v 0.139310 1.023060 -3.155910
v 0.162197 1.069880 -2.867950
v 0.064357 1.087240 -2.855140
v 0.060591 1.076910 -2.988420
v 0.056721 1.091210 -2.729070
v -0.051349 1.072711 -2.728560
v -0.032518 1.082940 -2.852540
v -0.154765 1.062711 -2.739270
v -0.125834 1.065890 -2.861060
v -0.248361 1.045880 -2.758090
v -0.217059 1.044950 -2.880110
v -0.282054 1.032050 -2.623520
v -0.366976 0.990710 -2.641050
v -0.331378 0.998222 -2.780970
v -0.410442 1.001930 -2.502100
v -0.495382 0.932983 -2.518630
v -0.444337 0.923663 -2.662020
v -0.411586 0.951411 -2.807690
v -0.384175 0.951710 -2.933120
v -0.303638 1.007481 -2.906110
v -0.357685 0.926857 -3.035590
v -0.272790 0.996696 -3.008790
v -0.452029 0.842230 -3.054650
v -0.457258 0.850078 -3.159510
v -0.340184 0.927393 -3.132310
v -0.562189 0.761983 -3.039400
v -0.579063 0.766432 -3.157860
v -0.695562 0.721343 -2.981280
v -0.716044 0.724699 -3.118180
v -0.827111 0.700384 -2.922040
v -0.838219 0.690482 -3.081880
v -0.932239 0.674611 -2.886460
v -0.939728 0.656919 -3.066110
v -1.012410 0.644620 -2.871070
v -1.028470 0.628885 -3.056590
v -0.955146 0.647213 -2.700590
v -0.998111 0.578436 -2.688810
v -1.054690 0.588096 -2.861360
v -1.034620 0.506465 -2.690160
v -1.075620 0.510925 -2.855010
v -1.049820 0.402491 -2.698380
v -1.103070 0.419721 -2.863270
v -1.077060 0.270655 -2.727250
v -1.150690 0.306561 -2.885380
v -1.185190 0.165555 -2.754620
v -1.229560 0.193885 -2.897740
v -1.299430 0.067972 -2.757990
v -1.310150 0.085776 -2.885460
v -1.356580 -0.049281 -2.863280
v -1.312870 -0.034842 -3.031750
v -1.315510 0.114492 -3.038030
v -1.408510 -0.158590 -2.988130
v -1.465420 -0.108695 -3.123580
v -1.422200 0.031274 -3.162630
v -1.532140 -0.222912 -3.079510
v -1.552500 -0.198132 -3.205530
v -1.495320 -0.072289 -3.248220
v -1.559690 -0.354416 -3.052670
v -1.571340 -0.338445 -3.167440
v -1.510500 -0.506356 -3.030080
v -1.554210 -0.496578 -3.133870
v -1.456030 -0.668735 -3.023310
v -1.493760 -0.664673 -3.118870
v -1.409150 -0.828673 -3.022360
v -1.438990 -0.822531 -3.129840
v -1.404340 -0.975963 -3.015410
v -1.388270 -0.966396 -3.134190
v -1.314770 -1.050089 -2.997350
v -1.306030 -1.056180 -3.121730
v 1.387030 -1.011989 -3.212380
v 1.321800 -1.068060 -3.195350
v 1.290250 -1.072509 -3.320620
v 1.353480 -1.013489 -3.337050
v 1.468550 -0.934447 -3.229580
v 1.437660 -0.936254 -3.354470
v 1.541870 -0.849083 -3.240080
v 1.485430 -0.842500 -3.363100
v 1.549100 -0.742754 -3.236670
v 1.520230 -0.742064 -3.365010
v 1.591310 -0.642359 -3.236320
v 1.569000 -0.642267 -3.366740
v 1.624960 -0.535739 -3.237430
v 1.601260 -0.537097 -3.368070
v 1.616190 -0.411885 -3.233830
v 1.586150 -0.413034 -3.361940
v 1.559940 -0.289284 -3.230060
v 1.562990 -0.290046 -3.359230
v 1.563720 -0.154404 -3.237950
v 1.549620 -0.159177 -3.364040
v 1.547710 -0.015106 -3.250170
v 1.531960 -0.018088 -3.373750
v 1.511190 0.132350 -3.268340
v 1.469180 0.118448 -3.385180
v 1.440510 0.260438 -3.292610
v 1.394160 0.240212 -3.398680
v 1.371890 0.369227 -3.319160
v 1.329390 0.348492 -3.413510
v 1.277380 0.487044 -3.348550
v 1.234420 0.469770 -3.444160
v 1.194000 0.620893 -3.379690
v 1.124350 0.595030 -3.471510
v 1.116070 0.773949 -3.412180
v 1.068500 0.751904 -3.516110
v 0.984802 0.883859 -3.425210
v 0.975075 0.874051 -3.547240
v 0.856686 0.950353 -3.440830
v 0.873447 0.975101 -3.568180
v 0.739201 1.019081 -3.452260
v 0.756141 1.056611 -3.581930
v 0.617868 1.078321 -3.460160
v 0.618462 1.097171 -3.585810
v 0.487657 1.107241 -3.467460
v 0.486288 1.134161 -3.581670
v 0.357619 1.112061 -3.462950
v 0.352231 1.153961 -3.574520
v 0.233895 1.099821 -3.449050
v 0.220826 1.158381 -3.565700
v 0.123962 1.101271 -3.420460
v 0.098420 1.140031 -3.546040
v 0.134828 1.065910 -3.291930
v 0.042910 1.097041 -3.259210
v 0.021350 1.100441 -3.392680
v 0.055831 1.081761 -3.122600
v -0.032405 1.098540 -3.104260
v -0.040661 1.098961 -3.230820
v -0.028113 1.094880 -2.978220
v -0.110586 1.066661 -2.978090
v -0.112059 1.100361 -3.091350
v -0.191991 1.041021 -2.988310
v -0.180259 1.054361 -3.088720
v -0.246813 0.993696 -3.101360
v -0.115087 1.094240 -3.205490
v -0.140599 1.095761 -3.329560
v -0.067894 1.100581 -3.362390
v -0.200747 1.107081 -3.449330
v -0.111353 1.112081 -3.490500
v -0.156281 1.082351 -3.609460
v -0.202290 1.028511 -3.733420
v -0.044224 1.100331 -3.639180
v -0.088205 1.068821 -3.755690
v -0.011160 1.120731 -3.522080
v 0.069672 1.108631 -3.661380
v 0.032975 1.041211 -3.765990
v 0.196140 1.114561 -3.674170
v 0.167545 1.032281 -3.778840
v -0.012800 1.031881 -3.885140
v 0.124658 0.969260 -3.890690
v -0.132288 1.026681 -3.877620
v -0.168269 0.989498 -4.007230
v -0.046959 1.047481 -4.015820
v -0.244086 0.971035 -3.867180
v -0.290616 0.964424 -4.007080
v -0.411189 0.909235 -4.008970
v -0.434410 0.894841 -4.159370
v -0.319170 0.957681 -4.152920
v -0.546482 0.882384 -4.009800
v -0.546105 0.821401 -4.166940
v -0.529074 0.778061 -4.314950
v -0.424615 0.848154 -4.304000
v -0.488747 0.714273 -4.433820
v -0.393466 0.787080 -4.431410
v -0.604360 0.696433 -4.469350
v -0.555169 0.652614 -4.603950
v -0.444594 0.667673 -4.559570
v -0.708237 0.658321 -4.498750
v -0.654230 0.614346 -4.630150
v -0.777324 0.576106 -4.507300
v -0.721351 0.538920 -4.625420
v -0.818385 0.486294 -4.507280
v -0.762034 0.451957 -4.611060
v -0.890868 0.495859 -4.423460
v -0.927986 0.387173 -4.433530
v -0.835948 0.379313 -4.489670
v -0.980396 0.482109 -4.354840
v -1.036060 0.367580 -4.393940
v -1.074180 0.449670 -4.287440
v -1.090100 0.326185 -4.314300
v -1.140940 0.392523 -4.206210
v -1.138100 0.270266 -4.234730
v -1.102840 0.489722 -4.150330
v -1.155340 0.398782 -4.059200
v -1.167660 0.309193 -4.104190
v -1.031500 0.558797 -4.060300
v -1.080910 0.445749 -3.984000
v -0.971681 0.612720 -3.938760
v -1.042950 0.505180 -3.885720
v -0.912328 0.596944 -3.791810
v -0.987596 0.509044 -3.754400
v -0.846302 0.706405 -3.818050
v -0.752432 0.783457 -3.834300
v -0.843795 0.684340 -3.630540
v -0.908567 0.604442 -3.605180
v -0.744970 0.739310 -3.644410
v -0.772809 0.707787 -3.452300
v -0.885417 0.681568 -3.433910
v -0.817886 0.697924 -3.266610
v -0.934266 0.690278 -3.250570
v -0.695577 0.727768 -3.285280
v -0.568480 0.787374 -3.295680
v -0.440736 0.871063 -3.275940
v -1.029120 0.658027 -3.234560
v -0.963824 0.625060 -3.409880
v -1.084140 0.585293 -3.221780
v -1.030470 0.550379 -3.397370
v -1.084700 0.582512 -3.044090
v -1.121500 0.512347 -3.028530
v -1.122840 0.507497 -3.206380
v -1.167690 0.428845 -3.021850
v -1.173800 0.424502 -3.191110
v -1.224100 0.331222 -3.030930
v -1.238140 0.337261 -3.188970
v -1.291180 0.230017 -3.036940
v -1.300990 0.242862 -3.196070
v -1.383120 0.152637 -3.180340
v -1.423050 0.191530 -3.316490
v -1.332990 0.281950 -3.337530
v -1.465070 0.066334 -3.284790
v -1.473710 0.074395 -3.387160
v -1.430830 0.201508 -3.426260
v -1.507030 -0.064053 -3.355260
v -1.536530 -0.062933 -3.431570
v -1.465020 0.064055 -3.458310
v -1.549180 -0.200470 -3.308320
v -1.559480 -0.202277 -3.376970
v -1.587130 -0.337864 -3.265630
v -1.599210 -0.343056 -3.339450
v -1.574620 -0.493627 -3.221750
v -1.550500 -0.493018 -3.286200
v -1.542270 -0.668971 -3.211710
v -1.518320 -0.659790 -3.277000
v -1.473000 -0.827794 -3.221570
v -1.462350 -0.822311 -3.297650
v -1.385140 -0.952619 -3.248530
v -1.392550 -0.951936 -3.344910
v -1.293280 -1.044330 -3.255100
v -1.293850 -1.027809 -3.361590
v 1.315460 -1.033489 -3.461620
v 1.263730 -1.115799 -3.451070
v 1.214190 -1.079529 -3.571260
v 1.257250 -1.018199 -3.584880
v 1.345360 -0.916517 -3.461630
v 1.286820 -0.927408 -3.585890
v 1.395090 -0.815238 -3.468060
v 1.333940 -0.804416 -3.587560
v 1.469670 -0.718247 -3.474520
v 1.400220 -0.705931 -3.598600
v 1.521490 -0.624212 -3.483040
v 1.442870 -0.598048 -3.597750
v 1.556580 -0.523965 -3.491410
v 1.514230 -0.511643 -3.618810
v 1.572200 -0.408193 -3.491650
v 1.530440 -0.390437 -3.614650
v 1.553740 -0.285974 -3.488880
v 1.522170 -0.277127 -3.614850
v 1.535720 -0.157419 -3.493390
v 1.512410 -0.150005 -3.617130
v 1.497930 -0.022469 -3.497240
v 1.481830 -0.020538 -3.618870
v 1.444300 0.113918 -3.503870
v 1.418450 0.099958 -3.620990
v 1.358980 0.227778 -3.506060
v 1.325880 0.204981 -3.616100
v 1.279640 0.329321 -3.508980
v 1.235500 0.299413 -3.611810
v 1.197290 0.452760 -3.540990
v 1.142150 0.416156 -3.631590
v 1.080330 0.575661 -3.569580
v 1.069160 0.560480 -3.683540
v 1.010270 0.717166 -3.618380
v 0.999641 0.705792 -3.735270
v 0.937757 0.849099 -3.661560
v 0.912714 0.830735 -3.776050
v 0.847961 0.957051 -3.687590
v 0.820154 0.930155 -3.804240
v 0.735842 1.039871 -3.702250
v 0.700968 0.989038 -3.811840
v 0.600118 1.074071 -3.697440
v 0.566477 1.005501 -3.805810
v 0.463168 1.072771 -3.682860
v 0.436255 1.006001 -3.794090
v 0.330394 1.089451 -3.677310
v 0.304672 1.011331 -3.782910
v 0.275976 0.966317 -3.901950
v 0.413501 0.972279 -3.916210
v 0.236781 0.946692 -4.027230
v 0.376191 0.926727 -4.028330
v 0.087886 0.971630 -4.019940
v 0.062169 1.016551 -4.148160
v 0.200363 0.966576 -4.148950
v -0.068820 1.016041 -4.138710
v -0.081195 0.978324 -4.262620
v 0.044239 0.984861 -4.262050
v -0.192588 0.987871 -4.143130
v -0.204371 0.963325 -4.276110
v -0.323066 0.931303 -4.295970
v -0.295421 0.862261 -4.427930
v -0.184371 0.914523 -4.407190
v -0.244532 0.785641 -4.533570
v -0.148376 0.852595 -4.526900
v -0.338148 0.708498 -4.535430
v -0.304849 0.702009 -4.674790
v -0.206892 0.761663 -4.661660
v -0.399714 0.644018 -4.694960
v -0.338797 0.613343 -4.823290
v -0.260658 0.687992 -4.814540
v -0.492465 0.591095 -4.727670
v -0.422885 0.546673 -4.845460
v -0.599227 0.563084 -4.770480
v -0.527596 0.499619 -4.875120
v -0.701288 0.516537 -4.784360
v -0.637052 0.451892 -4.890780
v -0.771256 0.431859 -4.767860
v -0.722126 0.380802 -4.882660
v -0.804341 0.332492 -4.739460
v -0.777359 0.291962 -4.867950
v -0.791666 0.354522 -4.593630
v -0.845282 0.225533 -4.726960
v -0.823079 0.187431 -4.858620
v -0.892806 0.114285 -4.707690
v -0.863387 0.070003 -4.842300
v -0.867689 0.057480 -4.944630
v -0.812019 0.168236 -4.947660
v -0.756304 0.268517 -4.950780
v -0.689552 0.352141 -4.953330
v -0.601701 0.421386 -4.952860
v -0.492403 0.483839 -4.946500
v -0.382617 0.547220 -4.933600
v -0.298675 0.613954 -4.923720
v -0.226874 0.679788 -4.920620
v -0.157733 0.745787 -4.922680
v -0.179102 0.759362 -4.812370
v -0.089087 0.807376 -4.927320
v -0.099183 0.822460 -4.815560
v -0.013416 0.848812 -4.931350
v -0.016337 0.849839 -4.817520
v 0.068447 0.860528 -4.933510
v 0.070695 0.855029 -4.818940
v 0.151809 0.846176 -4.935220
v 0.156602 0.843526 -4.822960
v 0.235371 0.816409 -4.938360
v 0.246833 0.825863 -4.832080
v 0.317929 0.772388 -4.942330
v 0.334514 0.792024 -4.843490
v 0.398056 0.716537 -4.945720
v 0.417516 0.737851 -4.854320
v 0.474248 0.652989 -4.948660
v 0.494584 0.675017 -4.862990
v 0.543538 0.583009 -4.950990
v 0.571468 0.611533 -4.872970
v 0.606359 0.511022 -4.952850
v 0.647182 0.545474 -4.879450
v 0.650875 0.434288 -4.948570
v 0.696509 0.465321 -4.868940
v 0.677690 0.354818 -4.940210
v 0.723431 0.374306 -4.845490
v 0.711247 0.273812 -4.933950
v 0.733624 0.279813 -4.822850
v 0.725104 0.190910 -4.932440
v 0.728171 0.188850 -4.815970
v 0.732301 0.103113 -4.937890
v 0.714186 0.094870 -4.831740
v 0.739420 0.007889 -4.945450
v 0.709888 -0.007657 -4.854620
v 0.763189 -0.096726 -4.953770
v 0.737336 -0.117545 -4.877550
v 0.791061 -0.219011 -4.961710
v 0.791631 -0.230894 -4.900820
v 0.797024 -0.358117 -4.960740
v 0.811214 -0.367529 -4.900230
v 0.784919 -0.500805 -4.959480
v 0.806778 -0.514892 -4.897320
v 0.779136 -0.660398 -4.961750
v 0.803692 -0.669307 -4.900890
v 0.815153 -0.826732 -4.965770
v 0.840824 -0.826986 -4.910760
v 0.872634 -0.978957 -4.968270
v 0.897886 -0.975946 -4.920010
v 0.905890 -1.093839 -4.969240
v 0.919162 -1.091239 -4.922230
v -1.138510 -0.930218 -4.960430
v -1.075050 -1.084809 -4.960650
v -1.085800 -1.082359 -4.897560
v -1.141910 -0.929958 -4.896480
v -1.155960 -0.752989 -4.958130
v -1.146540 -0.760042 -4.889250
v -1.138390 -0.590116 -4.954300
v -1.132950 -0.600754 -4.882240
v -1.095370 -0.442185 -4.947570
v -1.081940 -0.460143 -4.861300
v -1.054660 -0.501311 -4.738040
v -1.091680 -0.633650 -4.767930
v -1.089860 -0.531246 -4.611380
v -1.104690 -0.661439 -4.640960
v -1.038850 -0.405804 -4.557570
v -1.070270 -0.450049 -4.437760
v -1.114610 -0.561846 -4.488980
v -1.037660 -0.292951 -4.495870
v -1.066160 -0.349425 -4.383390
v -1.065510 -0.187090 -4.456220
v -1.082550 -0.251918 -4.347720
v -1.129750 -0.091483 -4.404270
v -1.117130 -0.154806 -4.305290
v -1.088180 -0.030486 -4.463590
v -1.043470 0.027195 -4.521790
v -1.099350 0.074298 -4.387360
v -1.150180 0.014442 -4.334220
v -1.044890 0.126538 -4.435690
v -1.027410 0.240243 -4.383980
v -1.094570 0.195607 -4.336110
v -1.144580 0.139527 -4.272690
v -1.186740 0.075258 -4.207240
v -1.169390 -0.047348 -4.261080
v -1.177820 0.199461 -4.156950
v -1.206900 0.134452 -4.085350
v -1.212480 0.021248 -4.133320
v -1.220090 0.232956 -4.039260
v -1.204810 0.167385 -3.957230
v -1.212950 0.089888 -4.005430
v -1.180020 0.302044 -3.985840
v -1.166950 0.221432 -3.906410
v -1.091960 0.337579 -3.910150
v -1.168830 0.286623 -3.850130
v -1.098870 0.405362 -3.826120
v -1.141570 0.317571 -3.765540
v -1.052190 0.435455 -3.711380
v -1.104690 0.352553 -3.653980
v -1.067090 0.481384 -3.558340
v -1.132460 0.401199 -3.522100
v -0.962893 0.519158 -3.578720
v -1.117630 0.508084 -3.387850
v -1.183530 0.441504 -3.364240
v -1.264910 0.374078 -3.345830
v -1.216520 0.333158 -3.487310
v -1.313380 0.267297 -3.454870
v -1.298730 0.238183 -3.552580
v -1.198300 0.296397 -3.601690
v -1.392990 0.170000 -3.502910
v -1.375230 0.140158 -3.567370
v -1.283800 0.203629 -3.627280
v -1.444880 0.041299 -3.509850
v -1.416490 0.014330 -3.550830
v -1.355410 0.105544 -3.613040
v -1.516930 -0.079509 -3.479950
v -1.496520 -0.099655 -3.529840
v -1.519730 -0.216661 -3.421240
v -1.496780 -0.231197 -3.476930
v -1.558280 -0.354427 -3.392590
v -1.513340 -0.363583 -3.444190
v -1.503560 -0.493808 -3.346590
v -1.468060 -0.493534 -3.408190
v -1.493100 -0.651797 -3.355460
v -1.461900 -0.638367 -3.427640
v -1.421730 -0.798882 -3.368160
v -1.396900 -0.768220 -3.444550
v -1.404430 -0.615727 -3.479300
v -1.357730 -0.606425 -3.533020
v -1.421970 -0.486627 -3.464700
v -1.388840 -0.483089 -3.521600
v -1.279040 -0.604160 -3.564370
v -1.330590 -0.476192 -3.549010
v -1.203820 -0.604703 -3.607350
v -1.254150 -0.468128 -3.575910
v -1.196640 -0.732128 -3.672670
v -1.195910 -0.849375 -3.725110
v -1.174330 -0.731506 -3.755720
v -1.164540 -0.849790 -3.808150
v -1.165960 -0.606844 -3.684820
v -1.146180 -0.602531 -3.780900
v -1.136760 -0.729118 -3.831110
v -1.215250 -0.473196 -3.647500
v -1.184320 -0.476295 -3.739630
v -1.156960 -0.476329 -3.827660
v -1.110430 -0.599301 -3.864350
v -1.223300 -0.355613 -3.713040
v -1.261580 -0.352513 -3.640280
v -1.187280 -0.358978 -3.800530
v -1.176970 -0.361308 -3.889720
v -1.124410 -0.469698 -3.928210
v -1.212700 -0.243721 -3.795360
v -1.168060 -0.241291 -3.883200
v -1.156620 -0.239558 -3.977700
v -1.175320 -0.357888 -3.982200
v -1.230110 -0.135510 -3.866470
v -1.255540 -0.141464 -3.784130
v -1.197890 -0.130817 -3.958720
v -1.194940 -0.122815 -4.061560
v -1.151480 -0.230698 -4.085760
v -1.223920 -0.027363 -3.937150
v -1.259440 -0.038200 -3.851060
v -1.204560 -0.011136 -4.035110
v -1.207330 -0.100966 -4.162670
v -1.232900 0.063185 -3.911740
v -1.282320 0.038749 -3.828350
v -1.242290 0.133879 -3.877590
v -1.304380 0.098884 -3.794780
v -1.238220 0.182711 -3.834210
v -1.309750 0.144095 -3.749870
v -1.229440 0.225530 -3.775750
v -1.290640 0.172542 -3.690280
v -1.204820 0.263209 -3.695260
v -1.343800 0.073568 -3.656390
v -1.339260 0.043511 -3.701790
v -1.392150 -0.009680 -3.589430
v -1.370440 -0.030506 -3.625910
v -1.470240 -0.115150 -3.569830
v -1.431260 -0.124831 -3.594740
v -1.479880 -0.241169 -3.527410
v -1.447520 -0.244516 -3.561020
v -1.482770 -0.369571 -3.502180
v -1.447580 -0.367673 -3.549860
v -1.394150 -0.362607 -3.574350
v -1.396310 -0.248573 -3.583510
v -1.321620 -0.353916 -3.592070
v -1.383700 -0.139216 -3.615260
v -1.348740 -0.056759 -3.662270
v -1.326870 0.002373 -3.743260
v -1.296420 -0.057078 -3.769890
v -1.151630 -0.206600 -4.201950
v -1.168760 -0.315186 -4.223440
v -1.162000 -0.343011 -4.096420
v -1.130600 -0.443002 -4.139460
v -1.152180 -0.410757 -4.265730
v -1.114440 -0.459798 -4.022730
v -1.080110 -0.566820 -4.075750
v -1.128510 -0.544544 -4.192020
v -1.089140 -0.588079 -3.964400
v -1.081980 -0.709610 -4.014530
v -1.092540 -0.679603 -4.131540
v -1.088190 -0.725827 -3.907970
v -1.067930 -0.832917 -3.965730
v -1.074930 -0.815293 -4.078030
v -1.133270 -0.840257 -3.886000
v -1.129660 -0.949752 -3.928710
v -1.070970 -0.939019 -4.012640
v -1.152400 -0.969282 -3.831780
v -1.143430 -1.049679 -3.840640
v -1.131080 -1.042099 -3.963830
v -1.180400 -0.960999 -3.731720
v -1.165950 -1.033409 -3.723780
v -1.165850 -1.061479 -3.734230
v -1.136610 -1.077379 -3.851540
v 1.235070 -1.016299 -3.719340
v 1.194920 -1.095029 -3.708250
v 1.184210 -1.074549 -3.834330
v 1.231040 -1.004189 -3.847270
v 1.252010 -0.902677 -3.713240
v 1.271580 -0.908738 -3.855420
v 1.292310 -0.795095 -3.716910
v 1.280330 -0.789840 -3.848600
v 1.347850 -0.694129 -3.726600
v 1.303740 -0.673824 -3.846420
v 1.387070 -0.582260 -3.724770
v 1.365810 -0.579927 -3.862750
v 1.445800 -0.484868 -3.735510
v 1.387530 -0.469012 -3.856250
v 1.486330 -0.381281 -3.741310
v 1.392890 -0.370799 -3.845640
v 1.477850 -0.265687 -3.734580
v 1.390080 -0.258444 -3.835550
v 1.451480 -0.146301 -3.727470
v 1.381960 -0.140752 -3.830440
v 1.416990 -0.030641 -3.725300
v 1.347340 -0.040156 -3.831510
v 1.333000 0.061765 -3.727490
v 1.306540 0.059462 -3.835310
v 1.262930 0.160084 -3.727160
v 1.265670 0.161098 -3.840180
v 1.190700 0.256130 -3.721860
v 1.213450 0.254731 -3.832060
v 1.122750 0.378698 -3.736250
v 1.137500 0.354527 -3.840520
v 1.041470 0.523447 -3.786200
v 1.045920 0.492637 -3.889620
v 0.977392 0.682412 -3.834700
v 0.921304 0.830605 -3.890350
v 0.811420 0.914893 -3.919390
v 0.681435 0.958982 -3.927630
v 0.654387 0.922756 -4.037960
v 0.544526 0.968558 -3.922270
v 0.516719 0.929505 -4.035020
v 0.480289 0.898414 -4.150490
v 0.630949 0.909304 -4.166790
v 0.338068 0.916563 -4.144380
v 0.307547 0.904706 -4.261530
v 0.446800 0.896212 -4.280200
v 0.176468 0.962125 -4.265210
v 0.162299 0.925977 -4.384600
v 0.285790 0.883762 -4.385020
v 0.041742 0.923759 -4.377000
v 0.053522 0.860340 -4.500160
v 0.159581 0.860238 -4.505090
v -0.072855 0.919566 -4.383250
v -0.047928 0.860663 -4.508900
v -0.027139 0.835913 -4.654230
v 0.066343 0.834589 -4.650420
v -0.116455 0.820138 -4.659020
v 0.158921 0.824767 -4.653880
v 0.258699 0.822900 -4.670540
v 0.266898 0.837684 -4.516390
v 0.382513 0.835502 -4.548140
v 0.362183 0.822512 -4.698840
v 0.407269 0.855834 -4.406210
v 0.529150 0.838802 -4.437650
v 0.498363 0.820971 -4.580720
v 0.582782 0.879807 -4.302290
v 0.637627 0.783611 -4.456580
v 0.608301 0.779317 -4.605290
v 0.715928 0.701033 -4.466560
v 0.690439 0.712109 -4.621650
v 0.571481 0.757188 -4.754330
v 0.637490 0.674503 -4.759660
v 0.468251 0.796799 -4.730530
v 0.681900 0.585856 -4.753260
v 0.728985 0.614199 -4.622560
v 0.743232 0.515405 -4.610870
v 0.712703 0.497647 -4.737220
v 0.773771 0.618803 -4.486770
v 0.797879 0.521151 -4.492970
v 0.780077 0.404595 -4.467580
v 0.744363 0.407996 -4.585390
v 0.873587 0.518058 -4.385670
v 0.855802 0.627102 -4.367360
v 0.846253 0.395714 -4.365880
v 0.791650 0.272856 -4.447550
v 0.899149 0.372239 -4.267410
v 0.959041 0.498201 -4.287200
v 0.957331 0.331443 -4.188100
v 1.006100 0.440548 -4.180760
v 1.015340 0.272566 -4.134730
v 1.052090 0.354479 -4.099630
v 0.983458 0.162505 -4.153640
v 0.991249 0.030832 -4.174890
v 1.097800 0.120742 -4.157880
v 1.121870 0.016908 -4.157940
v 1.146290 -0.085038 -4.196500
v 1.020580 -0.097137 -4.177040
v 1.240520 0.011367 -4.154410
v 1.216240 0.099065 -4.142410
v 1.257320 -0.085928 -4.165210
v 1.266460 -0.191599 -4.168890
v 1.160850 -0.188857 -4.211510
v 1.316230 -0.105348 -4.054550
v 1.311300 0.000490 -4.062020
v 1.317280 -0.217353 -4.063090
v 1.342540 -0.326290 -4.098090
v 1.283340 -0.291407 -4.220420
v 1.337430 -0.241758 -3.949400
v 1.343020 -0.125202 -3.942810
v 1.354070 -0.355832 -3.970610
v 1.380260 -0.462606 -3.996310
v 1.359610 -0.437829 -4.135830
v 1.293180 -0.399144 -4.267170
v 1.336600 -0.559016 -4.137120
v 1.279580 -0.524787 -4.268850
v 1.362250 -0.576410 -4.003770
v 1.309900 -0.679710 -3.992480
v 1.313090 -0.683351 -4.128000
v 1.277780 -0.659502 -4.260090
v 1.287880 -0.802462 -4.122210
v 1.247050 -0.786994 -4.236400
v 1.304240 -0.802124 -3.995390
v 1.277810 -0.916533 -3.991930
v 1.252190 -0.914261 -4.112010
v 1.219210 -0.906211 -4.220620
v 1.238610 -1.019509 -4.105870
v 1.217590 -1.017129 -4.219140
v 1.244600 -1.014869 -3.980730
v 1.200670 -1.090329 -3.963750
v 1.189940 -1.095169 -4.083550
v 1.166810 -1.094059 -4.194900
v 1.155160 -1.005529 -4.308540
v 1.138570 -1.091919 -4.296720
v 1.102900 -1.090719 -4.385820
v 1.094800 -1.004029 -4.381780
v 1.170750 -0.892435 -4.322690
v 1.062920 -0.891795 -4.367800
v 1.189280 -0.767429 -4.343500
v 1.068080 -0.766758 -4.376230
v 1.184800 -0.630284 -4.355320
v 1.072590 -0.643504 -4.356370
v 1.184090 -0.513996 -4.322970
v 1.072940 -0.523006 -4.331650
v 1.183670 -0.396242 -4.300340
v 1.070520 -0.410722 -4.304900
v 1.170940 -0.292985 -4.251020
v 1.063570 -0.304009 -4.269810
v 1.047380 -0.199131 -4.234950
v 0.969132 -0.208883 -4.263030
v 0.994353 -0.304915 -4.313150
v 0.915875 -0.203682 -4.319710
v 0.949946 -0.293886 -4.375980
v 0.873224 -0.168502 -4.414130
v 0.927040 -0.263146 -4.463650
v 0.810165 -0.123196 -4.508920
v 0.880052 -0.225602 -4.559920
v 0.777265 -0.002192 -4.467890
v 0.732033 0.046027 -4.569580
v 0.769586 -0.065936 -4.622750
v 0.771399 0.133922 -4.435020
v 0.726316 0.159731 -4.529580
v 0.765466 0.286565 -4.556390
v 0.741317 0.289764 -4.674430
v 0.722363 0.180514 -4.656510
v 0.725795 0.399358 -4.707730
v 0.711027 0.078264 -4.687650
v 0.727183 -0.031975 -4.732680
v 0.775084 -0.139426 -4.779840
v 0.835917 -0.174059 -4.677380
v 0.857619 -0.303999 -4.695530
v 0.823368 -0.260407 -4.802940
v 0.915459 -0.335635 -4.597060
v 0.939235 -0.446011 -4.618010
v 0.887331 -0.425287 -4.701330
v 0.952431 -0.363443 -4.504860
v 0.972338 -0.470258 -4.534060
v 0.928843 -0.609060 -4.540990
v 0.915109 -0.581406 -4.621950
v 0.976803 -0.499390 -4.443390
v 0.956721 -0.394061 -4.412380
v 0.950586 -0.632163 -4.468980
v 0.919011 -0.781729 -4.468510
v 0.893750 -0.763436 -4.543480
v 0.994906 -0.637378 -4.423820
v 1.006270 -0.512612 -4.392470
v 0.971793 -0.779544 -4.414690
v 1.006210 -0.897279 -4.428650
v 0.959567 -0.904646 -4.493340
v 0.922731 -0.901459 -4.560470
v 0.997292 -1.020009 -4.510860
v 0.960885 -1.021169 -4.582290
v 1.047990 -1.008569 -4.450470
v 1.068990 -1.092079 -4.464990
v 1.030820 -1.095619 -4.534670
v 0.995391 -1.097299 -4.606130
v 0.942558 -1.011809 -4.663420
v 0.969656 -1.096449 -4.683370
v 0.954752 -1.093789 -4.766050
v 0.932950 -0.996891 -4.752230
v 0.922065 -0.879858 -4.647770
v 0.905284 -0.857480 -4.737530
v 0.886187 -0.735067 -4.629510
v 0.865824 -0.709059 -4.715650
v 0.880904 -0.559212 -4.708190
v 0.836989 -0.537860 -4.800150
v 0.830413 -0.686157 -4.806660
v 0.856179 -0.391172 -4.806670
v 0.864392 -0.838953 -4.823690
v 0.920764 -0.982170 -4.840610
v 0.941919 -1.091019 -4.847500
v -1.032450 -1.009929 -4.404270
v -1.056990 -1.036949 -4.316580
v -1.057580 -0.965400 -4.293620
v -1.071790 -0.935684 -4.394390
v -1.077160 -1.062299 -4.202130
v -1.068610 -1.002529 -4.179510
v -1.074540 -1.023839 -4.059600
v -1.075990 -1.073759 -4.082830
v -1.073730 -0.918472 -4.127630
v -1.087060 -0.879828 -4.241720
v -1.138120 -0.850644 -4.348750
v -1.106500 -0.785154 -4.184360
v -1.143980 -0.746984 -4.293850
v -1.142520 -0.701107 -4.412240
v -1.121320 -0.807045 -4.454300
v -1.137670 -0.645282 -4.244430
v -1.123340 -0.596736 -4.369090
v -1.128670 -0.679077 -4.527650
v -1.138050 -0.503660 -4.313280
v -1.126400 -0.802087 -4.558040
v -1.135800 -0.794737 -4.665780
v -1.100960 -0.916634 -4.591820
v -1.122390 -0.928734 -4.699100
v -1.056030 -0.901852 -4.485310
v -1.007520 -0.981389 -4.492510
v -1.041940 -1.011289 -4.604010
v -1.062800 -1.045759 -4.715540
v -1.066190 -1.057249 -4.807860
v -1.110870 -0.921515 -4.797020
v -1.091500 -0.779468 -4.772830
v -1.123920 -1.083019 -3.984500
v 0.992909 -0.410988 -4.342000
v 1.334110 -0.020688 -3.941860
v 1.301700 0.075231 -3.937480
v 1.286750 0.092179 -4.048920
v 1.262190 0.169267 -3.939630
v 1.217600 0.250468 -3.932980
v 1.136430 0.324694 -3.927170
v 1.063580 0.458776 -3.978400
v 1.065150 0.412658 -4.046150
v 1.031420 0.543696 -4.142930
v 0.968195 0.622587 -4.257390
v 0.328110 -1.122651 3.166490
v 0.092104 -1.175941 3.141870
v 0.002380 -1.145800 3.131970
v -0.316066 -1.112641 2.977830
v -0.279021 -1.109440 3.049800
v -0.306891 -1.105201 3.106770
v -0.391227 -1.099890 3.050300
v -0.222120 -1.115461 3.041460
v -0.249193 -1.126881 2.944050
v -0.223988 -1.102790 3.129130
v 0.252181 -1.074980 2.612310
v 0.300208 -1.065990 2.600300
v 0.342198 -1.075711 2.640170
v 0.286390 -1.097320 2.687630
v 0.320326 -1.070560 2.527420
v 0.391324 -1.070980 2.554060
v 0.253510 -1.077730 2.512130
v 0.280347 -1.071750 2.403880
v 0.186366 -1.080900 2.500490
v 0.198844 -1.060440 2.388360
v 0.357684 -1.079420 2.421680
v 0.192846 -1.085181 2.613550
v 0.131043 -1.086650 2.608880
v 0.117763 -1.085240 2.492200
v 0.225955 -1.114141 2.709180
v 0.164165 -1.115350 2.714420
v 0.098675 -1.110780 2.715390
v 0.065287 -1.080900 2.605790
v 0.212819 -1.152010 2.802940
v 0.279416 -1.143440 2.784270
v 0.143564 -1.150800 2.812610
v 0.070402 -1.151050 2.816470
v 0.028901 -1.101300 2.715900
v 0.191565 -1.172171 2.907180
v 0.267170 -1.174490 2.887250
v 0.113241 -1.171350 2.918060
v 0.033206 -1.181991 2.922430
v -0.003777 -1.150950 2.818740
v 0.156647 -1.184551 3.029410
v 0.243827 -1.176021 3.006360
v 0.066410 -1.191821 3.036950
v -0.015740 -1.171111 3.035500
v -0.044959 -1.176510 2.925510
v 0.198297 -1.180020 3.137370
v -0.078823 -1.145581 2.821770
v -0.117609 -1.160080 2.927820
v -0.151471 -1.137450 2.827010
v -0.088318 -1.140150 3.033950
v -0.156413 -1.124010 3.035250
v -0.184693 -1.143570 2.932650
v -0.073371 -1.112211 3.128670
v -0.147968 -1.103370 3.132530
v -0.406479 -1.064040 2.924220
v -0.424186 -1.011420 2.792110
v -0.350981 -1.084481 2.879150
v -0.377996 -1.034261 2.770690
v -0.289061 -1.104841 2.853120
v -0.323258 -1.065290 2.750760
v -0.221810 -1.123721 2.836740
v -0.261160 -1.096491 2.734670
v -0.189931 -1.114020 2.723130
v -0.231824 -1.106910 2.613920
v -0.304391 -1.088691 2.624500
v -0.115320 -1.110230 2.716880
v -0.154739 -1.078210 2.606590
v -0.042337 -1.101511 2.715480
v -0.079221 -1.060400 2.602690
v -0.005353 -1.065090 2.603440
v -0.028389 -1.052070 2.482560
v -0.109001 -1.030740 2.484210
v 0.046989 -1.087600 2.486440
v 0.033668 -1.064150 2.368050
v -0.048108 -1.060340 2.364290
v 0.115099 -1.060510 2.375700
v 0.115010 -1.038500 2.256100
v 0.022889 -1.057230 2.250090
v 0.214236 -1.022780 2.272150
v 0.223671 -1.027370 2.148060
v 0.118231 -1.047380 2.136780
v 0.305909 -1.031910 2.289810
v 0.320151 -1.021730 2.165870
v 0.389825 -1.051180 2.307590
v 0.408355 -1.045340 2.184740
v 0.473974 -1.058390 2.330840
v 0.497501 -1.060800 2.213430
v 0.436910 -1.077160 2.446140
v 0.518804 -1.082740 2.480410
v 0.559993 -1.076020 2.364810
v 0.468869 -1.086151 2.589050
v 0.548569 -1.102520 2.629930
v 0.603883 -1.091500 2.518930
v 0.409988 -1.102960 2.682710
v 0.483840 -1.113091 2.728050
v 0.345460 -1.125190 2.747280
v 0.413445 -1.133340 2.804200
v 0.341273 -1.159320 2.855410
v 0.405029 -1.163031 2.929460
v 0.483125 -1.136711 2.866570
v 0.325564 -1.174590 2.973580
v 0.383040 -1.148250 3.067300
v 0.468896 -1.144360 3.010830
v 0.297055 -1.164760 3.112620
v 0.556224 -1.138880 2.938130
v -0.462375 -0.980232 2.669610
v -0.519325 -0.965466 2.542990
v -0.417298 -1.009071 2.655340
v -0.476552 -1.010580 2.536440
v -0.365505 -1.048890 2.637740
v -0.425376 -1.068560 2.526790
v -0.353913 -1.095120 2.512450
v -0.399993 -1.098980 2.397000
v -0.482437 -1.078220 2.411910
v -0.275334 -1.077470 2.500000
v -0.314788 -1.064590 2.381670
v -0.192479 -1.038790 2.490470
v -0.227793 -1.035390 2.370150
v -0.136612 -1.039350 2.364660
v -0.157816 -1.084910 2.249910
v -0.252090 -1.079220 2.253590
v -0.065553 -1.085750 2.250240
v -0.074386 -1.120120 2.138060
v -0.172298 -1.121640 2.140210
v 0.017747 -1.075490 2.136430
v 0.011752 -1.075110 2.034890
v -0.084868 -1.129500 2.026290
v 0.116701 -1.043680 2.032800
v 0.102135 -1.028180 1.930110
v -0.002761 -1.034160 1.926180
v 0.220244 -1.024880 2.033160
v 0.204705 -1.023400 1.930130
v 0.321676 -1.025940 2.044340
v 0.311513 -1.018900 1.934900
v 0.419715 -1.048610 2.065460
v 0.422525 -1.035780 1.952850
v 0.515304 -1.077750 2.098090
v 0.526641 -1.070960 1.982000
v 0.613315 -1.089760 2.132670
v 0.629755 -1.077480 2.011920
v 0.590787 -1.077180 2.248010
v 0.687818 -1.089020 2.284370
v 0.716079 -1.089570 2.164040
v 0.650256 -1.086170 2.402580
v 0.741123 -1.097700 2.439190
v 0.785392 -1.104230 2.318360
v 0.688298 -1.103140 2.559630
v 0.762543 -1.088261 2.596390
v 0.822470 -1.086260 2.470380
v 0.626340 -1.105621 2.675750
v 0.694188 -1.088100 2.720440
v 0.558128 -1.115080 2.781160
v 0.634446 -1.120570 2.840930
v -0.595846 -0.968334 2.418730
v -0.679045 -0.988846 2.309920
v -0.547812 -1.021980 2.418960
v -0.611368 -1.030200 2.300750
v -0.531782 -1.073390 2.293700
v -0.575918 -1.072340 2.180370
v -0.672628 -1.047450 2.189860
v -0.440326 -1.102030 2.280440
v -0.476047 -1.090750 2.166480
v -0.345474 -1.098560 2.265780
v -0.374686 -1.092450 2.153620
v -0.272906 -1.094790 2.145380
v -0.293846 -1.095800 2.032810
v -0.400661 -1.086810 2.040720
v -0.187339 -1.136740 2.025410
v -0.204774 -1.107890 1.916130
v -0.310809 -1.084930 1.920360
v -0.103037 -1.080510 1.917360
v -0.112922 -1.069210 1.803010
v -0.215886 -1.073490 1.801240
v -0.009076 -1.035630 1.807630
v -0.005451 -1.075530 1.691360
v -0.113801 -1.086340 1.687380
v 0.096259 -1.040450 1.812450
v 0.104009 -1.066860 1.696030
v 0.197196 -1.051380 1.819020
v 0.209338 -1.065070 1.702040
v 0.304244 -1.030110 1.822650
v 0.312566 -1.056280 1.708140
v 0.417176 -1.020490 1.834050
v 0.420059 -1.056410 1.720530
v 0.530928 -1.023560 1.857730
v 0.532435 -1.055100 1.740350
v 0.639318 -1.037580 1.885350
v 0.645075 -1.058320 1.762240
v 0.747866 -1.069430 1.914750
v 0.757791 -1.067280 1.785010
v 0.736252 -1.078470 2.040680
v 0.843788 -1.104810 2.073030
v 0.856089 -1.096210 1.946700
v 0.819115 -1.102570 2.195780
v 0.915898 -1.091320 2.224610
v 0.949332 -1.103150 2.106390
v 0.871176 -1.087680 2.344470
v -0.758915 -1.024600 2.205090
v -0.817219 -1.043470 2.114200
v -0.724092 -1.072990 2.087640
v -0.753183 -1.089320 1.980990
v -0.838781 -1.037150 2.014020
v -0.612518 -1.073620 2.069370
v -0.642275 -1.080590 1.956540
v -0.505432 -1.085580 2.053460
v -0.526149 -1.074540 1.940780
v -0.417596 -1.068670 1.928160
v -0.432535 -1.066180 1.814930
v -0.543882 -1.086520 1.828020
v -0.323493 -1.062430 1.804540
v -0.334760 -1.060690 1.686420
v -0.444901 -1.092330 1.700420
v -0.222468 -1.061620 1.682800
v -0.227652 -1.064240 1.565830
v -0.341946 -1.077530 1.571750
v -0.113933 -1.070760 1.569270
v -0.118884 -1.084360 1.451640
v -0.232166 -1.095460 1.453200
v -0.003997 -1.069880 1.575370
v -0.009158 -1.088290 1.455380
v 0.105787 -1.067590 1.579910
v 0.098768 -1.099460 1.460320
v 0.213812 -1.076090 1.585390
v 0.206707 -1.110090 1.466160
v 0.319066 -1.092000 1.595250
v 0.314889 -1.113910 1.474880
v 0.425314 -1.106610 1.608570
v 0.422915 -1.116060 1.486200
v 0.533772 -1.107140 1.623960
v 0.530867 -1.116190 1.499440
v 0.643032 -1.106460 1.641630
v 0.638489 -1.116210 1.514140
v 0.752873 -1.099340 1.659780
v 0.745432 -1.104870 1.528540
v 0.861240 -1.062990 1.677670
v 0.852015 -1.059980 1.539080
v 0.863530 -1.079150 1.812820
v 0.955823 -1.070810 1.841740
v 0.957644 -1.049240 1.698210
v 0.958797 -1.085240 1.979170
v -0.871646 -1.049280 1.883320
v -0.876053 -1.052110 1.750960
v -0.759264 -1.084040 1.864630
v -0.747605 -1.058500 1.743910
v -0.649798 -1.092190 1.844780
v -0.646705 -1.086710 1.728890
v -0.543648 -1.097710 1.715930
v -0.544452 -1.097860 1.597980
v -0.639466 -1.081470 1.609210
v -0.449418 -1.104580 1.585390
v -0.451756 -1.112090 1.466190
v -0.552432 -1.105050 1.474290
v -0.345069 -1.107000 1.458360
v -0.346636 -1.117710 1.337400
v -0.455686 -1.118620 1.341870
v -0.236222 -1.116470 1.334260
v -0.237804 -1.119000 1.208720
v -0.347681 -1.119540 1.211540
v -0.125627 -1.115240 1.332730
v -0.127493 -1.118580 1.207200
v -0.015409 -1.116220 1.333470
v -0.017075 -1.118260 1.207290
v 0.094492 -1.117610 1.336240
v 0.093179 -1.118100 1.209150
v 0.204048 -1.118070 1.341190
v 0.203027 -1.117860 1.212950
v 0.313039 -1.117380 1.348360
v 0.312271 -1.117650 1.218630
v 0.421321 -1.116310 1.357600
v 0.420654 -1.117360 1.226120
v 0.528792 -1.116280 1.368670
v 0.527960 -1.116970 1.235170
v 0.635335 -1.116290 1.381000
v 0.633966 -1.116600 1.245460
v 0.740208 -1.109080 1.392700
v 0.738453 -1.116220 1.256520
v 0.840755 -1.071080 1.397160
v 0.837476 -1.101080 1.263580
v 0.927899 -1.037290 1.400170
v 0.919613 -1.058770 1.259610
v 0.947015 -1.038740 1.552100
v 0.917935 -1.062400 1.122660
v 0.927539 -1.063210 0.982894
v 0.942484 -1.044160 0.836391
v -0.823891 -1.029290 1.494580
v -0.804040 -1.030490 1.365830
v -0.854798 -1.044570 1.621430
v -0.748514 -1.060290 1.616300
v -0.734343 -1.059370 1.491000
v -0.647013 -1.091550 1.483080
v -0.657932 -1.108500 1.353630
v -0.749761 -1.085580 1.359820
v -0.557904 -1.114960 1.348140
v -0.562001 -1.116680 1.219460
v -0.662518 -1.111720 1.223120
v -0.456766 -1.119390 1.215330
v -0.457906 -1.113580 1.087100
v -0.562078 -1.112290 1.090440
v -0.349001 -1.113000 1.083560
v -0.351747 -1.118840 0.954796
v -0.461319 -1.117640 0.958311
v -0.239133 -1.111620 1.080880
v -0.241261 -1.117580 0.951987
v -0.128619 -1.110030 1.079280
v -0.130142 -1.116160 0.950065
v -0.017839 -1.109550 1.078900
v -0.018720 -1.114710 0.949124
v 0.092867 -1.109050 1.079920
v 0.092763 -1.111560 0.949315
v 0.203203 -1.110200 1.082500
v 0.204161 -1.106840 0.950689
v 0.312876 -1.113140 1.086680
v 0.315078 -1.102610 0.953304
v 0.421659 -1.116430 1.092440
v 0.425125 -1.100440 0.957209
v 0.529364 -1.117520 1.099620
v 0.533992 -1.101800 0.962548
v 0.635732 -1.117560 1.108090
v 0.641485 -1.107230 0.969564
v 0.740441 -1.116520 1.117790
v 0.747447 -1.111050 0.977999
v 0.839503 -1.105320 1.125820
v 0.847289 -1.098760 0.985053
v 0.857753 -1.070870 0.840293
v 0.757805 -1.093230 0.837459
v 0.874834 -1.071160 0.697857
v 0.770799 -1.104300 0.699080
v 0.967543 -1.041320 0.691674
v 0.983697 -1.033420 0.553995
v 0.891789 -1.064100 0.561268
v 0.986812 -1.016130 0.417524
v -0.810890 -1.054190 1.101580
v -0.838950 -1.069430 0.976575
v -0.809177 -1.050680 1.232160
v -0.756706 -1.100150 1.227290
v -0.756010 -1.101390 1.097740
v -0.662840 -1.111400 1.093820
v -0.671721 -1.114160 0.966370
v -0.763865 -1.099780 0.970158
v -0.568002 -1.115650 0.962138
v -0.575951 -1.115740 0.834619
v -0.683470 -1.114950 0.839823
v -0.466582 -1.116210 0.830170
v -0.472904 -1.110520 0.703482
v -0.585533 -1.110050 0.709044
v -0.355497 -1.117140 0.826213
v -0.359953 -1.112540 0.698718
v -0.243825 -1.117760 0.822976
v -0.246796 -1.112510 0.694692
v -0.131755 -1.118580 0.820529
v -0.133417 -1.112130 0.691427
v -0.019428 -1.118930 0.818896
v -0.019814 -1.112080 0.688927
v 0.092944 -1.119470 0.818208
v 0.093825 -1.112980 0.687327
v 0.205216 -1.119610 0.818599
v 0.207474 -1.113830 0.686732
v 0.317154 -1.118290 0.819979
v 0.321003 -1.114480 0.687163
v 0.428564 -1.114160 0.822359
v 0.434253 -1.115430 0.688710
v 0.539607 -1.108030 0.826055
v 0.547277 -1.115950 0.691425
v 0.649936 -1.103590 0.831354
v 0.660070 -1.116300 0.695410
v 0.671516 -1.105450 0.560544
v 0.556157 -1.104250 0.557484
v 0.784403 -1.093240 0.562876
v 0.797162 -1.087410 0.428431
v 0.682042 -1.105690 0.427699
v 0.906013 -1.060170 0.426087
v 0.923218 -1.065770 0.293106
v 0.810451 -1.090480 0.296743
v 1.009690 -1.015160 0.278901
v 1.037360 -1.028780 0.150437
v 0.938449 -1.056300 0.161371
v -0.862393 -1.083150 0.854031
v -0.903155 -1.089670 0.736540
v -0.783049 -1.106030 0.845564
v -0.801191 -1.100340 0.723318
v -0.697269 -1.114840 0.715565
v -0.709831 -1.115760 0.593862
v -0.820902 -1.101420 0.603836
v -0.594805 -1.116790 0.585806
v -0.601478 -1.103830 0.464100
v -0.718113 -1.106470 0.474411
v -0.479942 -1.115800 0.578757
v -0.486515 -1.107090 0.455096
v -0.365267 -1.112980 0.572633
v -0.370241 -1.110130 0.447461
v -0.250564 -1.110150 0.567331
v -0.254055 -1.113600 0.440991
v -0.135704 -1.108390 0.562909
v -0.137729 -1.115130 0.435551
v -0.020662 -1.106790 0.559404
v -0.021239 -1.115320 0.431121
v 0.094535 -1.105550 0.556866
v 0.095463 -1.114820 0.427755
v 0.209904 -1.104310 0.555389
v 0.212316 -1.114000 0.425505
v 0.325326 -1.103790 0.554975
v 0.329371 -1.113130 0.424336
v 0.440738 -1.103350 0.555633
v 0.446695 -1.112170 0.424313
v 0.564300 -1.110520 0.425501
v 0.572076 -1.107060 0.295160
v 0.452873 -1.114000 0.294436
v 0.691455 -1.100140 0.296278
v 0.701758 -1.090910 0.166300
v 0.579804 -1.086380 0.165231
v 0.823249 -1.083630 0.166010
v 0.832665 -1.103230 0.038503
v 0.710086 -1.103820 0.038069
v 0.954309 -1.094170 0.037713
v 0.965486 -1.116420 -0.085912
v 0.841152 -1.116200 -0.087235
v 1.081170 -1.107070 0.042366
v 1.107490 -1.141080 -0.081114
v -0.921225 -1.072240 0.617322
v -0.926154 -1.038460 0.502491
v -0.823177 -1.074580 0.487566
v -0.818140 -1.055740 0.370404
v -0.919783 -1.020390 0.387099
v -0.715780 -1.095450 0.355354
v -0.711698 -1.081390 0.234598
v -0.816843 -1.051720 0.250716
v -0.603549 -1.105050 0.342970
v -0.611405 -1.108630 0.220066
v -0.491983 -1.113960 0.331902
v -0.497386 -1.114830 0.207783
v -0.374962 -1.113110 0.322626
v -0.380063 -1.116430 0.197352
v -0.257394 -1.111040 0.314892
v -0.261342 -1.116420 0.188621
v -0.139652 -1.110170 0.308444
v -0.142208 -1.116240 0.181446
v -0.021660 -1.110930 0.303217
v -0.022630 -1.114880 0.175660
v 0.096563 -1.113390 0.299230
v 0.097381 -1.111590 0.171203
v 0.215050 -1.115420 0.296484
v 0.217670 -1.109330 0.167975
v 0.333826 -1.116190 0.294884
v 0.338129 -1.108210 0.165990
v 0.458631 -1.094990 0.164991
v 0.463930 -1.097670 0.036635
v 0.341528 -1.109990 0.037872
v 0.586991 -1.094070 0.036718
v 0.592959 -1.114010 -0.089542
v 0.468915 -1.113850 -0.089756
v 0.717018 -1.116290 -0.088567
v 0.724449 -1.117640 -0.214031
v 0.599111 -1.118660 -0.215143
v 0.849593 -1.116460 -0.212299
v 0.858262 -1.116390 -0.335654
v 0.731961 -1.115420 -0.338009
v 0.974720 -1.116680 -0.210343
v 0.984639 -1.117020 -0.332702
v 1.118250 -1.137450 -0.210412
v 1.127330 -1.135010 -0.331683
v -0.927281 -1.033910 0.268744
v -0.927019 -1.035700 0.146818
v -0.822320 -1.055470 0.127412
v -0.831869 -1.051390 0.001057
v -0.933528 -1.036230 0.022639
v -0.715652 -1.078340 0.110391
v -0.722716 -1.075190 -0.016902
v -0.615523 -1.104940 0.094982
v -0.625426 -1.108380 -0.032751
v -0.504447 -1.116190 0.081822
v -0.512157 -1.118200 -0.045784
v -0.385520 -1.116640 0.070889
v -0.391875 -1.119630 -0.056595
v -0.265568 -1.116600 0.061749
v -0.270403 -1.120000 -0.065622
v -0.144999 -1.116640 0.054271
v -0.148253 -1.120050 -0.072944
v -0.023883 -1.116990 0.048316
v -0.025461 -1.119470 -0.078710
v 0.097597 -1.114710 0.043719
v 0.097748 -1.118060 -0.083178
v 0.219420 -1.112400 0.040263
v 0.221266 -1.117080 -0.086487
v 0.345022 -1.116200 -0.088689
v 0.348148 -1.117250 -0.214621
v 0.222760 -1.116780 -0.212713
v 0.473617 -1.117760 -0.215402
v 0.478296 -1.115280 -0.340076
v 0.351257 -1.115640 -0.339638
v 0.605238 -1.114110 -0.339516
v 0.611790 -1.114160 -0.462791
v 0.483332 -1.115830 -0.463812
v 0.739827 -1.110140 -0.460512
v 0.748704 -1.102530 -0.582167
v 0.618485 -1.098660 -0.585020
v 0.867548 -1.111620 -0.457505
v 0.877743 -1.110530 -0.578487
v 0.994493 -1.116380 -0.453592
v 1.006000 -1.116320 -0.573581
v 1.128700 -1.126750 -0.448705
v 1.146020 -1.138270 -0.565524
v -0.940150 -1.026540 -0.103917
v -0.980385 -1.050850 -0.237903
v -0.853430 -1.063820 -0.128190
v -0.892772 -1.093210 -0.259911
v -0.750025 -1.097010 -0.147303
v -0.778344 -1.115410 -0.278134
v -0.641424 -1.113730 -0.162216
v -0.656737 -1.116870 -0.291681
v -0.521813 -1.114620 -0.174382
v -0.532752 -1.117720 -0.302825
v -0.399356 -1.113980 -0.184581
v -0.407835 -1.119580 -0.312228
v -0.275970 -1.114170 -0.193107
v -0.282329 -1.116840 -0.320135
v -0.151946 -1.114930 -0.200073
v -0.156247 -1.112990 -0.326529
v -0.027360 -1.115710 -0.205501
v -0.029694 -1.115320 -0.331636
v 0.097578 -1.116400 -0.209672
v 0.097141 -1.115420 -0.335436
v 0.224155 -1.115480 -0.338102
v 0.225872 -1.115050 -0.462430
v 0.097120 -1.112770 -0.460098
v 0.354628 -1.115410 -0.463675
v 0.357956 -1.107790 -0.586915
v 0.227426 -1.104820 -0.586236
v 0.488388 -1.106320 -0.586624
v 0.493775 -1.117460 -0.707947
v 0.361614 -1.112800 -0.708893
v 0.625589 -1.112760 -0.706310
v 0.633081 -1.114790 -0.826238
v 0.499415 -1.111320 -0.828137
v 0.757149 -1.106130 -0.703430
v 0.766274 -1.115490 -0.822866
v 0.888043 -1.109880 -0.698648
v 0.899146 -1.109770 -0.817647
v 1.018470 -1.116010 -0.692633
v 1.031490 -1.114610 -0.810849
v 1.162510 -1.141670 -0.684982
v 1.185190 -1.148220 -0.804210
v -1.068440 -1.053960 -0.485855
v -1.007230 -1.018020 -0.363686
v -0.917979 -1.067320 -0.383075
v -0.947395 -1.074780 -0.511510
v -0.798580 -1.109790 -0.406822
v -0.820060 -1.105920 -0.533404
v -0.672539 -1.116650 -0.419871
v -0.688774 -1.116830 -0.546076
v -0.545002 -1.116250 -0.430290
v -0.557584 -1.117720 -0.556037
v -0.417056 -1.115000 -0.438952
v -0.426634 -1.116290 -0.564263
v -0.288798 -1.113040 -0.446177
v -0.295791 -1.114490 -0.571089
v -0.160249 -1.109900 -0.452066
v -0.164946 -1.113270 -0.576604
v -0.031529 -1.108590 -0.456630
v -0.034117 -1.110500 -0.580902
v 0.096732 -1.104870 -0.584047
v 0.096400 -1.116410 -0.706579
v -0.036466 -1.115800 -0.703775
v 0.229132 -1.113850 -0.708481
v 0.231287 -1.113390 -0.829278
v 0.096771 -1.113340 -0.827849
v 0.365507 -1.112550 -0.829450
v 0.369424 -1.111710 -0.949688
v 0.233364 -1.114500 -0.949699
v 0.505079 -1.102550 -0.948113
v 0.510599 -1.117790 -1.067490
v 0.373252 -1.118800 -1.069060
v 0.640510 -1.102980 -0.945572
v 0.647546 -1.106060 -1.064740
v 0.775600 -1.109580 -0.941593
v 0.784135 -1.101360 -1.060410
v 0.910108 -1.112340 -0.936116
v 0.920661 -1.107400 -1.054060
v 1.044360 -1.116410 -0.928579
v 1.056810 -1.115960 -1.045950
v 1.194940 -1.139800 -0.920812
v 1.196940 -1.120600 -1.036170
v -1.073890 -1.037960 -0.616801
v -1.084840 -1.026460 -0.750450
v -0.966422 -1.077650 -0.641443
v -0.982906 -1.080470 -0.765851
v -0.839046 -1.098050 -0.657919
v -0.854967 -1.097370 -0.781458
v -0.704083 -1.111690 -0.670080
v -0.717153 -1.097340 -0.793120
v -0.569730 -1.115540 -0.679928
v -0.579608 -1.103030 -0.801959
v -0.435999 -1.111090 -0.688000
v -0.444574 -1.116130 -0.810251
v -0.302553 -1.111160 -0.694566
v -0.308652 -1.113040 -0.816853
v -0.169415 -1.113700 -0.699778
v -0.173026 -1.108980 -0.821797
v -0.037949 -1.114250 -0.825341
v -0.039809 -1.116410 -0.946281
v -0.176909 -1.115910 -0.942769
v 0.096947 -1.115850 -0.948566
v 0.097429 -1.117440 -1.068470
v -0.041070 -1.117070 -1.066370
v 0.235560 -1.118430 -1.069370
v 0.237907 -1.115970 -1.188520
v 0.098167 -1.115980 -1.187790
v 0.377222 -1.116230 -1.188030
v 0.381031 -1.113870 -1.306660
v 0.240295 -1.114180 -1.307300
v 0.516146 -1.116320 -1.186210
v 0.521424 -1.113840 -1.304680
v 0.654676 -1.116370 -1.182980
v 0.661426 -1.114040 -1.301240
v 0.792900 -1.114250 -1.178410
v 0.801124 -1.113850 -1.296250
v 0.930952 -1.104970 -1.172130
v 0.940638 -1.113440 -1.289520
v 1.068760 -1.111510 -1.163260
v 1.079840 -1.116420 -1.280450
v 1.206000 -1.116340 -1.152480
v 1.218690 -1.116330 -1.269380
v -1.098110 -1.021910 -0.878376
v -1.094910 -1.027750 -1.001340
v -0.993663 -1.071640 -0.890103
v -1.007290 -1.076850 -1.013240
v -0.868628 -1.102640 -0.903564
v -0.881803 -1.112240 -1.024740
v -0.728951 -1.093980 -0.915404
v -0.740999 -1.111070 -1.035420
v -0.589182 -1.095110 -0.924525
v -0.599514 -1.099810 -1.046060
v -0.452530 -1.116940 -0.931508
v -0.459411 -1.115550 -1.052120
v -0.314460 -1.117370 -0.937832
v -0.319452 -1.116700 -1.058250
v -0.180021 -1.116850 -1.063020
v -0.182530 -1.117690 -1.182760
v -0.323682 -1.117820 -1.178220
v -0.041945 -1.116630 -1.185890
v -0.042446 -1.114130 -1.305090
v -0.184532 -1.114740 -1.302200
v 0.099153 -1.114710 -1.306750
v 0.100462 -1.116310 -1.425520
v -0.042463 -1.117150 -1.424040
v 0.242899 -1.114870 -1.425860
v 0.245363 -1.116450 -1.544350
v 0.101740 -1.116530 -1.544090
v 0.384952 -1.114500 -1.425070
v 0.388614 -1.116120 -1.543500
v 0.526664 -1.115970 -1.422960
v 0.531573 -1.114360 -1.541390
v 0.668000 -1.116580 -1.419380
v 0.674148 -1.113220 -1.537820
v 0.809039 -1.116830 -1.414180
v 0.816297 -1.114420 -1.532580
v 0.949760 -1.116460 -1.407120
v 0.958156 -1.116500 -1.525390
v 1.091130 -1.117080 -1.397570
v 1.105810 -1.120650 -1.513520
v 1.233060 -1.118090 -1.385510
v 1.251650 -1.123630 -1.500140
v -1.119870 -1.039010 -1.121940
v -1.137170 -0.984628 -1.247730
v -1.028030 -1.087860 -1.129870
v -1.031000 -1.044230 -1.246080
v -0.892546 -1.113530 -1.145170
v -0.898360 -1.090140 -1.265540
v -0.751094 -1.127140 -1.156240
v -0.758111 -1.123610 -1.278670
v -0.607858 -1.103770 -1.166000
v -0.614102 -1.110610 -1.286140
v -0.465412 -1.116030 -1.172370
v -0.470238 -1.114580 -1.292540
v -0.327124 -1.117240 -1.297960
v -0.329586 -1.113180 -1.417770
v -0.473981 -1.111450 -1.412850
v -0.185888 -1.117240 -1.421440
v -0.186779 -1.116510 -1.540530
v -0.331417 -1.106150 -1.537560
v -0.042326 -1.116690 -1.542800
v -0.041885 -1.116730 -1.661520
v -0.187226 -1.116550 -1.659630
v 0.103141 -1.117330 -1.662630
v 0.104543 -1.115550 -1.781150
v -0.041285 -1.115330 -1.780200
v 0.247784 -1.117680 -1.662840
v 0.250068 -1.114610 -1.781370
v 0.392092 -1.117910 -1.662040
v 0.395326 -1.114400 -1.780700
v 0.536108 -1.117670 -1.660040
v 0.540282 -1.114410 -1.778990
v 0.679732 -1.117190 -1.656640
v 0.684870 -1.114680 -1.776030
v 0.822932 -1.115620 -1.651630
v 0.828971 -1.115410 -1.771540
v 0.967466 -1.114300 -1.643930
v 0.974237 -1.115100 -1.764390
v 1.117290 -1.119660 -1.631550
v 1.129580 -1.123160 -1.750470
v 1.274390 -1.132210 -1.613640
v 1.278320 -1.125650 -1.735560
v -1.159660 -0.971983 -1.379470
v -1.165790 -0.992581 -1.503820
v -1.040960 -1.027080 -1.376440
v -1.051230 -1.045230 -1.507140
v -0.908126 -1.074810 -1.389790
v -0.913338 -1.046400 -1.522930
v -0.762224 -1.106680 -1.400310
v -0.762039 -1.082060 -1.523200
v -0.618914 -1.114930 -1.406790
v -0.620811 -1.110000 -1.528220
v -0.476825 -1.112530 -1.533200
v -0.478890 -1.115080 -1.653770
v -0.622489 -1.105280 -1.650610
v -0.332928 -1.113480 -1.657180
v -0.333638 -1.114540 -1.776690
v -0.480135 -1.115620 -1.774430
v -0.187354 -1.114940 -1.778690
v -0.187200 -1.117090 -1.897530
v -0.333919 -1.115780 -1.896240
v -0.040579 -1.117860 -1.898710
v -0.039865 -1.115190 -2.017070
v -0.186929 -1.116510 -2.016200
v 0.105891 -1.118080 -1.899580
v 0.107127 -1.114460 -2.017900
v 0.252151 -1.118190 -1.899930
v 0.253989 -1.115920 -2.018470
v 0.398189 -1.119390 -1.899600
v 0.400667 -1.120400 -2.018620
v 0.544021 -1.118860 -1.898400
v 0.547223 -1.119390 -2.018090
v 0.689529 -1.118620 -1.896130
v 0.693556 -1.119370 -2.016770
v 0.834581 -1.116970 -1.892470
v 0.839530 -1.116850 -2.014270
v 0.979833 -1.117050 -1.886560
v 0.984963 -1.116500 -2.010020
v 1.132140 -1.122910 -1.874950
v 1.131940 -1.118130 -2.002390
v 1.284320 -1.127900 -1.859200
v 1.283670 -1.123110 -1.988890
v -1.203330 -1.028230 -2.153480
v -1.197180 -1.064590 -2.271480
v -1.182190 -1.000250 -2.038640
v -1.174140 -0.981179 -1.918030
v -1.167230 -0.970453 -1.780670
v -1.154750 -0.986581 -1.634710
v -1.049830 -1.061220 -1.637200
v -1.042290 -1.048240 -1.772940
v -0.924015 -1.035560 -1.671450
v -0.922178 -1.075580 -1.781990
v -0.764987 -1.060790 -1.659650
v -0.767083 -1.078790 -1.778040
v -0.625224 -1.108540 -1.773330
v -0.626434 -1.105250 -1.894670
v -0.772669 -1.093940 -1.891770
v -0.480894 -1.117860 -1.895030
v -0.481135 -1.125000 -2.015000
v -0.626848 -1.103660 -2.014810
v -0.333897 -1.118780 -2.015410
v -0.333850 -1.119990 -2.134270
v -0.480965 -1.125260 -2.134780
v -0.186679 -1.119560 -2.134500
v -0.186409 -1.123340 -2.252350
v -0.333660 -1.123630 -2.252540
v -0.039290 -1.120530 -2.135130
v -0.038894 -1.121580 -2.252800
v 0.108110 -1.121890 -2.135960
v 0.108665 -1.120260 -2.253750
v 0.255502 -1.122740 -2.136830
v 0.256178 -1.121760 -2.255100
v 0.402843 -1.121750 -2.137690
v 0.403837 -1.123630 -2.256520
v 0.549894 -1.116580 -2.138030
v 0.551515 -1.117130 -2.257940
v 0.696848 -1.116590 -2.137830
v 0.699116 -1.115770 -2.259200
v 0.843653 -1.116820 -2.136770
v 0.846667 -1.118360 -2.259810
v 0.990124 -1.116870 -2.134240
v 0.994136 -1.117500 -2.259360
v 1.135670 -1.114310 -2.129090
v 1.135800 -1.096600 -2.255870
v 1.273250 -1.083860 -2.115600
v 1.268370 -1.043300 -2.241810
v -1.188980 -1.028330 -2.525150
v -1.200200 -1.084010 -2.635910
v -1.188150 -1.042210 -2.393740
v -1.059510 -1.098580 -2.385320
v -1.053480 -1.079280 -2.507740
v -1.062080 -1.106310 -2.266340
v -0.917964 -1.083980 -2.260020
v -0.916441 -1.091230 -2.380060
v -1.057010 -1.079640 -2.149580
v -0.919415 -1.092390 -2.139170
v -1.043220 -1.046150 -2.031270
v -0.917666 -1.102830 -2.017720
v -1.038190 -1.040640 -1.906930
v -0.917332 -1.104150 -1.894610
v -0.774627 -1.084120 -2.011570
v -0.774565 -1.072090 -2.133330
v -0.626296 -1.096470 -2.134260
v -0.625579 -1.095570 -2.253630
v -0.772461 -1.077810 -2.255770
v -0.480539 -1.123820 -2.253580
v -0.480590 -1.121340 -2.371490
v -0.625725 -1.101340 -2.372880
v -0.333503 -1.120700 -2.370090
v -0.333445 -1.116670 -2.486890
v -0.480426 -1.118430 -2.488690
v -0.186226 -1.117870 -2.369590
v -0.186236 -1.116580 -2.486190
v -0.038733 -1.117040 -2.369980
v -0.038899 -1.119300 -2.486620
v 0.108851 -1.118820 -2.371160
v 0.108585 -1.120980 -2.488060
v 0.256486 -1.117970 -2.372970
v 0.256240 -1.116630 -2.490360
v 0.404300 -1.115780 -2.375100
v 0.403962 -1.118960 -2.493460
v 0.552139 -1.116180 -2.377720
v 0.551774 -1.120920 -2.497330
v 0.700090 -1.116910 -2.380530
v 0.699282 -1.107950 -2.501360
v 0.848199 -1.115130 -2.383010
v 0.848038 -1.091390 -2.505340
v 0.996431 -1.116510 -2.385200
v 0.996515 -1.106280 -2.511030
v 1.141120 -1.105110 -2.386520
v 1.144010 -1.105700 -2.514630
v 1.273930 -1.056660 -2.376700
v 1.281080 -1.071600 -2.510930
v 1.275860 -1.065009 -2.645370
v -1.203250 -1.099280 -2.751370
v -1.204940 -1.097919 -2.872490
v -1.063300 -1.105110 -2.744520
v -1.064450 -1.109930 -2.863850
v -1.058770 -1.090410 -2.626760
v -0.917167 -1.097550 -2.619110
v -0.917270 -1.091380 -2.737770
v -0.916076 -1.097780 -2.499850
v -0.771749 -1.098320 -2.496340
v -0.772687 -1.111840 -2.613380
v -0.771033 -1.089150 -2.377190
v -0.626293 -1.108400 -2.491570
v -0.626713 -1.117140 -2.608580
v -0.480199 -1.118860 -2.605120
v -0.479785 -1.116979 -2.720650
v -0.625930 -1.111410 -2.724590
v -0.333324 -1.116610 -2.602960
v -0.333146 -1.117589 -2.718150
v -0.186312 -1.117079 -2.602150
v -0.186431 -1.118860 -2.717260
v -0.039247 -1.120830 -2.602670
v -0.039626 -1.122530 -2.718020
v 0.108026 -1.118850 -2.604390
v 0.107035 -1.122329 -2.720210
v 0.255229 -1.121150 -2.607330
v 0.253446 -1.122310 -2.723900
v 0.402353 -1.122620 -2.611440
v 0.399993 -1.118530 -2.728870
v 0.549593 -1.116619 -2.616490
v 0.546685 -1.100209 -2.735050
v 0.696848 -1.089419 -2.621910
v 0.693251 -1.090790 -2.742630
v 0.845373 -1.095170 -2.629110
v 0.840313 -1.112870 -2.752380
v 0.992057 -1.100620 -2.636530
v 0.984266 -1.093830 -2.761980
v 1.137020 -1.077389 -2.641550
v 1.126470 -1.064820 -2.769770
v 1.264880 -1.055940 -2.775970
v 1.252010 -1.047880 -2.906870
v 1.116950 -1.069749 -2.896770
v 1.238810 -1.050140 -3.040180
v -1.205920 -1.105800 -2.990620
v -1.204940 -1.111400 -3.109270
v -1.065310 -1.116670 -2.981330
v -1.064590 -1.123780 -3.097060
v -0.916654 -1.102130 -2.971460
v -0.915428 -1.114450 -3.084130
v -0.916539 -1.090379 -2.856010
v -0.769451 -1.096290 -2.846720
v -0.769482 -1.103960 -2.961520
v -0.771403 -1.105950 -2.730190
v -0.624488 -1.104020 -2.839900
v -0.623658 -1.107130 -2.954020
v -0.479058 -1.114930 -2.835170
v -0.478054 -1.115939 -2.948470
v -0.332809 -1.116989 -2.832380
v -0.332288 -1.119630 -2.945540
v -0.186578 -1.117820 -2.831510
v -0.186753 -1.122140 -2.944860
v -0.040517 -1.120770 -2.832560
v -0.041406 -1.121410 -2.946310
v 0.105381 -1.122339 -2.835340
v 0.103697 -1.118410 -2.949690
v 0.251175 -1.118800 -2.839710
v 0.248585 -1.115380 -2.954830
v 0.396917 -1.114310 -2.845710
v 0.393578 -1.107610 -2.961800
v 0.542699 -1.095309 -2.853810
v 0.537824 -1.096950 -2.972100
v 0.687802 -1.103350 -2.863280
v 0.681616 -1.103449 -2.983030
v 0.833030 -1.115319 -2.874610
v 0.826297 -1.114640 -2.996630
v 0.975214 -1.093979 -2.886700
v 0.967428 -1.096990 -3.010080
v 1.106580 -1.069540 -3.023950
v 1.096310 -1.090000 -3.155010
v 0.963889 -1.124429 -3.136170
v 1.222150 -1.080140 -3.175980
v 1.208580 -1.135359 -3.312210
v 1.087450 -1.150599 -3.289710
v -1.201810 -1.113610 -3.230210
v -1.196240 -1.108059 -3.342720
v -1.061770 -1.126310 -3.210990
v -1.055480 -1.133299 -3.321330
v -0.911512 -1.114580 -3.195390
v -0.904945 -1.120259 -3.304150
v -0.764796 -1.115229 -3.184060
v -0.759112 -1.113960 -3.292460
v -0.768368 -1.113240 -3.073650
v -0.622091 -1.112779 -3.065870
v -0.619068 -1.118309 -3.175980
v -0.476439 -1.120120 -3.060360
v -0.474059 -1.127110 -3.170890
v -0.331236 -1.124820 -3.057630
v -0.329448 -1.126809 -3.168590
v -0.186429 -1.123819 -3.057290
v -0.185691 -1.124480 -3.168800
v -0.042020 -1.121279 -3.059250
v -0.042601 -1.123810 -3.171460
v 0.101910 -1.121410 -3.063410
v 0.099837 -1.122499 -3.176520
v 0.245508 -1.115070 -3.069180
v 0.241566 -1.112499 -3.183290
v 0.388828 -1.100870 -3.077120
v 0.383381 -1.091200 -3.191880
v 0.532116 -1.091680 -3.088950
v 0.524854 -1.086750 -3.204660
v 0.673724 -1.101969 -3.101660
v 0.663087 -1.114050 -3.220080
v 0.817823 -1.122300 -3.116990
v 0.808156 -1.141080 -3.239440
v 0.948792 -1.146530 -3.259310
v 0.941326 -1.192169 -3.389650
v 0.795714 -1.147829 -3.361630
v 1.053700 -1.130079 -3.405850
v 1.041730 -1.153789 -3.535090
v 0.923661 -1.192379 -3.512090
v 1.175310 -1.129079 -3.432550
v 1.139980 -1.102519 -3.553300
v 0.858199 -1.116469 -4.965960
v 0.866031 -1.116389 -4.914040
v 0.783928 -1.116469 -4.963610
v 0.789344 -1.116489 -4.907120
v 0.702384 -1.116459 -4.962040
v 0.706844 -1.116469 -4.902320
v 0.613291 -1.116459 -4.960770
v 0.616859 -1.116459 -4.898390
v 0.515256 -1.116459 -4.959800
v 0.518068 -1.116449 -4.895250
v 0.407884 -1.116459 -4.959150
v 0.410172 -1.116459 -4.892840
v 0.294233 -1.116449 -4.958480
v 0.295692 -1.116449 -4.890680
v 0.177891 -1.116449 -4.957960
v 0.178840 -1.116449 -4.889020
v 0.060554 -1.116449 -4.957550
v 0.061160 -1.116449 -4.887760
v -0.057175 -1.116449 -4.957260
v -0.056827 -1.116449 -4.886800
v -0.174940 -1.116449 -4.957000
v -0.174781 -1.116449 -4.886090
v -0.292489 -1.116449 -4.956670
v -0.292516 -1.116449 -4.885600
v -0.409579 -1.116449 -4.956360
v -0.409862 -1.116449 -4.885330
v -0.525965 -1.116449 -4.956300
v -0.526609 -1.116449 -4.885400
v -0.641598 -1.116459 -4.956450
v -0.642660 -1.116459 -4.885880
v -0.756173 -1.116459 -4.956830
v -0.757828 -1.116459 -4.886720
v -0.868690 -1.116459 -4.957190
v -0.871732 -1.116459 -4.888070
v -0.977393 -1.116439 -4.958360
v -0.984072 -1.116309 -4.891650
v -1.136010 -1.103439 -3.747420
v -1.114150 -1.116809 -3.857270
v -1.148030 -1.093029 -3.639600
v -1.018660 -1.149169 -3.632610
v -1.001970 -1.155059 -3.734600
v -1.166790 -1.093369 -3.542160
v -1.032130 -1.136819 -3.530880
v -1.188110 -1.105959 -3.446000
v -1.046520 -1.139989 -3.428000
v -0.896280 -1.133529 -3.410650
v -0.884641 -1.147939 -3.515460
v -0.751401 -1.121139 -3.399090
v -0.741153 -1.138529 -3.504550
v -0.608622 -1.119459 -3.391780
v -0.601194 -1.125719 -3.498280
v -0.614554 -1.116379 -3.284520
v -0.470801 -1.121480 -3.279980
v -0.466528 -1.119859 -3.388030
v -0.327595 -1.119490 -3.278240
v -0.325046 -1.119629 -3.387090
v -0.185230 -1.119070 -3.279220
v -0.184329 -1.120959 -3.388960
v -0.043560 -1.119779 -3.282830
v -0.044297 -1.124529 -3.393550
v 0.097387 -1.122010 -3.288980
v 0.095197 -1.124629 -3.400740
v 0.237638 -1.112509 -3.297060
v 0.234013 -1.110509 -3.410140
v 0.378087 -1.086859 -3.307460
v 0.372759 -1.089949 -3.422350
v 0.517329 -1.089809 -3.321440
v 0.510067 -1.098329 -3.437960
v 0.653949 -1.119949 -3.339140
v 0.642967 -1.117519 -3.456200
v 0.783189 -1.151499 -3.482190
v 0.767454 -1.136049 -3.598860
v 0.634872 -1.116169 -3.573510
v 0.905306 -1.184179 -3.632130
v 0.881080 -1.147369 -3.744720
v 0.756801 -1.129969 -3.715240
v 1.025940 -1.158899 -3.661220
v 1.004810 -1.143289 -3.779370
v 1.126250 -1.123989 -3.687200
v 1.109870 -1.116339 -3.810260
v 1.088960 -1.115859 -4.045070
v 1.072410 -1.116059 -4.154850
v 1.101140 -1.115519 -3.929190
v 0.986089 -1.121479 -3.892880
v 0.973829 -1.114889 -4.005560
v 0.961296 -1.115929 -4.113870
v 0.859573 -1.105409 -3.968130
v 0.851392 -1.098779 -4.075580
v 0.869830 -1.126779 -3.858670
v 0.746225 -1.114399 -3.827080
v 0.738330 -1.094599 -3.936250
v 0.732204 -1.066909 -4.042400
v 0.610918 -1.092879 -3.910140
v 0.604584 -1.069189 -4.016420
v 0.617572 -1.107519 -3.800480
v 0.487691 -1.111209 -3.778150
v 0.481748 -1.110159 -3.887660
v 0.625528 -1.111489 -3.688010
v 0.494275 -1.110539 -3.666540
v 0.361245 -1.101339 -3.647480
v 0.356427 -1.105549 -3.758770
v 0.502183 -1.101909 -3.552920
v 0.366882 -1.092749 -3.535310
v 0.229722 -1.103799 -3.521780
v 0.225614 -1.094379 -3.632420
v 0.222734 -1.093859 -3.742500
v 0.090409 -1.112989 -3.621840
v 0.087671 -1.105229 -3.731060
v 0.093086 -1.122029 -3.511780
v -0.044735 -1.125269 -3.503680
v -0.044858 -1.122369 -3.613120
v -0.045568 -1.119439 -3.721850
v -0.181535 -1.126269 -3.606930
v -0.179812 -1.126089 -3.715190
v -0.183202 -1.124559 -3.498200
v -0.322043 -1.120869 -3.495410
v -0.318811 -1.129379 -3.603390
v -0.314928 -1.128509 -3.711130
v -0.456206 -1.123559 -3.602490
v -0.450163 -1.123229 -3.709540
v -0.461523 -1.119079 -3.495440
v -0.593388 -1.124269 -3.604520
v -0.585220 -1.119419 -3.710750
v -0.730400 -1.139489 -3.609860
v -0.720184 -1.125289 -3.715030
v -0.576459 -1.117229 -3.817460
v -0.708742 -1.117759 -3.820690
v -0.443899 -1.117769 -3.816810
v -0.437947 -1.119029 -3.924460
v -0.567905 -1.117489 -3.924900
v -0.311177 -1.118079 -3.818650
v -0.307598 -1.118899 -3.926330
v -0.178434 -1.118159 -3.823010
v -0.176977 -1.118839 -3.930660
v -0.046221 -1.112929 -3.829980
v -0.046431 -1.115149 -3.937500
v 0.086069 -1.099799 -3.839210
v 0.084523 -1.100009 -3.945930
v 0.219958 -1.093199 -3.851180
v 0.216073 -1.099119 -3.958180
v 0.351656 -1.108849 -3.868190
v 0.346374 -1.116609 -3.975500
v 0.475900 -1.109169 -3.994980
v 0.469717 -1.107819 -4.099890
v 0.341387 -1.113799 -4.080830
v 0.596707 -1.055509 -4.121500
v 0.586658 -1.066849 -4.225740
v 0.463174 -1.111969 -4.202590
v 0.721268 -1.052029 -4.148070
v 0.708762 -1.056149 -4.250770
v 0.837507 -1.102369 -4.179970
v 0.821890 -1.098529 -4.279210
v 0.945704 -1.124529 -4.216160
v 0.928256 -1.131259 -4.312240
v 1.052380 -1.120179 -4.257030
v 1.029110 -1.127599 -4.351050
v 0.977806 -1.118639 -4.517750
v 0.951249 -1.115419 -4.596230
v 1.004660 -1.126349 -4.437620
v 0.908393 -1.125579 -4.402560
v 0.885804 -1.117859 -4.487930
v 0.862735 -1.115609 -4.571590
v 0.787910 -1.094569 -4.463260
v 0.768643 -1.098579 -4.551430
v 0.805982 -1.088849 -4.373380
v 0.696025 -1.063349 -4.349010
v 0.681564 -1.074739 -4.442420
v 0.666497 -1.079599 -4.533270
v 0.564647 -1.080789 -4.421220
v 0.554924 -1.088909 -4.514130
v 0.575841 -1.077039 -4.325780
v 0.455170 -1.105279 -4.303050
v 0.445890 -1.094959 -4.402030
v 0.438019 -1.100109 -4.500160
v 0.322398 -1.089209 -4.387140
v 0.315597 -1.091309 -4.488550
v 0.329864 -1.098509 -4.285450
v 0.201134 -1.074929 -4.272220
v 0.196301 -1.078979 -4.376210
v 0.336007 -1.109359 -4.184020
v 0.206699 -1.089909 -4.168280
v 0.078920 -1.095449 -4.156860
v 0.075478 -1.090399 -4.262810
v 0.211834 -1.099419 -4.064080
v 0.082330 -1.097879 -4.051770
v -0.046661 -1.113139 -4.044290
v -0.047450 -1.115409 -4.150570
v -0.048377 -1.107259 -4.256400
v -0.174508 -1.114719 -4.144760
v -0.173687 -1.107799 -4.251280
v -0.175615 -1.114149 -4.037880
v -0.304203 -1.114149 -4.033870
v -0.300926 -1.109699 -4.141170
v -0.298370 -1.104559 -4.248260
v -0.427452 -1.107239 -4.139940
v -0.423279 -1.101559 -4.247460
v -0.432334 -1.114319 -4.032230
v -0.559901 -1.114599 -4.032860
v -0.552954 -1.115149 -4.140960
v -0.547052 -1.113109 -4.248790
v -0.677597 -1.115859 -4.144080
v -0.669947 -1.115919 -4.252240
v -0.686649 -1.116069 -4.035710
v -0.812084 -1.114379 -4.040830
v -0.801034 -1.116069 -4.149390
v -0.697191 -1.116499 -3.927730
v -0.825977 -1.120479 -3.933560
v -0.964524 -1.145719 -3.946830
v -0.940662 -1.125779 -4.052070
v -0.841676 -1.137099 -3.827810
v -0.983388 -1.154379 -3.840540
v -1.093050 -1.125749 -3.970510
v -0.857247 -1.154219 -3.722910
v -0.871804 -1.160619 -3.619220
v -1.071790 -1.119079 -4.078950
v -1.043390 -1.114209 -4.185160
v -0.925875 -1.126869 -4.159740
v -0.917516 -1.133939 -4.270080
v -1.028700 -1.104979 -4.293820
v -0.791754 -1.126839 -4.258250
v -0.784555 -1.126199 -4.365480
v -0.905234 -1.119929 -4.374510
v -0.663516 -1.117499 -4.359470
v -0.658253 -1.121419 -4.465650
v -0.778694 -1.116219 -4.470940
v -0.541723 -1.116449 -4.355990
v -0.537454 -1.118259 -4.462460
v -0.419448 -1.116449 -4.354520
v -0.416490 -1.116459 -4.461040
v -0.296731 -1.116449 -4.354930
v -0.295188 -1.116449 -4.461230
v -0.173500 -1.116389 -4.357220
v -0.173503 -1.116459 -4.463000
v -0.049771 -1.115189 -4.361630
v -0.051310 -1.116959 -4.466600
v 0.072943 -1.100239 -4.368350
v 0.071092 -1.116469 -4.471990
v 0.192949 -1.101299 -4.479230
v 0.189338 -1.114319 -4.581280
v 0.068123 -1.119839 -4.575530
v 0.310478 -1.104869 -4.588900
v 0.304916 -1.116859 -4.688910
v 0.185077 -1.117689 -4.683540
v 0.431078 -1.111529 -4.597630
v 0.422830 -1.114019 -4.695690
v 0.543594 -1.085599 -4.609220
v 0.533076 -1.092939 -4.704670
v 0.651539 -1.078559 -4.624130
v 0.637321 -1.088699 -4.714960
v 0.749794 -1.095849 -4.638890
v 0.732758 -1.104089 -4.725890
v 0.840674 -1.115809 -4.655350
v 0.820407 -1.116259 -4.739150
v 0.926642 -1.115769 -4.675880
v 0.904029 -1.116079 -4.756220
v 0.883116 -1.116279 -4.835780
v 0.802671 -1.116459 -4.822990
v 0.717982 -1.114019 -4.813450
v 0.625989 -1.110809 -4.805900
v 0.525207 -1.110989 -4.799550
v 0.415682 -1.116269 -4.793910
v 0.299495 -1.116459 -4.789540
v 0.181355 -1.116449 -4.786110
v 0.062765 -1.116449 -4.783450
v 0.065139 -1.118369 -4.679380
v -0.054619 -1.118139 -4.676370
v -0.055904 -1.116449 -4.781480
v -0.052891 -1.123809 -4.571310
v -0.173610 -1.126529 -4.568550
v -0.174105 -1.116749 -4.674330
v -0.174448 -1.116449 -4.780130
v -0.293270 -1.116449 -4.673290
v -0.292765 -1.116449 -4.779350
v -0.294002 -1.127149 -4.567260
v -0.414050 -1.127109 -4.567180
v -0.412184 -1.116449 -4.673130
v -0.410749 -1.116449 -4.779130
v -0.530780 -1.116459 -4.673890
v -0.528290 -1.116449 -4.779500
v -0.533816 -1.127209 -4.568380
v -0.653548 -1.125179 -4.571000
v -0.649045 -1.116459 -4.675720
v -0.645294 -1.116459 -4.780530
v -0.767328 -1.116459 -4.679010
v -0.761980 -1.116459 -4.782480
v -0.773032 -1.117039 -4.575440
v -0.890673 -1.106169 -4.581720
v -0.886151 -1.116449 -4.684280
v -0.892872 -1.092279 -4.477410
v -0.979550 -1.044989 -4.485190
v -0.988743 -1.073919 -4.591670
v -1.008870 -1.082689 -4.387360
v -1.002890 -1.113019 -4.693210
v -0.994078 -1.115069 -4.792640
v -0.878553 -1.116459 -4.785860
vn -0.1537 -0.1316 0.9793
vn -0.0749 -0.4318 0.8989
vn 0.1143 0.8734 0.4735
vn 0.1143 0.8733 0.4735
vn 0.0774 0.4475 0.8909
vn -0.1538 -0.1316 0.9793
vn 0.2287 -0.2038 0.9519
vn 0.2288 -0.2038 0.9519
vn -0.0700 0.5699 0.8187
vn 0.1142 0.8733 0.4735
vn 0.2611 0.1997 0.9444
vn -0.1042 0.5326 0.8399
vn 0.0225 0.2974 0.9545
vn -0.1255 0.4109 0.9030
vn 0.0224 0.2973 0.9545
vn 0.2790 0.0045 0.9603
vn 0.2388 0.1512 0.9592
vn 0.0224 0.2974 0.9545
vn 0.1309 0.2422 0.9613
vn 0.1894 0.0036 0.9819
vn 0.1185 0.2897 0.9497
vn 0.2566 0.4272 0.8670
vn 0.0097 0.1219 0.9925
vn 0.0948 -0.0207 0.9953
vn 0.2447 -0.0822 0.9661
vn 0.1895 0.0036 0.9819
vn 0.2358 0.2148 0.9478
vn 0.2358 0.2147 0.9478
vn 0.3208 0.1204 0.9395
vn 0.2446 -0.0822 0.9661
vn 0.2446 -0.0821 0.9661
vn 0.3276 0.0648 0.9426
vn 0.0325 0.1198 0.9923
vn -0.0744 0.5087 0.8577
vn -0.1901 0.6239 0.7580
vn -0.1901 0.6238 0.7581
vn 0.1024 0.5540 0.8262
vn 0.1023 0.5540 0.8262
vn 0.1016 0.3956 0.9128
vn -0.3565 -0.3267 0.8753
vn -0.3791 -0.3726 0.8470
vn -0.4949 -0.2490 0.8325
vn -0.4978 -0.2226 0.8383
vn -0.3792 -0.3726 0.8470
vn -0.3115 -0.3731 0.8739
vn -0.3937 -0.2114 0.8946
vn -0.2849 -0.3164 0.9048
vn 0.1833 -0.1740 0.9675
vn 0.1913 -0.2809 0.9405
vn 0.2824 -0.2784 0.9180
vn 0.1990 -0.0952 0.9754
vn 0.2324 -0.3324 0.9141
vn 0.2922 -0.3007 0.9079
vn 0.2323 -0.3324 0.9141
vn 0.1879 -0.2958 0.9366
vn 0.3670 0.3901 0.8445
vn 0.4539 0.2634 0.8512
vn 0.5640 0.2079 0.7991
vn 0.5992 0.2155 0.7710
vn 0.3670 0.3900 0.8445
vn 0.6189 0.3145 0.7198
vn 0.3918 0.5516 0.7364
vn 0.5223 0.6173 0.5883
vn 0.6188 0.3146 0.7198
vn 0.3918 0.5515 0.7364
vn 0.3669 0.3900 0.8445
vn 0.3381 0.5693 0.7493
vn 0.4783 0.1332 0.8680
vn 0.3548 0.3179 0.8792
vn 0.6346 0.0482 0.7713
vn 0.4753 0.6337 0.6104
vn 0.5075 0.6081 0.6105
vn 0.4915 0.5950 0.6359
vn 0.4915 0.5949 0.6359
vn 0.5197 0.5668 0.6393
vn 0.5650 0.6328 0.5294
vn 0.4915 0.5949 0.6360
vn 0.5224 0.6173 0.5883
vn 0.4915 0.5950 0.6360
vn -0.3380 0.3653 0.8673
vn -0.1544 0.5746 0.8038
vn -0.3321 0.4778 0.8133
vn -0.5334 0.3079 0.7878
vn -0.3380 0.3653 0.8674
vn -0.3322 0.4778 0.8133
vn -0.1023 0.4814 0.8705
vn -0.2468 0.4982 0.8312
vn -0.0417 0.4061 0.9129
vn -0.6832 0.1282 0.7189
vn -0.6619 0.1521 0.7340
vn -0.6535 0.2567 0.7121
vn -0.5669 0.2939 0.7696
vn -0.7476 0.1409 0.6490
vn -0.7652 0.2060 0.6099
vn -0.6887 0.1021 0.7179
vn -0.7217 0.0391 0.6911
vn -0.7903 0.1133 0.6022
vn -0.6166 0.2845 0.7341
vn -0.6651 0.4955 0.5587
vn -0.7169 0.0801 0.6925
vn -0.7905 0.3942 0.4688
vn -0.7905 0.3941 0.4687
vn -0.6846 0.6268 0.3719
vn -0.7902 0.1133 0.6022
vn -0.7587 0.1799 0.6261
vn -0.7890 0.3949 0.4706
vn -0.4177 -0.1432 0.8972
vn -0.3088 -0.0502 0.9498
vn -0.0061 -0.3194 0.9476
vn -0.1912 -0.3340 0.9230
vn -0.7642 0.1310 0.6315
vn -0.6738 0.0999 0.7321
vn -0.7642 0.1310 0.6316
vn 0.0520 -0.1271 0.9905
vn 0.1045 -0.2298 0.9676
vn 0.0519 -0.1271 0.9905
vn -0.4137 0.1484 0.8982
vn -0.2158 -0.0590 0.9746
vn -0.6601 0.2090 0.7215
vn -0.4898 0.2524 0.8345
vn -0.4204 0.1073 0.9010
vn -0.3680 0.0969 0.9248
vn -0.5428 -0.0438 0.8387
vn -0.2916 0.2933 0.9105
vn -0.4898 0.2525 0.8345
vn -0.4600 0.0852 0.8838
vn -0.3681 0.0969 0.9247
vn -0.2926 0.2246 0.9295
vn -0.3680 0.0969 0.9247
vn -0.4951 -0.2315 0.8374
vn -0.5836 0.0033 0.8120
vn -0.4951 -0.2316 0.8374
vn -0.6844 -0.0900 0.7236
vn -0.4175 -0.3453 0.8406
vn 0.5257 -0.3753 0.7634
vn 0.3672 -0.5866 0.7218
vn 0.4002 -0.3402 0.8509
vn 0.4899 -0.4543 0.7440
vn 0.4002 -0.3402 0.8510
vn 0.6059 -0.3363 0.7209
vn 0.4191 -0.1903 0.8878
vn 0.6060 -0.3363 0.7209
vn 0.3672 -0.5866 0.7219
vn 0.7515 -0.2936 0.5908
vn -0.4811 0.1027 0.8706
vn -0.4666 0.1184 0.8765
vn -0.3533 -0.0511 0.9341
vn -0.4405 -0.2427 0.8643
vn -0.2872 0.1162 0.9508
vn -0.4666 0.1185 0.8765
vn -0.4810 0.1027 0.8707
vn -0.3585 0.0772 0.9303
vn -0.4667 0.1185 0.8765
vn -0.4663 0.0934 0.8797
vn 0.7426 0.2019 0.6386
vn 0.6338 -0.1006 0.7669
vn 0.5600 0.5090 0.6537
vn 0.6999 0.5003 0.5097
vn 0.7426 0.2018 0.6386
vn 0.6202 0.1152 0.7760
vn 0.7069 0.0449 0.7059
vn 0.5599 0.5090 0.6538
vn 0.6202 0.1152 0.7759
vn 0.4401 0.3714 0.8175
vn -0.8009 -0.3210 0.5054
vn -0.7138 -0.3078 0.6291
vn -0.8076 -0.1810 0.5613
vn -0.8725 -0.1595 0.4618
vn -0.6610 -0.3618 0.6574
vn -0.7680 -0.1000 0.6325
vn -0.6726 -0.5220 0.5244
vn -0.6806 -0.5141 0.5220
vn -0.6727 -0.5220 0.5244
vn 0.8917 0.1827 0.4140
vn 0.8441 -0.2370 0.4810
vn 0.7963 0.4175 0.4377
vn 0.7963 0.4175 0.4378
vn 0.8738 0.3858 0.2960
vn 0.8917 0.1827 0.4141
vn 0.8441 -0.2370 0.4809
vn 0.8471 -0.3586 0.3921
vn 0.8918 0.1827 0.4140
vn 0.8383 -0.1216 0.5314
vn 0.7069 0.0449 0.7058
vn 0.6811 -0.1338 0.7199
vn 0.6919 -0.0347 0.7212
vn 0.8607 -0.2320 0.4533
vn 0.6810 -0.1338 0.7199
vn -0.5740 -0.4213 0.7021
vn -0.7447 -0.3952 0.5377
vn -0.7744 -0.3721 0.5117
vn -0.5840 -0.2698 0.7656
vn -0.7493 -0.5277 0.4001
vn -0.7664 -0.4095 0.4948
vn -0.7744 -0.3720 0.5117
vn -0.7709 -0.3736 0.5159
vn -0.9912 0.0777 0.1070
vn -0.9669 -0.1780 -0.1831
vn -0.9818 0.1895 0.0148
vn -0.9818 0.1895 0.0149
vn -0.9854 0.1196 0.1208
vn -0.7982 -0.6024 -0.0055
vn -0.9668 -0.1780 -0.1831
vn -0.9816 -0.1864 -0.0412
vn -0.9863 -0.1648 0.0097
vn -0.6852 -0.6356 -0.3557
vn -0.6351 -0.7556 -0.1605
vn -0.9863 -0.1649 0.0097
vn -0.9825 0.1858 -0.0150
vn -0.7847 -0.6024 -0.1462
vn -0.7958 0.2417 0.5553
vn -0.7293 0.3701 0.5755
vn -0.9232 0.2604 0.2827
vn -0.9352 0.2721 0.2265
vn -0.7293 0.3700 0.5755
vn -0.6695 0.2878 0.6848
vn -0.6695 0.2879 0.6848
vn -0.8788 0.3078 0.3647
vn -0.9526 0.1361 0.2721
vn -0.7957 0.2417 0.5553
vn -0.8919 0.1339 0.4321
vn -0.8381 0.5052 0.2058
vn -0.9526 0.1362 0.2721
vn -0.9526 0.1362 0.2720
vn -0.9354 0.3479 0.0632
vn -0.6696 0.2641 0.6941
vn -0.8307 0.5536 0.0578
vn -0.7733 0.6340 -0.0009
vn -0.8307 0.5537 0.0579
vn -0.9146 0.3481 0.2056
vn -0.8307 0.5536 0.0579
vn -0.8820 0.4575 0.1130
vn -0.9146 0.3481 0.2057
vn -0.6696 0.2641 0.6942
vn 0.6871 0.1044 0.7191
vn 0.9028 -0.1150 0.4143
vn 0.9946 -0.0572 0.0865
vn 0.9946 -0.0573 0.0865
vn 0.8491 0.2733 0.4521
vn 0.6871 0.1044 0.7190
vn 0.9028 -0.1151 0.4143
vn 0.8932 -0.0387 0.4480
vn 0.8932 -0.0388 0.4480
vn 0.9985 0.0335 -0.0432
vn 0.9029 -0.1150 0.4143
vn 0.6870 0.1044 0.7191
vn 0.6866 0.0491 0.7254
vn 0.9041 -0.3272 -0.2749
vn 0.8660 -0.4495 0.2193
vn 0.9825 -0.1096 0.1505
vn 0.9825 -0.1096 0.1504
vn 0.9808 -0.0493 -0.1887
vn 0.9041 -0.3271 -0.2748
vn 0.8365 -0.5445 0.0611
vn 0.9041 -0.3272 -0.2748
vn 0.8534 -0.5132 -0.0913
vn 0.8660 -0.4495 0.2192
vn 0.8417 -0.3170 0.4370
vn 0.6932 -0.1973 0.6932
vn 0.7769 -0.6207 0.1055
vn 0.8708 -0.4813 0.0999
vn 0.8418 -0.3170 0.4370
vn 0.8366 -0.5445 0.0611
vn 0.8284 -0.5513 0.0992
vn 0.9169 0.1067 0.3845
vn 0.8647 0.2535 0.4337
vn 0.9979 0.0644 0.0112
vn 0.9820 0.0931 0.1643
vn 0.9979 0.0645 0.0112
vn 0.9811 -0.0329 0.1908
vn 0.9924 -0.1209 -0.0246
vn 0.9486 0.2153 0.2318
vn 0.9423 0.1637 0.2919
vn 0.9664 0.1186 0.2280
vn 0.9170 0.1067 0.3845
vn 0.9164 0.0383 0.3984
vn 0.9908 0.1161 0.0697
vn 0.9258 -0.3176 0.2049
vn 0.9343 -0.0119 0.3562
vn 0.9434 0.0616 0.3260
vn 0.9561 0.0274 0.2917
vn 0.9433 0.0616 0.3260
vn 0.9726 -0.1900 0.1341
vn 0.9726 -0.1900 0.1340
vn 0.9706 0.0769 0.2283
vn 0.8876 -0.4467 0.1127
vn 0.9723 0.2219 0.0739
vn 0.9641 0.2006 0.1739
vn 0.9921 0.1144 0.0524
vn 0.9921 0.1136 0.0532
vn 0.9887 0.1142 0.0972
vn 0.9723 0.2219 0.0738
vn 0.9984 0.0153 0.0545
vn 0.9963 -0.0586 0.0628
vn 0.9813 0.0265 -0.1905
vn -0.9934 0.0981 0.0592
vn -0.9603 0.0349 0.2767
vn -0.9373 0.1419 0.3184
vn -0.9346 0.1798 0.3068
vn -0.9923 -0.1014 0.0713
vn -0.9739 -0.1393 -0.1792
vn -0.9923 -0.1013 0.0713
vn -0.9373 0.1418 0.3184
vn -0.9655 -0.0344 0.2583
vn 0.9997 0.0051 -0.0234
vn 0.9928 -0.0787 0.0905
vn 0.9857 -0.0655 -0.1550
vn 0.9507 -0.0657 -0.3030
vn 0.9997 0.0051 -0.0233
vn 0.9850 0.0476 -0.1661
vn -0.9671 -0.1226 0.2229
vn -0.9639 0.0160 0.2657
vn -0.9403 -0.0677 0.3336
vn -0.9671 -0.1228 0.2226
vn -0.9895 -0.0544 0.1341
vn -0.9735 0.0292 0.2267
vn -0.9775 0.0857 0.1927
vn -0.9895 -0.0545 0.1341
vn -0.9639 0.0160 0.2656
vn -0.9786 -0.1267 0.1620
vn -0.9624 -0.1950 0.1890
vn -0.9541 -0.2222 0.2008
vn -0.9624 -0.1949 0.1890
vn -0.9853 -0.1225 -0.1187
vn -0.9735 0.0291 0.2267
vn -0.9039 0.0545 0.4243
vn -0.9343 0.2423 0.2616
vn -0.9599 0.0594 0.2739
vn -0.9007 0.0632 0.4298
vn -0.9038 0.0546 0.4244
vn -0.9686 -0.0919 0.2311
vn -0.9038 0.0545 0.4244
vn -0.9178 0.1189 0.3789
vn -0.9686 -0.0920 0.2311
vn -0.9802 -0.1956 0.0321
vn -0.9396 -0.1479 0.3086
vn -0.9302 -0.0961 0.3542
vn -0.9617 0.0749 0.2637
vn -0.9754 0.0481 0.2150
vn -0.9121 -0.3866 0.1362
vn -0.9396 -0.1480 0.3086
vn -0.8389 -0.4717 0.2717
vn -0.9331 0.2164 0.2872
vn -0.9851 -0.1224 0.1207
vn -0.5448 0.7777 -0.3136
vn -0.4709 0.8763 -0.1014
vn -0.6314 0.6911 -0.3517
vn -0.5708 0.7267 -0.3823
vn -0.5427 0.8371 0.0692
vn -0.6519 0.7021 -0.2866
vn -0.4709 0.8763 -0.1013
vn -0.2768 0.9570 -0.0863
vn -0.4305 0.8953 0.1141
vn -0.4650 0.8759 -0.1291
vn -0.5652 0.8192 -0.0972
vn -0.4001 0.9042 -0.1495
vn -0.5611 0.8137 -0.1521
vn -0.6041 0.7833 -0.1468
vn -0.6201 0.7810 -0.0744
vn -0.6211 0.7512 -0.2234
vn -0.6041 0.7832 -0.1468
vn -0.6896 0.6988 0.1901
vn -0.7254 0.6739 0.1399
vn -0.6629 0.7478 0.0377
vn -0.6375 0.7691 0.0448
vn -0.6896 0.6988 0.1900
vn -0.6181 0.7574 0.2104
vn -0.6840 0.6851 0.2505
vn -0.7254 0.6740 0.1399
vn -0.6181 0.7574 0.2105
vn -0.5564 0.8304 0.0284
vn -0.8319 -0.4374 -0.3416
vn -0.7007 -0.6316 -0.3318
vn -0.6435 -0.7275 -0.2381
vn -0.6435 -0.7275 -0.2382
vn -0.6641 -0.7304 -0.1595
vn -0.8038 -0.2579 -0.5361
vn -0.7146 -0.6619 -0.2263
vn -0.7007 -0.6315 -0.3318
vn -0.8319 -0.4373 -0.3416
vn -0.8166 -0.1030 -0.5679
vn -0.6792 0.7282 0.0922
vn -0.5762 0.8146 0.0660
vn -0.5624 0.8225 0.0853
vn -0.5792 0.7989 0.1622
vn -0.6792 0.7282 0.0923
vn -0.5624 0.8225 0.0854
vn -0.3832 0.9015 0.2008
vn -0.3844 0.9009 0.2015
vn -0.4147 0.9060 0.0843
vn -0.4450 0.8521 -0.2756
vn -0.5578 0.8259 -0.0821
vn -0.4450 0.8520 -0.2757
vn -0.2763 0.9599 0.0473
vn -0.4450 0.8520 -0.2756
vn -0.3214 0.9363 -0.1417
vn -0.2764 0.9599 0.0474
vn -0.3542 0.9037 0.2403
vn -0.8058 -0.3911 -0.4447
vn -0.6125 -0.3978 -0.6831
vn -0.6419 -0.3131 -0.7000
vn -0.7908 -0.3913 -0.4707
vn -0.7140 -0.2101 -0.6679
vn -0.8892 -0.2112 -0.4058
vn -0.6419 -0.3130 -0.7000
vn -0.4830 -0.2188 -0.8479
vn -0.7398 0.2105 -0.6391
vn -0.7389 0.0569 -0.6714
vn -0.6275 0.0774 -0.7747
vn -0.6275 0.0775 -0.7747
vn -0.6914 0.2222 -0.6874
vn -0.7945 -0.0035 -0.6073
vn -0.7945 -0.0036 -0.6073
vn -0.7755 -0.0914 -0.6247
vn -0.8289 -0.0682 -0.5553
vn 0.9286 0.3681 -0.0461
vn 0.6666 0.6439 -0.3756
vn 0.7892 0.6087 -0.0811
vn 0.7892 0.6088 -0.0812
vn 0.9068 0.4046 0.1182
vn 0.9286 0.3681 -0.0462
vn 0.6665 0.6439 -0.3756
vn 0.4236 0.8215 -0.3818
vn 0.4040 0.8724 -0.2750
vn 0.7892 0.6087 -0.0812
vn 0.6061 0.6008 -0.5213
vn 0.6061 0.6007 -0.5213
vn 0.4691 0.7602 -0.4495
vn 0.6449 0.7030 -0.2999
vn 0.4886 0.6912 -0.5325
vn 0.5186 0.5798 -0.6284
vn 0.6814 0.6508 -0.3349
vn 0.4418 0.4656 -0.7668
vn 0.8658 0.4144 -0.2807
vn 0.4885 0.6912 -0.5325
vn 0.4419 0.4656 -0.7668
vn 0.4418 0.4655 -0.7668
vn 0.3011 0.4005 -0.8654
vn -0.5387 0.8415 -0.0409
vn -0.4427 0.8482 -0.2908
vn -0.7423 0.6618 -0.1051
vn -0.7302 0.6741 0.1115
vn -0.5387 0.8415 -0.0408
vn -0.3167 0.8716 -0.3742
vn -0.3794 0.9121 -0.1556
vn -0.3167 0.8716 -0.3741
vn -0.4428 0.8482 -0.2909
vn -0.6846 0.6452 -0.3390
vn -0.6847 0.6452 -0.3390
vn -0.7285 0.6246 -0.2813
vn -0.3300 0.8691 -0.3685
vn -0.4428 0.8482 -0.2908
vn -0.2030 0.9415 -0.2689
vn -0.6263 0.5843 -0.5161
vn 0.3823 0.1369 -0.9138
vn 0.9003 0.1615 -0.4042
vn 0.7726 -0.1746 -0.6104
vn 0.7726 -0.1746 -0.6105
vn 0.4149 -0.0746 -0.9068
vn 0.9523 0.1278 -0.2770
vn 0.9714 -0.0498 -0.2320
vn 0.8023 0.3695 -0.4688
vn 0.8023 0.3696 -0.4688
vn 0.9069 0.2816 -0.3133
vn 0.3823 0.1370 -0.9138
vn 0.4474 0.4036 -0.7981
vn -0.5389 0.4088 -0.7365
vn -0.6425 0.3902 -0.6595
vn -0.6838 0.2269 -0.6935
vn -0.6839 0.2269 -0.6934
vn -0.5629 0.3354 -0.7554
vn -0.5389 0.4088 -0.7366
vn -0.7623 0.4233 -0.4895
vn -0.7965 0.4636 -0.3881
vn -0.7624 0.4233 -0.4895
vn -0.6953 0.4475 -0.5625
vn -0.8850 0.4345 -0.1672
vn -0.9064 0.3218 -0.2737
vn -0.7970 0.4106 -0.4429
vn -0.7767 0.4442 -0.4465
vn -0.8850 0.4346 -0.1673
vn -0.7971 0.4106 -0.4429
vn -0.9808 -0.1566 -0.1166
vn -0.9557 0.0916 -0.2797
vn -0.9801 0.1785 0.0865
vn -0.9064 0.3217 -0.2737
vn -0.8834 0.4131 0.2210
vn -0.8834 0.4132 0.2210
vn -0.9018 0.3577 0.2423
vn -0.9801 0.1786 0.0865
vn -0.9807 -0.1566 -0.1166
vn -0.9989 0.0467 -0.0107
vn -0.8850 0.4346 -0.1672
vn -0.8649 0.4620 0.1963
vn -0.4155 -0.4987 0.7607
vn -0.1798 -0.5187 0.8358
vn -0.1940 -0.2121 0.9578
vn -0.1940 -0.2120 0.9578
vn -0.4672 -0.2494 0.8482
vn -0.1798 -0.5187 0.8359
vn -0.0401 -0.4062 0.9129
vn 0.0470 -0.1602 0.9860
vn -0.1941 -0.2120 0.9578
vn 0.1380 0.3544 0.9249
vn -0.1681 0.2599 0.9509
vn 0.1198 0.1024 0.9875
vn -0.0386 -0.2343 0.9714
vn 0.2239 0.2986 0.9278
vn 0.2036 0.2847 0.9367
vn 0.1180 0.4372 0.8916
vn 0.1718 0.4202 0.8910
vn 0.1198 0.1025 0.9875
vn 0.1401 0.2703 0.9525
vn 0.1969 0.1646 0.9665
vn 0.1595 0.2078 0.9651
vn 0.1015 0.3956 0.9128
vn 0.1401 0.2702 0.9525
vn 0.1970 0.1646 0.9665
vn 0.2241 0.2047 0.9528
vn 0.2036 0.0373 0.9783
vn 0.1650 0.0535 0.9848
vn -0.0240 0.3737 0.9273
vn -0.0240 0.3737 0.9272
vn 0.1377 -0.0152 0.9904
vn 0.0834 -0.0274 0.9961
vn 0.2007 -0.0139 0.9796
vn -0.1257 0.1544 0.9800
vn -0.0240 0.3736 0.9273
vn 0.0072 -0.1783 0.9840
vn 0.0834 -0.0275 0.9961
vn 0.1033 0.1687 0.9802
vn 0.1270 -0.1969 0.9722
vn 0.1034 0.1687 0.9802
vn 0.1978 -0.1868 0.9623
vn 0.1884 -0.1850 0.9645
vn 0.1989 -0.0952 0.9754
vn 0.0578 -0.0698 0.9959
vn 0.0032 -0.1966 0.9805
vn 0.0578 -0.0697 0.9959
vn 0.1210 -0.0306 0.9922
vn -0.0282 0.0940 0.9952
vn -0.1097 0.0443 0.9930
vn -0.0282 0.0939 0.9952
vn 0.1210 -0.0307 0.9922
vn -0.0281 0.0939 0.9952
vn -0.0113 0.1738 0.9847
vn 0.0391 0.1526 0.9875
vn -0.0217 0.1641 0.9862
vn 0.0390 0.1526 0.9875
vn -0.0255 0.4835 0.8750
vn -0.0112 0.1738 0.9847
vn -0.0913 0.3800 0.9205
vn -0.0968 0.1984 0.9753
vn 0.1180 0.4373 0.8916
vn -0.0554 0.5905 0.8051
vn -0.4298 0.6230 0.6536
vn -0.3728 0.6229 0.6877
vn -0.4298 0.6230 0.6535
vn -0.4710 0.1979 0.8597
vn -0.1681 0.2600 0.9509
vn -0.8491 0.2890 0.4422
vn -0.7172 0.5644 0.4088
vn -0.9137 -0.1008 0.3937
vn -0.9581 -0.2780 0.0693
vn -0.9803 -0.0890 0.1761
vn -0.7567 -0.4557 0.4688
vn -0.9581 -0.2781 0.0693
vn -0.9568 -0.2908 0.0025
vn -0.7567 -0.4557 0.4687
vn 0.4961 -0.0954 0.8630
vn 0.5384 -0.2983 0.7881
vn 0.6305 -0.4490 0.6331
vn 0.6280 -0.3366 0.7017
vn 0.4960 -0.0954 0.8630
vn 0.2791 0.0045 0.9603
vn 0.6396 -0.1829 0.7467
vn 0.8692 -0.2060 0.4496
vn 0.8383 -0.3831 0.3880
vn 0.5594 0.0857 0.8245
vn 0.6396 -0.1829 0.7466
vn 0.8692 -0.2061 0.4495
vn 0.8595 -0.0782 0.5051
vn 0.6506 0.0138 0.7593
vn 0.8595 -0.0781 0.5051
vn 0.8256 0.1543 0.5427
vn 0.5593 0.0857 0.8245
vn 0.3277 0.0648 0.9426
vn 0.6170 0.5749 0.5374
vn 0.7558 0.3318 0.5644
vn 0.6170 0.5749 0.5375
vn 0.4088 0.5756 0.7083
vn 0.4088 0.5755 0.7082
vn 0.4088 0.5755 0.7083
vn 0.1185 0.2897 0.9498
vn 0.7559 0.3318 0.5644
vn 0.6229 0.4117 0.6652
vn 0.7577 0.3866 0.5258
vn 0.8306 0.1459 0.5374
vn 0.7576 0.3866 0.5258
vn 0.4543 0.6830 0.5720
vn 0.6247 0.6121 0.4848
vn 0.5197 0.5668 0.6392
vn 0.4543 0.6830 0.5719
vn 0.4753 0.6336 0.6104
vn 0.4767 0.6771 0.5606
vn 0.6248 0.6121 0.4848
vn 0.5100 0.6202 0.5960
vn 0.4768 0.6770 0.5606
vn 0.6394 0.5185 0.5677
vn 0.4768 0.6771 0.5606
vn 0.5100 0.6202 0.5961
vn 0.4793 0.5337 0.6967
vn 0.6724 0.3920 0.6278
vn 0.8211 0.1837 0.5403
vn 0.7496 0.2887 0.5956
vn 0.8211 0.1838 0.5404
vn 0.7632 -0.1919 0.6170
vn 0.8211 0.1838 0.5403
vn 0.7496 0.2886 0.5956
vn 0.7545 -0.1591 0.6368
vn 0.6346 0.0483 0.7713
vn 0.8211 0.1837 0.5404
vn 0.6071 -0.0664 0.7919
vn 0.4226 -0.1826 0.8877
vn 0.6070 -0.0664 0.7919
vn 0.6596 -0.2541 0.7074
vn 0.2272 -0.0317 0.9733
vn 0.0458 -0.0465 0.9979
vn 0.2272 -0.0316 0.9733
vn -0.1804 0.2090 0.9611
vn -0.3805 -0.0518 0.9233
vn -0.1803 0.2090 0.9612
vn -0.1803 0.2090 0.9611
vn -0.1803 0.2089 0.9612
vn 0.3548 0.3180 0.8792
vn -0.1091 0.3189 0.9415
vn -0.3804 -0.0518 0.9233
vn -0.2636 -0.0187 0.9644
vn -0.0125 0.6594 0.7517
vn 0.2194 0.5561 0.8016
vn 0.4154 0.4200 0.8069
vn 0.2193 0.5561 0.8016
vn 0.2188 0.4974 0.8395
vn 0.1261 0.7706 0.6248
vn 0.5251 0.2861 0.8015
vn 0.1261 0.7705 0.6248
vn 0.2554 0.6035 0.7554
vn 0.5251 0.2862 0.8015
vn 0.5992 0.2156 0.7710
vn 0.5641 0.2079 0.7991
vn 0.5296 0.0752 0.8449
vn 0.3715 0.0084 0.9284
vn 0.4761 0.1577 0.8651
vn 0.4280 0.1336 0.8938
vn 0.4762 0.1577 0.8651
vn 0.3581 -0.0364 0.9330
vn 0.4280 0.1336 0.8939
vn 0.1880 -0.2958 0.9366
vn 0.3581 -0.0365 0.9330
vn 0.0949 -0.0207 0.9953
vn 0.1310 0.2422 0.9613
vn 0.2708 -0.1743 0.9467
vn 0.2707 -0.1743 0.9467
vn 0.1315 -0.1865 0.9736
vn 0.0424 0.0059 0.9991
vn 0.2921 -0.3007 0.9079
vn 0.1409 -0.2553 0.9565
vn -0.1072 -0.3043 0.9465
vn 0.1410 -0.2553 0.9565
vn 0.1316 -0.1865 0.9736
vn -0.1497 -0.2019 0.9679
vn 0.2285 -0.3097 0.9230
vn -0.1073 -0.3043 0.9465
vn -0.0808 -0.3384 0.9375
vn -0.2849 -0.3165 0.9048
vn -0.2728 -0.0941 0.9575
vn -0.2658 -0.0084 0.9640
vn -0.1521 0.3551 0.9224
vn -0.2901 0.3344 0.8967
vn -0.4096 0.0085 0.9122
vn -0.2901 0.3343 0.8967
vn -0.2378 0.5111 0.8260
vn -0.0217 0.1642 0.9862
vn -0.0218 0.1641 0.9862
vn -0.5288 0.4695 0.7070
vn -0.5988 0.2339 0.7660
vn -0.5289 0.4695 0.7070
vn -0.6526 0.4483 0.6109
vn -0.0969 0.1984 0.9753
vn -0.5961 0.6408 0.4837
vn -0.6526 0.4482 0.6109
vn -0.7616 0.1385 0.6330
vn -0.3729 0.6229 0.6878
vn -0.4967 0.6210 0.6063
vn -0.3729 0.6229 0.6877
vn -0.6846 0.6268 0.3720
vn -0.7172 0.5644 0.4087
vn -0.6846 0.6269 0.3719
vn -0.9246 0.0793 0.3725
vn -0.9229 -0.0149 0.3848
vn -0.9246 0.0794 0.3725
vn -0.8405 -0.5041 0.1983
vn -0.9247 0.0793 0.3725
vn -0.9803 -0.0890 0.1762
vn -0.7371 -0.6385 0.2214
vn -0.8579 -0.0892 0.5059
vn -0.7371 -0.6384 0.2214
vn -0.6856 -0.7275 -0.0261
vn -0.8405 -0.5041 0.1984
vn -0.4947 -0.8691 0.0026
vn -0.7995 -0.6003 -0.0217
vn -0.4858 -0.8741 -0.0051
vn -0.9568 -0.2908 0.0026
vn -0.9581 -0.2781 0.0692
vn -0.4475 -0.8740 0.1892
vn -0.4858 -0.8741 -0.0052
vn -0.4177 -0.8721 0.2548
vn -0.4475 -0.8740 0.1893
vn 0.8297 -0.4677 0.3047
vn 0.8066 -0.5199 0.2812
vn 0.8289 -0.4910 0.2680
vn 0.8774 -0.3145 0.3622
vn 0.8084 -0.4705 0.3536
vn 0.8775 -0.3145 0.3622
vn 0.9227 -0.2276 0.3113
vn 0.9058 -0.1964 0.3754
vn 0.8692 -0.2060 0.4495
vn 0.9322 -0.1261 0.3392
vn 0.8857 -0.2304 0.4030
vn 0.9226 -0.2276 0.3113
vn 0.9143 0.0240 0.4044
vn 0.8793 -0.1885 0.4373
vn 0.9143 0.0241 0.4044
vn 0.8703 0.0342 0.4913
vn 0.8256 0.1544 0.5427
vn 0.8738 0.3859 0.2960
vn 0.8793 -0.1885 0.4374
vn 0.9054 -0.0929 0.4143
vn 0.7176 0.5397 0.4402
vn 0.8738 0.3858 0.2959
vn 0.8738 0.3859 0.2959
vn 0.8703 0.0343 0.4913
vn 0.7176 0.5398 0.4402
vn 0.8817 0.3424 0.3244
vn 0.9054 -0.0928 0.4143
vn 0.8322 -0.1780 0.5252
vn 0.9128 -0.0594 0.4040
vn 0.8818 0.3424 0.3244
vn 0.8817 0.3424 0.3245
vn 0.8817 0.3425 0.3244
vn 0.8219 0.0339 0.5686
vn 0.9288 -0.1562 0.3362
vn 0.8088 -0.0435 0.5865
vn 0.9288 -0.1562 0.3361
vn 0.7548 -0.3398 0.5611
vn 0.8432 0.0459 0.5357
vn 0.9248 0.2846 0.2524
vn 0.9559 0.1040 0.2747
vn 0.9248 0.2845 0.2524
vn 0.9411 -0.1207 0.3158
vn 0.8431 0.0459 0.5357
vn 0.9818 0.1375 0.1308
vn 0.9411 -0.1207 0.3159
vn 0.9888 -0.1259 0.0802
vn 0.9929 -0.0520 0.1074
vn 0.9888 -0.1259 0.0803
vn 0.8607 -0.2319 0.4533
vn 0.8471 -0.3587 0.3921
vn 0.9419 0.1844 0.2806
vn 0.9929 -0.0519 0.1074
vn 0.9793 0.1152 0.1667
vn 0.8606 -0.2320 0.4533
vn 0.9888 -0.1260 0.0802
vn 0.8433 0.1777 0.5073
vn 0.9462 0.1035 0.3065
vn 0.9682 0.1274 0.2155
vn 0.7618 -0.0129 0.6477
vn 0.9462 0.1035 0.3064
vn 0.8865 -0.0283 0.4619
vn 0.7617 -0.0129 0.6477
vn 0.7617 -0.0129 0.6478
vn 0.8144 -0.1841 0.5504
vn 0.8865 -0.0284 0.4619
vn 0.8346 -0.2037 0.5117
vn 0.8144 -0.1841 0.5503
vn 0.6811 -0.1337 0.7199
vn 0.5878 -0.2125 0.7806
vn 0.8346 -0.2037 0.5118
vn 0.6160 -0.2983 0.7291
vn 0.6035 -0.1652 0.7800
vn 0.6918 -0.0347 0.7212
vn 0.2981 0.0772 0.9514
vn 0.2418 -0.0869 0.9664
vn 0.6036 -0.1652 0.7800
vn 0.2980 0.0772 0.9514
vn 0.4712 0.3160 0.8235
vn 0.2419 -0.0869 0.9664
vn 0.4479 -0.1343 0.8840
vn 0.4705 0.3169 0.8235
vn 0.4479 -0.1343 0.8839
vn 0.4654 -0.3023 0.8319
vn 0.2768 -0.2966 0.9140
vn 0.4654 -0.3024 0.8319
vn 0.7380 -0.3239 0.5920
vn 0.7285 -0.2555 0.6356
vn 0.7380 -0.3240 0.5920
vn 0.4675 -0.3648 0.8052
vn 0.7285 -0.2555 0.6357
vn 0.6421 -0.3430 0.6856
vn 0.6596 -0.2541 0.7073
vn 0.7544 -0.1591 0.6368
vn 0.7272 -0.2073 0.6543
vn 0.6421 -0.3429 0.6856
vn 0.7535 -0.3837 0.5339
vn 0.3555 -0.2375 0.9040
vn 0.7272 -0.2074 0.6543
vn 0.2221 -0.0604 0.9731
vn 0.3555 -0.2374 0.9040
vn 0.0317 0.0192 0.9993
vn 0.0163 -0.0463 0.9988
vn 0.0316 0.0192 0.9993
vn 0.4227 -0.1826 0.8877
vn -0.2384 -0.0780 0.9680
vn -0.1874 -0.0423 0.9814
vn -0.3870 -0.0882 0.9179
vn -0.4487 -0.0070 0.8937
vn -0.2636 -0.0187 0.9645
vn -0.1151 0.1496 0.9820
vn -0.4486 -0.0070 0.8937
vn -0.3799 -0.0585 0.9232
vn 0.2184 0.0655 0.9737
vn 0.4017 0.3794 0.8335
vn -0.0854 0.1462 0.9856
vn 0.4017 0.3793 0.8335
vn 0.5349 0.2716 0.8001
vn 0.4155 0.4200 0.8069
vn -0.0142 0.3078 0.9514
vn -0.0410 0.3815 0.9234
vn -0.0142 0.3078 0.9513
vn 0.3420 0.4748 0.8109
vn -0.0540 0.2775 0.9592
vn 0.4154 0.4200 0.8068
vn 0.1579 0.5438 0.8243
vn -0.2602 0.4503 0.8541
vn -0.0503 0.5984 0.7996
vn 0.1579 0.5437 0.8243
vn -0.3457 0.3882 0.8543
vn -0.2953 0.0802 0.9520
vn 0.2554 0.6034 0.7554
vn 0.0424 0.0058 0.9991
vn -0.5305 0.0721 0.8446
vn -0.5559 0.3009 0.7749
vn -0.5306 0.0721 0.8446
vn -0.6449 0.0332 0.7636
vn -0.5558 0.3009 0.7749
vn -0.7123 0.1593 0.6835
vn -0.7099 -0.0063 0.7043
vn -0.4978 -0.2226 0.8382
vn -0.6450 0.0543 0.7622
vn -0.6451 0.0543 0.7622
vn -0.6887 0.1021 0.7178
vn -0.6954 0.2208 0.6839
vn -0.4623 0.3111 0.8303
vn -0.6954 0.2209 0.6839
vn -0.6953 0.2208 0.6839
vn -0.6705 0.2773 0.6881
vn -0.3483 0.2425 0.9054
vn -0.8088 0.2547 0.5301
vn -0.7652 0.2060 0.6100
vn -0.7526 0.2928 0.5898
vn -0.6951 0.2872 0.6590
vn -0.7526 0.2927 0.5898
vn -0.7092 0.2864 0.6441
vn -0.7938 0.2706 0.5447
vn -0.7092 0.2865 0.6442
vn -0.8088 0.2547 0.5300
vn -0.7092 0.2865 0.6441
vn -0.5878 0.3614 0.7238
vn -0.5702 0.3014 0.7642
vn -0.3531 0.2543 0.9004
vn -0.4044 0.1387 0.9040
vn -0.3531 0.2543 0.9003
vn -0.5606 0.2264 0.7966
vn -0.5469 0.1076 0.8302
vn -0.5605 0.2264 0.7966
vn -0.4827 0.0721 0.8728
vn -0.6572 0.1035 0.7465
vn -0.5857 0.0589 0.8084
vn -0.6573 0.1035 0.7465
vn -0.6572 0.1035 0.7466
vn -0.4175 -0.3452 0.8405
vn -0.6844 -0.0900 0.7235
vn -0.3483 0.1536 0.9247
vn -0.5588 0.1877 0.8078
vn -0.4175 -0.3453 0.8405
vn -0.2189 -0.2110 0.9527
vn -0.4599 0.0853 0.8838
vn -0.4600 0.0853 0.8838
vn -0.2858 -0.5718 0.7690
vn -0.4599 0.0852 0.8839
vn -0.4599 0.0852 0.8838
vn -0.6265 -0.3197 0.7109
vn -0.5054 -0.3060 0.8068
vn -0.6265 -0.3196 0.7109
vn -0.6610 -0.3617 0.6574
vn -0.5054 -0.3059 0.8068
vn -0.5836 0.0033 0.8121
vn -0.6175 -0.3569 0.7009
vn -0.6176 -0.3569 0.7009
vn -0.6796 -0.2261 0.6979
vn -0.5843 -0.6768 0.4477
vn -0.6795 -0.2261 0.6979
vn -0.5843 -0.5857 0.5616
vn -0.5843 -0.6768 0.4478
vn -0.8580 -0.0892 0.5059
vn -0.5843 -0.5857 0.5617
vn -0.5844 -0.5857 0.5616
vn -0.2693 -0.8952 0.3551
vn -0.4177 -0.8721 0.2549
vn -0.5844 -0.6768 0.4478
vn -0.4646 -0.7606 0.4534
vn -0.2692 -0.8952 0.3551
vn -0.2730 -0.8855 0.3759
vn -0.2082 -0.8865 0.4133
vn 0.8413 -0.4028 0.3606
vn 0.8770 -0.3287 0.3505
vn 0.7264 -0.5572 0.4024
vn 0.7264 -0.5572 0.4023
vn 0.7673 -0.4843 0.4205
vn 0.8117 -0.3918 0.4333
vn 0.7672 -0.4842 0.4205
vn 0.8022 -0.4585 0.3823
vn 0.8116 -0.3918 0.4333
vn 0.8023 -0.4585 0.3823
vn 0.8964 -0.2949 0.3310
vn 0.7672 -0.4843 0.4205
vn 0.8600 -0.3492 0.3722
vn 0.7743 -0.3660 0.5162
vn 0.8599 -0.3493 0.3722
vn 0.7271 -0.5764 0.3729
vn 0.7850 -0.5741 0.2330
vn 0.6429 -0.7631 0.0660
vn 0.9254 -0.2877 0.2466
vn 0.9712 -0.1702 -0.1669
vn 0.9254 -0.2878 0.2466
vn 0.7849 -0.5741 0.2330
vn 0.8815 -0.4530 -0.1336
vn 0.9712 -0.1702 -0.1670
vn 0.9903 0.0199 -0.1372
vn 0.9559 0.1041 0.2747
vn 0.9829 -0.0000 -0.1841
vn 0.9904 0.0182 -0.1372
vn 0.9769 -0.0544 -0.2066
vn 0.9829 0.0001 -0.1841
vn 0.9715 0.2358 0.0261
vn 0.9904 0.0183 -0.1372
vn 0.9885 0.1346 0.0692
vn 0.9910 0.1286 0.0372
vn 0.9715 0.2357 0.0261
vn 0.9885 0.1345 0.0692
vn 0.9790 0.1063 0.1738
vn 0.9999 -0.0061 -0.0082
vn 0.9985 -0.0486 0.0234
vn 0.9999 -0.0060 -0.0082
vn 0.9917 0.0986 0.0826
vn 0.9976 0.0316 0.0613
vn 0.9623 0.2469 0.1146
vn 0.9580 0.1860 0.2182
vn 0.9623 0.2468 0.1146
vn 0.9679 0.1400 0.2089
vn 0.9866 0.1629 0.0047
vn 0.9847 0.1726 -0.0251
vn 0.9681 0.1274 0.2155
vn 0.9866 0.1628 0.0047
vn 0.9830 0.0402 0.1793
vn 0.9716 0.0886 0.2193
vn 0.9830 0.0401 0.1793
vn 1.0000 -0.0087 0.0011
vn 0.9716 0.0886 0.2194
vn 0.8933 -0.0816 0.4420
vn 0.8947 -0.0390 0.4450
vn 0.8933 -0.0816 0.4419
vn 0.8427 0.0752 0.5331
vn 0.8947 -0.0391 0.4450
vn 0.8744 -0.1857 0.4482
vn 0.9025 -0.0056 0.4306
vn 0.9438 -0.0611 0.3249
vn 0.6883 -0.2018 0.6968
vn 0.9438 -0.0612 0.3249
vn 0.7492 -0.1221 0.6509
vn 0.6883 -0.2019 0.6968
vn 0.2650 -0.3715 0.8898
vn 0.7493 -0.1220 0.6509
vn 0.7493 -0.1221 0.6509
vn 0.4491 -0.2911 0.8447
vn 0.6883 -0.2018 0.6967
vn 0.2768 -0.2965 0.9140
vn 0.4674 -0.3649 0.8052
vn 0.3495 -0.4827 0.8030
vn 0.2651 -0.3715 0.8898
vn 0.4674 -0.3648 0.8052
vn 0.2767 -0.2965 0.9140
vn 0.4899 -0.4543 0.7441
vn 0.7534 -0.3837 0.5339
vn 0.5175 -0.4040 0.7543
vn 0.4117 -0.2216 0.8840
vn 0.5176 -0.4040 0.7543
vn 0.5367 -0.1056 0.8371
vn 0.5382 -0.1986 0.8191
vn 0.7272 -0.2073 0.6544
vn 0.3569 -0.1405 0.9235
vn 0.5381 -0.1986 0.8191
vn 0.3243 -0.1178 0.9386
vn 0.3569 -0.1406 0.9235
vn 0.5367 -0.1056 0.8372
vn 0.0577 -0.0707 0.9958
vn 0.0058 0.1071 0.9942
vn 0.0576 -0.0707 0.9958
vn -0.1312 0.0833 0.9878
vn 0.0078 0.1882 0.9821
vn -0.1130 -0.0561 0.9920
vn 0.0781 0.2163 0.9732
vn -0.1873 -0.0423 0.9814
vn -0.4229 -0.0899 0.9017
vn 0.0782 0.2163 0.9732
vn 0.0781 0.2162 0.9732
vn 0.0656 0.2396 0.9687
vn -0.2407 -0.1685 0.9559
vn -0.0122 0.2671 0.9636
vn -0.0677 -0.0990 0.9928
vn -0.3117 -0.0438 0.9492
vn -0.2713 -0.1646 0.9483
vn -0.1547 0.2065 0.9661
vn -0.2346 0.1849 0.9543
vn -0.1548 0.2065 0.9661
vn -0.3406 0.0084 0.9402
vn -0.0410 0.3815 0.9235
vn -0.4201 0.3160 0.8507
vn 0.4016 0.3794 0.8335
vn -0.4201 0.3159 0.8507
vn -0.5424 0.3351 0.7704
vn -0.5423 0.3352 0.7704
vn -0.3484 0.2425 0.9054
vn -0.6951 0.2873 0.6590
vn -0.3484 0.2425 0.9055
vn -0.3407 0.0083 0.9402
vn -0.2365 -0.2746 0.9320
vn -0.3406 0.0083 0.9402
vn -0.1557 -0.3459 0.9253
vn -0.2214 0.2271 0.9484
vn -0.1457 0.2593 0.9548
vn -0.1202 -0.2747 0.9540
vn -0.1557 -0.3460 0.9252
vn -0.4148 0.2647 0.8706
vn 0.0080 -0.0483 0.9988
vn -0.4815 0.2983 0.8241
vn -0.1539 0.1423 0.9778
vn -0.4815 0.2983 0.8242
vn -0.4815 0.2982 0.8242
vn -0.2226 0.3981 0.8899
vn 0.0181 -0.1807 0.9834
vn 0.0027 -0.2643 0.9644
vn 0.0181 -0.1808 0.9834
vn 0.0992 0.0784 0.9920
vn -0.0080 -0.3701 0.9289
vn -0.0276 -0.3822 0.9237
vn -0.1226 -0.5299 0.8392
vn -0.0080 -0.3701 0.9290
vn 0.0932 -0.4856 0.8692
vn -0.1225 -0.5299 0.8392
vn -0.0441 -0.4672 0.8831
vn 0.1468 -0.4923 0.8579
vn -0.2016 -0.2221 0.9539
vn 0.0151 -0.5032 0.8640
vn -0.4405 -0.2428 0.8643
vn -0.2016 -0.2222 0.9539
vn -0.4811 0.1027 0.8707
vn -0.4999 0.2034 0.8419
vn -0.2434 -0.0032 0.9699
vn -0.4206 -0.0006 0.9073
vn -0.3395 0.1369 0.9306
vn -0.4205 -0.0006 0.9073
vn -0.2424 0.1744 0.9544
vn -0.4827 0.0720 0.8728
vn -0.6370 0.0256 0.7704
vn -0.2865 -0.0002 0.9581
vn -0.3395 0.1368 0.9306
vn -0.1965 0.0448 0.9795
vn -0.1961 0.0335 0.9800
vn -0.1966 0.0448 0.9795
vn -0.1965 0.0449 0.9795
vn -0.4619 -0.1634 0.8717
vn -0.2642 -0.2144 0.9404
vn -0.4619 -0.1634 0.8718
vn -0.4619 -0.1633 0.8718
vn -0.6964 -0.2387 0.6768
vn -0.2641 -0.2143 0.9404
vn -0.5931 -0.3513 0.7244
vn -0.6714 0.1033 0.7339
vn -0.7303 0.1801 0.6589
vn -0.6289 -0.2103 0.7485
vn -0.7303 0.1800 0.6589
vn -0.5623 0.1521 0.8128
vn -0.7681 -0.1000 0.6325
vn -0.6748 0.1017 0.7310
vn -0.6655 -0.0591 0.7441
vn -0.6289 -0.2104 0.7485
vn -0.5414 -0.2116 0.8137
vn -0.6655 -0.0591 0.7440
vn -0.6655 -0.0592 0.7441
vn -0.8568 -0.1970 0.4766
vn -0.8282 -0.1508 0.5397
vn -0.8568 -0.1969 0.4766
vn -0.8725 -0.1596 0.4618
vn -0.9705 -0.0909 0.2231
vn -0.8282 -0.1509 0.5397
vn -0.8282 -0.1509 0.5398
vn -0.9758 -0.0680 0.2079
vn -0.9706 -0.0909 0.2231
vn -0.9539 -0.1455 0.2625
vn -0.9732 -0.0485 0.2247
vn -0.9938 -0.0043 0.1114
vn -0.9515 -0.0913 0.2937
vn -0.9707 -0.0800 0.2264
vn -0.7773 -0.4720 0.4158
vn -0.9374 -0.3033 0.1713
vn -0.7773 -0.4721 0.4158
vn -0.7773 -0.4720 0.4159
vn -0.7774 -0.4720 0.4158
vn -0.6806 -0.5142 0.5220
vn -0.6377 -0.7224 0.2675
vn -0.9374 -0.3032 0.1713
vn -0.6878 -0.7138 0.1324
vn -0.5936 -0.6686 0.4478
vn -0.3571 -0.8734 0.3312
vn -0.5361 -0.8255 0.1766
vn -0.3570 -0.8734 0.3313
vn -0.2082 -0.8865 0.4132
vn -0.4647 -0.7606 0.4534
vn 0.8885 -0.3774 0.2610
vn 0.5333 -0.8447 0.0450
vn 0.7772 -0.4811 0.4056
vn 0.5247 -0.8414 -0.1290
vn 0.5247 -0.8415 -0.1290
vn 0.6575 -0.7463 -0.1037
vn 0.6594 -0.7392 -0.1373
vn 0.4917 -0.8586 -0.1449
vn 0.6594 -0.7391 -0.1374
vn 0.6594 -0.7392 -0.1374
vn 0.9336 -0.3553 -0.0461
vn 0.8814 -0.4530 -0.1336
vn 0.9689 -0.1957 -0.1513
vn 0.6730 -0.7101 -0.2068
vn 0.9689 -0.1957 -0.1514
vn 0.9861 0.1405 -0.0889
vn 0.9897 0.0857 0.1148
vn 0.9689 -0.1956 -0.1513
vn 0.9313 -0.2752 -0.2385
vn 0.9680 0.0341 -0.2485
vn 0.9968 -0.0719 -0.0338
vn 0.9678 0.0355 -0.2491
vn 0.9796 -0.1367 -0.1475
vn 0.9968 -0.0719 -0.0337
vn 0.9463 -0.2702 -0.1773
vn 0.9215 -0.1064 0.3736
vn 0.9464 -0.2702 -0.1773
vn 0.9805 -0.1900 0.0496
vn 0.9214 -0.1064 0.3737
vn 0.9254 -0.0614 0.3740
vn 0.9805 -0.1900 0.0497
vn 0.9563 0.0890 0.2786
vn 0.9790 0.1064 0.1738
vn 0.9896 0.0916 0.1113
vn 0.9714 0.1465 0.1869
vn 0.9782 0.0746 0.1937
vn 0.9714 0.1465 0.1870
vn 0.9777 -0.1023 0.1834
vn 0.9782 0.0745 0.1937
vn 0.9580 0.1860 0.2181
vn 0.8871 0.0262 0.4608
vn 0.9242 -0.0308 0.3808
vn 0.9495 0.1010 0.2970
vn 0.9718 -0.2255 0.0690
vn 0.9439 -0.1932 0.2679
vn 0.9718 -0.2255 0.0689
vn 0.9884 -0.1519 -0.0032
vn 0.9502 -0.3101 0.0321
vn 0.9884 -0.1519 -0.0033
vn 0.9056 -0.4056 0.1237
vn 0.9481 -0.3033 0.0956
vn 0.9698 -0.2393 0.0479
vn 0.9765 -0.2079 0.0563
vn 0.9197 -0.3168 0.2320
vn 0.9698 -0.2393 0.0480
vn 0.9315 -0.3245 0.1646
vn 1.0000 -0.0087 0.0010
vn 0.9197 -0.3169 0.2320
vn 0.9802 -0.1532 0.1253
vn 0.9086 -0.3288 0.2575
vn 0.9001 -0.3263 0.2886
vn 0.9086 -0.3288 0.2576
vn 0.8687 -0.3163 0.3811
vn 0.9002 -0.3263 0.2886
vn 0.9002 -0.3262 0.2886
vn 0.8990 -0.2725 0.3428
vn 0.9002 -0.3263 0.2885
vn 0.8688 -0.3163 0.3811
vn 0.8595 -0.2285 0.4571
vn 0.9002 -0.3262 0.2885
vn 0.8990 -0.2726 0.3428
vn 0.8595 -0.2285 0.4572
vn 0.9438 -0.0611 0.3250
vn 0.6251 -0.1762 0.7604
vn 0.7647 -0.1755 0.6200
vn 0.6251 -0.1761 0.7604
vn 0.4851 -0.1036 0.8683
vn 0.5346 -0.0353 0.8444
vn 0.4851 -0.1035 0.8683
vn 0.4191 -0.1903 0.8877
vn 0.4065 -0.1690 0.8979
vn 0.4161 -0.1526 0.8964
vn 0.3959 0.0431 0.9173
vn 0.4161 -0.1525 0.8964
vn 0.3595 0.0860 0.9292
vn 0.2686 0.2201 0.9378
vn 0.4162 -0.1526 0.8964
vn 0.3595 0.0861 0.9292
vn 0.0243 0.2371 0.9712
vn 0.1275 0.3364 0.9330
vn -0.1077 0.3111 0.9442
vn 0.1275 0.3365 0.9330
vn -0.0252 0.3811 0.9242
vn -0.1077 0.3112 0.9442
vn -0.0224 0.3477 0.9373
vn -0.0925 0.3981 0.9127
vn 0.0126 0.4250 0.9051
vn -0.0054 0.4054 0.9141
vn 0.0127 0.4250 0.9051
vn 0.0453 0.4061 0.9127
vn -0.0054 0.4055 0.9141
vn -0.0179 0.4552 0.8902
vn -0.0123 0.2670 0.9636
vn -0.0465 0.5333 0.8446
vn -0.0720 0.5341 0.8423
vn -0.0019 0.2132 0.9770
vn -0.1456 0.2592 0.9548
vn -0.0465 0.5334 0.8446
vn 0.0067 0.5276 0.8494
vn -0.1456 0.2593 0.9548
vn -0.1457 0.2593 0.9547
vn -0.0122 0.2670 0.9636
vn -0.0123 0.2671 0.9636
vn -0.1292 0.5455 0.8281
vn -0.2433 0.6100 0.7541
vn -0.1291 0.5455 0.8281
vn -0.0356 0.4681 0.8830
vn -0.1457 0.2592 0.9548
vn 0.0067 0.5276 0.8495
vn -0.0747 0.4379 0.8959
vn 0.0557 0.3303 0.9422
vn -0.0748 0.4379 0.8959
vn -0.2263 0.3066 0.9245
vn 0.0557 0.3304 0.9422
vn -0.1977 0.2953 0.9347
vn -0.0747 0.4378 0.8959
vn -0.2264 0.3066 0.9245
vn -0.2263 0.3067 0.9245
vn -0.4815 0.2982 0.8241
vn -0.1461 0.2779 0.9494
vn -0.1814 0.4105 0.8936
vn 0.1264 0.3731 0.9191
vn -0.0125 0.4522 0.8918
vn -0.2226 0.3982 0.8899
vn 0.2324 0.3577 0.9045
vn 0.1429 0.3730 0.9168
vn 0.0924 0.4484 0.8890
vn 0.2324 0.3576 0.9045
vn 0.2041 -0.0769 0.9759
vn 0.0991 0.0784 0.9920
vn -0.0497 0.0341 0.9982
vn 0.1703 -0.4052 0.8982
vn -0.0707 -0.5328 0.8433
vn 0.0028 -0.2643 0.9644
vn -0.0890 -0.3255 0.9413
vn -0.1856 -0.3732 0.9090
vn 0.1306 -0.4269 0.8948
vn -0.1856 -0.3733 0.9090
vn -0.1970 -0.1920 0.9614
vn 0.1959 -0.4442 0.8743
vn -0.1970 -0.1921 0.9614
vn -0.1045 -0.4699 0.8765
vn 0.1958 -0.4441 0.8743
vn 0.1078 -0.6038 0.7898
vn 0.1959 -0.4441 0.8743
vn -0.0424 -0.5581 0.8287
vn 0.1079 -0.6038 0.7898
vn 0.0950 -0.1807 0.9789
vn -0.0565 -0.2833 0.9574
vn -0.2641 -0.2144 0.9404
vn -0.1960 0.0335 0.9800
vn -0.4248 -0.3902 0.8169
vn -0.4174 -0.3631 0.8331
vn -0.4248 -0.3901 0.8169
vn -0.2642 -0.2144 0.9403
vn -0.7984 -0.2156 0.5622
vn -0.4174 -0.3631 0.8330
vn -0.8415 -0.0907 0.5325
vn -0.6267 -0.4099 0.6628
vn -0.6990 -0.1167 0.7055
vn -0.7984 -0.2156 0.5623
vn -0.8379 0.0048 0.5458
vn -0.6267 -0.4099 0.6627
vn -0.6267 -0.4098 0.6627
vn -0.8324 0.0396 0.5528
vn -0.8662 0.1009 0.4895
vn -0.8324 0.0395 0.5528
vn -0.8323 0.0396 0.5528
vn -0.9773 0.1556 0.1435
vn -0.9603 0.1896 0.2047
vn -0.9766 0.2112 -0.0392
vn -0.9525 0.3042 -0.0164
vn -0.9767 0.2112 -0.0392
vn -0.9930 0.0379 -0.1116
vn -0.9915 0.1002 -0.0824
vn -0.9791 0.1912 -0.0698
vn -0.9915 0.1003 -0.0825
vn -0.9774 0.2076 -0.0387
vn -0.9930 0.0379 -0.1115
vn -0.9760 0.1523 -0.1555
vn -0.9994 0.0323 -0.0116
vn -0.9760 0.1523 -0.1554
vn -0.9971 0.0717 -0.0259
vn -0.9689 0.1745 -0.1756
vn -0.9971 0.0718 -0.0259
vn -0.9999 -0.0110 -0.0074
vn -0.9825 0.1858 -0.0149
vn -0.9707 -0.0800 0.2265
vn -0.9667 -0.2038 0.1549
vn -0.9667 -0.2037 0.1549
vn -0.6634 -0.7469 0.0459
vn -0.6350 -0.7556 -0.1605
vn -0.6634 -0.7468 0.0459
vn -0.6877 -0.7138 0.1324
vn -0.5923 -0.8038 0.0563
vn -0.6083 -0.7779 -0.1573
vn -0.5923 -0.8038 0.0564
vn -0.5523 -0.8262 0.1110
vn -0.5361 -0.8255 0.1765
vn 0.5294 -0.8282 -0.1836
vn 0.7677 -0.6333 -0.0975
vn 0.7678 -0.6333 -0.0975
vn 0.6527 -0.7295 -0.2046
vn 0.8534 -0.5132 -0.0912
vn 0.8441 -0.5362 0.0046
vn 0.6526 -0.7295 -0.2046
vn 0.6731 -0.7101 -0.2068
vn 0.8440 -0.5363 0.0047
vn 0.8189 -0.5704 0.0636
vn 0.8189 -0.5704 0.0637
vn 0.8257 -0.5581 0.0825
vn 0.7307 -0.6660 0.1500
vn 0.7307 -0.6661 0.1500
vn 0.8173 -0.5437 0.1908
vn 0.8284 -0.5512 0.0992
vn 0.7901 -0.6113 0.0453
vn 0.7116 -0.7000 0.0604
vn 0.7901 -0.6113 0.0452
vn 0.7880 -0.5838 0.1956
vn 0.8722 -0.4722 -0.1275
vn 0.8746 -0.4849 0.0004
vn 0.8722 -0.4721 -0.1275
vn 0.9037 -0.3278 -0.2753
vn 0.8746 -0.4848 0.0004
vn 0.9563 -0.2921 -0.0074
vn 0.9037 -0.3277 -0.2754
vn 0.9037 -0.3278 -0.2754
vn 0.9117 -0.3544 -0.2077
vn 0.9563 -0.2922 -0.0075
vn 0.9563 -0.2922 -0.0074
vn 0.9609 -0.2649 0.0802
vn 0.9827 -0.0653 0.1735
vn 0.9813 -0.1591 0.1085
vn 0.9827 -0.0654 0.1735
vn 0.9812 -0.1552 0.1149
vn 0.9609 -0.2649 0.0803
vn 0.9942 -0.0545 0.0928
vn 0.8368 -0.1969 0.5109
vn 0.9832 -0.1645 0.0788
vn 0.8368 -0.1968 0.5109
vn 0.6634 -0.0627 0.7456
vn 0.8753 -0.1091 0.4711
vn 0.7904 -0.1396 0.5965
vn 0.9590 -0.0734 0.2739
vn 0.7903 -0.1396 0.5966
vn 0.7899 -0.0367 0.6121
vn 0.9991 -0.0234 0.0351
vn 0.9966 -0.0469 -0.0675
vn 0.7903 -0.1396 0.5965
vn 0.9991 -0.0235 0.0351
vn 0.6932 -0.1972 0.6932
vn 0.9952 0.0377 0.0902
vn 0.9966 -0.0469 -0.0676
vn 0.9711 -0.0440 -0.2347
vn 0.9952 0.0377 0.0903
vn 0.9952 0.0376 0.0903
vn 0.9808 -0.0493 -0.1888
vn 0.9711 -0.0441 -0.2347
vn 0.9463 -0.2702 -0.1772
vn 0.9952 0.0376 0.0902
vn 0.9237 -0.0936 -0.3715
vn 0.9501 -0.2661 -0.1630
vn 0.9237 -0.0936 -0.3714
vn 0.9982 0.0277 0.0536
vn 0.9501 -0.2661 -0.1629
vn 0.9854 -0.1682 0.0261
vn 0.9982 0.0277 0.0535
vn 0.9597 0.2022 0.1951
vn 0.9854 -0.1682 0.0260
vn 0.9854 -0.1681 0.0261
vn 0.9379 0.1298 0.3216
vn 0.9998 0.0164 -0.0059
vn 0.9644 0.0449 0.2607
vn 0.9597 0.2022 0.1950
vn 0.9914 -0.0051 -0.1306
vn 0.9644 0.0450 0.2607
vn 0.9848 -0.1111 0.1337
vn 0.9242 -0.0308 0.3807
vn 0.9755 -0.0963 0.1979
vn 0.9848 -0.1111 0.1336
vn 0.9643 -0.2385 0.1150
vn 0.9755 -0.0962 0.1979
vn 0.9298 -0.0340 0.3665
vn 0.9068 -0.4056 0.1146
vn 0.9298 -0.0339 0.3666
vn 0.9360 -0.3246 0.1365
vn 0.8872 -0.4501 0.1014
vn 0.9298 -0.0340 0.3666
vn 0.9681 -0.1722 0.1818
vn 0.8872 -0.4501 0.1013
vn 0.9647 -0.2040 0.1663
vn 0.9681 -0.1722 0.1819
vn 0.9370 -0.2235 0.2685
vn 0.9439 -0.1933 0.2679
vn 0.9845 0.0741 0.1591
vn 0.9569 0.1788 0.2288
vn 0.9966 -0.0182 0.0806
vn 0.9502 -0.3101 0.0322
vn 0.8516 0.4290 0.3011
vn 0.8617 0.4666 0.1995
vn 0.9630 -0.0122 0.2692
vn 0.8516 0.4291 0.3010
vn 0.8798 0.2419 0.4091
vn 0.9765 -0.2078 0.0563
vn 0.8931 -0.0832 0.4420
vn 0.8798 0.2419 0.4092
vn 0.8887 0.0153 0.4582
vn 0.8942 -0.0768 0.4411
vn 0.8238 -0.0282 0.5661
vn 0.5380 0.1247 0.8336
vn 0.7920 0.3344 0.5107
vn 0.5380 0.1246 0.8336
vn 0.5381 0.1246 0.8336
vn 0.5381 0.1247 0.8336
vn 0.4155 0.0603 0.9076
vn 0.2130 0.2194 0.9521
vn 0.2621 0.4356 0.8611
vn 0.2131 0.2193 0.9521
vn 0.0610 0.3976 0.9155
vn 0.0004 0.5923 0.8057
vn -0.0100 0.5140 0.8577
vn 0.0004 0.5924 0.8057
vn -0.1146 0.6509 0.7505
vn -0.0100 0.5140 0.8578
vn 0.1274 0.3365 0.9330
vn -0.0762 0.5840 0.8082
vn -0.0261 0.6639 0.7473
vn -0.0350 0.5424 0.8394
vn 0.1526 0.5819 0.7988
vn 0.0149 0.4864 0.8736
vn -0.0351 0.5424 0.8394
vn 0.1704 0.4116 0.8953
vn 0.0148 0.4864 0.8736
vn -0.1054 0.3896 0.9149
vn 0.1705 0.4116 0.8953
vn -0.0854 0.2246 0.9707
vn -0.0136 0.4601 0.8878
vn -0.0622 0.1728 0.9830
vn -0.0137 0.4601 0.8878
vn -0.0403 0.2499 0.9674
vn -0.0854 0.2875 0.9540
vn -0.0403 0.2500 0.9674
vn 0.0323 0.4935 0.8692
vn -0.0855 0.2875 0.9540
vn -0.3177 0.4823 0.8164
vn 0.0556 0.3303 0.9422
vn -0.3432 0.5601 0.7540
vn 0.0322 0.4935 0.8692
vn -0.3177 0.4822 0.8164
vn -0.3176 0.4823 0.8164
vn -0.4226 0.5760 0.6997
vn 0.0556 0.3304 0.9422
vn -0.3794 0.6047 0.7003
vn -0.3570 0.6764 0.6442
vn -0.3793 0.6047 0.7003
vn -0.0854 0.6844 0.7241
vn -0.3570 0.6764 0.6443
vn -0.3571 0.6764 0.6442
vn -0.1881 0.7602 0.6219
vn -0.2512 0.6357 0.7299
vn -0.2667 0.7506 0.6046
vn -0.0125 0.4522 0.8919
vn -0.0889 0.5050 0.8585
vn -0.3308 0.6104 0.7197
vn -0.2469 0.4982 0.8312
vn 0.0925 0.4484 0.8890
vn -0.1983 0.6850 0.7010
vn -0.2620 0.5416 0.7987
vn -0.2144 0.5586 0.8013
vn -0.3308 0.6105 0.7197
vn -0.2621 0.5416 0.7987
vn -0.5180 0.3175 0.7942
vn -0.2143 0.5586 0.8012
vn -0.6317 0.2291 0.7406
vn -0.5180 0.3175 0.7943
vn -0.8275 -0.0512 0.5591
vn -0.6317 0.2290 0.7406
vn -0.8156 -0.1177 0.5665
vn -0.8275 -0.0512 0.5592
vn -0.8275 -0.0511 0.5592
vn -0.6507 0.1109 0.7512
vn -0.7272 0.1052 0.6783
vn -0.8560 0.0316 0.5160
vn -0.7273 0.1051 0.6783
vn -0.6168 0.0665 0.7843
vn -0.7272 0.1051 0.6783
vn -0.5596 -0.0259 0.8283
vn -0.6169 0.0665 0.7843
vn -0.3380 0.3654 0.8673
vn -0.5597 -0.0259 0.8283
vn -0.3676 -0.3942 0.8423
vn -0.7041 0.0425 0.7089
vn -0.4842 -0.1370 0.8642
vn -0.7041 0.0425 0.7088
vn -0.8327 -0.2373 0.5003
vn -0.1971 -0.1920 0.9614
vn -0.6613 -0.2314 0.7135
vn -0.8327 -0.2374 0.5003
vn -0.8327 -0.2373 0.5002
vn -0.8807 -0.0666 0.4689
vn -0.6614 -0.2313 0.7135
vn -0.6613 -0.2313 0.7135
vn -0.9393 -0.1004 0.3281
vn -0.8807 -0.0665 0.4689
vn -0.8327 -0.2374 0.5002
vn -0.9097 -0.1077 0.4011
vn -0.9393 -0.1005 0.3281
vn -0.9250 0.0952 0.3679
vn -0.8433 0.0873 0.5303
vn -0.8463 -0.0958 0.5240
vn -0.8379 0.0048 0.5459
vn -0.8415 -0.0908 0.5325
vn -0.9733 0.0481 0.2243
vn -0.9778 0.1417 0.1546
vn -0.9733 0.0482 0.2243
vn -0.9733 0.0482 0.2242
vn -0.8662 0.1008 0.4895
vn -0.9046 0.3696 -0.2123
vn -0.9733 0.0481 0.2242
vn -0.9778 0.1416 0.1546
vn -0.9791 0.1193 -0.1646
vn -0.9046 0.3696 -0.2122
vn -0.9525 0.3041 -0.0164
vn -0.9762 0.1180 0.1817
vn -0.9830 -0.0499 0.1769
vn -0.9762 0.1181 0.1817
vn -0.9456 0.3228 0.0416
vn -0.9361 0.0677 0.3451
vn -0.9437 0.0744 0.3223
vn -0.9791 0.1912 -0.0699
vn -0.9892 0.0548 0.1356
vn -0.9207 -0.1599 0.3560
vn -0.9467 0.0424 0.3194
vn -0.9207 -0.1598 0.3560
vn -0.9766 -0.1393 0.1640
vn -0.9994 0.0322 -0.0116
vn -0.9284 -0.3060 0.2110
vn -0.9580 -0.1390 0.2510
vn -0.9283 -0.3060 0.2110
vn -0.9941 -0.1087 0.0025
vn -0.9576 -0.2465 0.1494
vn -0.9881 0.1492 -0.0364
vn -0.9828 -0.1212 0.1391
vn -0.9855 0.1196 0.1208
vn -0.9918 -0.0781 0.1012
vn -0.9839 -0.1501 0.0968
vn -0.9855 0.1196 0.1207
vn -0.9773 -0.1481 0.1514
vn -0.8736 -0.1567 0.4607
vn -0.9825 -0.0888 0.1637
vn -0.9822 -0.1321 0.1338
vn -0.7291 -0.5288 0.4344
vn -0.9745 -0.2207 0.0407
vn -0.7291 -0.5289 0.4344
vn -0.6067 -0.7238 0.3286
vn -0.9749 -0.2189 0.0416
vn -0.8947 -0.4108 0.1751
vn -0.5893 -0.7259 0.3547
vn -0.9816 -0.1864 -0.0413
vn -0.8947 -0.4109 0.1750
vn -0.8947 -0.4108 0.1750
vn -0.9860 -0.1580 -0.0536
vn -0.9423 -0.3085 0.1301
vn -0.8947 -0.4109 0.1751
vn -0.8543 -0.4082 0.3219
vn -0.8065 -0.5903 -0.0338
vn -0.8769 -0.4806 -0.0025
vn -0.8221 -0.5502 0.1461
vn -0.8065 -0.5903 -0.0339
vn -0.8819 -0.4712 0.0171
vn -0.8221 -0.5503 0.1461
vn -0.7847 -0.6024 -0.1463
vn -0.8132 -0.5732 0.1010
vn -0.7647 -0.6426 0.0487
vn -0.7889 -0.5592 -0.2546
vn -0.9141 -0.3299 -0.2358
vn -0.9141 -0.3300 -0.2358
vn -0.7846 -0.6024 -0.1463
vn -0.6851 -0.6356 -0.3557
vn 0.8921 -0.4226 -0.1599
vn 0.7442 -0.6578 -0.1162
vn 0.8813 -0.4708 0.0413
vn 0.9285 -0.3607 0.0881
vn 0.7442 -0.6578 -0.1161
vn 0.8921 -0.4226 -0.1598
vn 0.9368 -0.2418 -0.2527
vn 0.9427 -0.2713 0.1941
vn 0.9369 -0.2418 -0.2527
vn 0.8710 -0.3777 -0.3141
vn 0.8646 -0.4430 0.2371
vn 0.8018 -0.5841 -0.1265
vn 0.7751 -0.6082 0.1715
vn 0.8377 -0.5447 0.0404
vn 0.7750 -0.6082 0.1715
vn 0.8281 -0.5483 0.1170
vn 0.9117 -0.3545 -0.2076
vn 0.8376 -0.5447 0.0404
vn 0.8975 -0.4346 -0.0745
vn 0.9427 -0.1873 0.2763
vn 0.9115 -0.4080 0.0520
vn 0.9427 -0.1872 0.2763
vn 0.9426 -0.1873 0.2763
vn 0.9604 -0.0283 0.2770
vn 0.9117 -0.3544 -0.2076
vn 0.9117 -0.3545 -0.2077
vn 0.9117 -0.0545 0.4071
vn 0.9587 -0.1191 0.2583
vn 0.9818 0.0294 0.1876
vn 0.9288 -0.0095 0.3706
vn 0.9818 0.0294 0.1875
vn 0.9935 0.0139 0.1128
vn 0.9288 -0.0095 0.3705
vn 0.9639 0.0389 0.2634
vn 0.9935 0.0138 0.1128
vn 0.9943 -0.0032 -0.1063
vn 0.9886 0.1045 0.1088
vn 0.9832 -0.1645 0.0787
vn 0.9942 0.1011 0.0363
vn 0.9930 0.0559 -0.1045
vn 0.9668 -0.0755 0.2441
vn 0.9926 0.0642 -0.1027
vn 0.9668 -0.0755 0.2440
vn 0.9668 -0.0756 0.2440
vn 0.6438 -0.2036 0.7376
vn 0.7899 -0.0368 0.6121
vn 0.8258 -0.1761 0.5357
vn 0.9668 -0.0756 0.2441
vn 0.7064 0.1157 0.6983
vn 0.8984 -0.3083 0.3128
vn 0.9910 0.0349 -0.1292
vn 0.8258 -0.1760 0.5357
vn 0.9910 0.0350 -0.1292
vn 0.9564 -0.2189 -0.1934
vn 0.9578 -0.1176 -0.2624
vn 0.9564 -0.2189 -0.1933
vn 0.9501 -0.2660 -0.1630
vn 0.9918 0.0554 0.1151
vn 0.9612 -0.0351 -0.2736
vn 0.9918 0.0555 0.1151
vn 0.9854 -0.1681 0.0260
vn 0.9368 0.0279 0.3487
vn 0.9817 0.1425 -0.1261
vn 0.9368 0.0278 0.3487
vn 0.9379 0.1299 0.3216
vn 0.9899 0.0897 0.1100
vn 0.9784 0.1733 -0.1124
vn 0.9728 -0.2075 -0.1032
vn 0.9705 -0.0917 -0.2231
vn 0.9643 -0.2385 0.1151
vn 0.9534 -0.1967 -0.2287
vn 0.9705 -0.0916 -0.2231
vn 0.9335 -0.1060 -0.3427
vn 0.9534 -0.1968 -0.2287
vn 0.9371 -0.3069 0.1660
vn 0.9973 -0.0701 -0.0197
vn 0.9378 -0.0364 -0.3452
vn 0.9973 -0.0702 -0.0197
vn 0.9610 -0.2613 0.0911
vn 0.9371 -0.3069 0.1661
vn 0.9360 -0.3246 0.1364
vn 0.9775 0.1751 0.1180
vn 0.9809 0.1652 -0.1023
vn 0.9609 -0.2613 0.0911
vn 0.9531 0.1619 0.2556
vn 0.7982 0.5550 0.2343
vn 0.8078 0.5662 0.1641
vn 0.7982 0.5550 0.2344
vn 0.9569 0.1787 0.2287
vn 0.8504 0.4834 0.2076
vn 0.9569 0.1787 0.2288
vn 0.9531 0.1619 0.2555
vn 0.4863 0.8602 0.1537
vn 0.8504 0.4835 0.2076
vn 0.4721 0.8719 0.1299
vn 0.4928 0.8323 0.2538
vn 0.9569 0.1788 0.2287
vn 0.2500 0.9477 0.1984
vn 0.1110 0.9844 0.1363
vn 0.4854 0.8164 0.3130
vn 0.4553 0.8705 0.1870
vn 0.8617 0.4665 0.1995
vn 0.6952 0.6679 0.2658
vn 0.5199 0.8280 0.2102
vn 0.6952 0.6678 0.2658
vn 0.8517 0.4290 0.3010
vn 0.7920 0.3344 0.5108
vn 0.6952 0.6679 0.2659
vn 0.4568 0.7354 0.5006
vn 0.2240 0.8175 0.5305
vn 0.3115 0.9311 0.1898
vn 0.2620 0.4356 0.8612
vn 0.2240 0.8175 0.5306
vn 0.4568 0.7354 0.5005
vn 0.2620 0.4356 0.8611
vn 0.5380 0.1247 0.8337
vn -0.0177 0.8424 0.5386
vn 0.1135 0.9806 0.1599
vn -0.0176 0.8424 0.5386
vn -0.0481 0.8332 0.5509
vn 0.1226 0.9610 0.2479
vn -0.0482 0.8332 0.5509
vn 0.1618 0.7765 0.6090
vn 0.2285 0.9071 0.3534
vn 0.1618 0.7764 0.6091
vn 0.2859 0.7183 0.6343
vn 0.1619 0.7765 0.6090
vn 0.1760 0.9243 0.3387
vn 0.1388 0.7306 0.6685
vn 0.1173 0.9699 0.2136
vn 0.1388 0.7306 0.6686
vn -0.0066 0.5419 0.8404
vn 0.0632 0.9968 0.0496
vn -0.0066 0.5418 0.8405
vn -0.1466 0.7214 0.6769
vn 0.0631 0.9968 0.0496
vn -0.0692 0.9950 0.0718
vn -0.2714 0.6935 0.6674
vn -0.1311 0.9752 0.1786
vn -0.1466 0.7214 0.6768
vn -0.4477 0.6112 0.6527
vn -0.1310 0.9752 0.1785
vn -0.3012 0.9238 0.2364
vn -0.4477 0.6112 0.6526
vn -0.4478 0.6112 0.6526
vn -0.5249 0.5789 0.6240
vn -0.3012 0.9238 0.2363
vn -0.5607 0.7721 0.2993
vn -0.5249 0.5788 0.6240
vn -0.2755 0.8274 0.4895
vn -0.5678 0.7708 0.2888
vn -0.2754 0.8274 0.4895
vn -0.2755 0.8274 0.4894
vn -0.4354 0.8198 0.3719
vn -0.5679 0.7708 0.2888
vn -0.2422 0.8702 0.4292
vn -0.4354 0.8198 0.3720
vn -0.1881 0.7602 0.6218
vn -0.0005 0.8513 0.5247
vn -0.2421 0.8702 0.4292
vn -0.0091 0.8846 0.4662
vn -0.2860 0.6475 0.7063
vn -0.0092 0.8846 0.4662
vn -0.4598 0.8471 0.2664
vn -0.0009 0.8518 0.5238
vn -0.8185 0.2694 0.5075
vn -0.9704 0.2405 0.0241
vn -0.8185 0.2694 0.5074
vn -0.9718 -0.0746 0.2238
vn -0.9703 0.2405 0.0241
vn -0.9898 -0.1173 -0.0803
vn -0.9718 -0.0746 0.2237
vn -0.9766 -0.1851 0.1093
vn -0.9718 -0.0745 0.2237
vn -0.9913 -0.0791 -0.1054
vn -0.8156 -0.1176 0.5665
vn -0.8366 -0.1468 0.5278
vn -0.8837 0.0036 0.4681
vn -0.9782 -0.1553 0.1380
vn -0.8560 0.0315 0.5159
vn -0.8837 0.0037 0.4681
vn -0.8837 0.0037 0.4680
vn -0.9016 0.1863 0.3904
vn -0.8560 0.0315 0.5160
vn -0.9321 -0.0374 0.3603
vn -0.7041 0.0426 0.7088
vn -0.7041 0.0426 0.7089
vn -0.8560 0.0316 0.5159
vn -0.9885 0.1118 0.1019
vn -0.9782 -0.1553 0.1379
vn -0.9885 0.1118 0.1020
vn -0.9970 -0.0717 0.0276
vn -0.9885 0.1117 0.1020
vn -0.9996 -0.0264 0.0140
vn -0.9970 -0.0718 0.0276
vn -0.9793 0.1169 -0.1651
vn -0.9948 -0.0832 0.0588
vn -0.9930 0.0069 0.1180
vn -0.9692 -0.1181 0.2162
vn -0.9775 0.0139 0.2104
vn -0.9830 -0.0499 0.1768
vn -0.9957 0.0113 0.0921
vn -0.9363 -0.1931 0.2934
vn -0.9692 -0.1180 0.2162
vn -0.9277 -0.2303 0.2939
vn -0.9363 -0.1931 0.2935
vn -0.9398 0.3051 0.1539
vn -0.9830 -0.0500 0.1769
vn -0.9147 -0.1176 0.3866
vn -0.8593 -0.2691 0.4349
vn -0.9148 -0.1176 0.3865
vn -0.9398 0.3051 0.1540
vn -0.9148 0.3900 0.1055
vn -0.9210 -0.0742 0.3824
vn -0.9147 -0.1175 0.3866
vn -0.8476 -0.1453 0.5104
vn -0.9580 -0.1389 0.2510
vn -0.9210 -0.0742 0.3823
vn -0.9734 0.2286 0.0124
vn -0.9172 -0.1907 0.3497
vn -0.8318 -0.1136 0.5433
vn -0.9822 -0.1704 -0.0785
vn -0.9373 -0.2637 0.2281
vn -0.9822 -0.1705 -0.0785
vn -0.9839 -0.1502 0.0968
vn -0.9782 -0.1298 0.1623
vn -0.9373 -0.2636 0.2281
vn -0.7709 -0.3737 0.5159
vn -0.9825 -0.0889 0.1637
vn -0.9173 -0.1907 0.3497
vn -0.8007 -0.1801 0.5714
vn -0.9095 -0.0549 0.4120
vn -0.8949 0.1376 0.4246
vn -0.9096 -0.0549 0.4119
vn -0.8949 0.1376 0.4245
vn -0.6668 -0.0168 0.7450
vn -0.6668 -0.0167 0.7450
vn -0.5841 -0.2697 0.7656
vn -0.5891 -0.1183 0.7994
vn -0.6697 0.2641 0.6941
vn -0.5840 -0.2697 0.7656
vn -0.5890 -0.1183 0.7994
vn -0.5021 -0.2490 0.8282
vn -0.7058 -0.2987 0.6423
vn -0.8637 0.0014 0.5040
vn -0.4685 -0.3312 0.8191
vn -0.7059 -0.2987 0.6423
vn -0.5381 -0.5257 0.6588
vn -0.4684 -0.3311 0.8191
vn -0.4685 -0.3311 0.8191
vn -0.5929 -0.2993 0.7476
vn -0.5899 -0.5283 0.6106
vn -0.5925 -0.2987 0.7481
vn -0.5926 -0.2987 0.7481
vn -0.5900 -0.5283 0.6106
vn -0.8736 -0.1567 0.4606
vn -0.5289 -0.7487 0.3997
vn -0.6248 -0.5927 0.5083
vn -0.5243 -0.8014 0.2878
vn -0.6247 -0.5927 0.5084
vn -0.6797 -0.6733 0.2910
vn -0.5243 -0.8014 0.2879
vn -0.5835 -0.7291 0.3576
vn -0.6797 -0.6733 0.2909
vn -0.7286 -0.6415 0.2401
vn -0.5835 -0.7292 0.3576
vn -0.5994 -0.6924 0.4016
vn -0.5813 -0.7898 0.1957
vn -0.5835 -0.7292 0.3575
vn -0.6095 -0.7513 0.2531
vn -0.5814 -0.7898 0.1957
vn -0.5814 -0.7898 0.1956
vn -0.5813 -0.7898 0.1956
vn -0.8396 -0.5172 0.1661
vn -0.8480 -0.5273 -0.0528
vn -0.8396 -0.5172 0.1662
vn -0.5313 -0.8471 -0.0135
vn -0.8480 -0.5274 -0.0528
vn -0.9146 -0.3765 0.1474
vn -0.9415 -0.3362 -0.0243
vn -0.9423 -0.3085 0.1300
vn -0.8089 -0.5671 0.1551
vn -0.8703 -0.4753 0.1288
vn -0.8089 -0.5671 0.1552
vn -0.8965 -0.4249 0.1253
vn -0.8367 -0.5104 0.1985
vn -0.7269 -0.6807 0.0911
vn -0.6849 -0.6906 0.2325
vn -0.7268 -0.6807 0.0911
vn 0.7854 -0.4734 0.3988
vn 0.6642 -0.6804 0.3096
vn 0.5630 -0.5901 0.5786
vn 0.5631 -0.5901 0.5785
vn 0.7525 -0.4927 0.4370
vn 0.6641 -0.6805 0.3096
vn 0.7854 -0.4733 0.3988
vn 0.8463 -0.3012 0.4394
vn 0.8284 -0.4787 0.2908
vn 0.9285 -0.3607 0.0882
vn 0.7627 -0.3096 0.5679
vn 0.8463 -0.3012 0.4393
vn 0.8284 -0.4788 0.2908
vn 0.8758 -0.4082 0.2574
vn 0.7884 -0.4588 0.4098
vn 0.8759 -0.4082 0.2574
vn 0.9524 -0.2553 0.1666
vn 0.8646 -0.4431 0.2371
vn 0.9030 -0.3745 0.2107
vn 0.9524 -0.2554 0.1666
vn 0.9524 -0.2553 0.1667
vn 0.9727 -0.2018 0.1145
vn 0.9030 -0.3744 0.2107
vn 0.9611 -0.2557 0.1045
vn 0.9568 -0.1259 0.2621
vn 0.9381 -0.3465 0.0014
vn 0.9891 -0.1473 -0.0045
vn 0.9380 -0.3465 0.0014
vn 0.9823 -0.0056 0.1872
vn 0.9848 -0.1590 -0.0702
vn 0.8281 -0.5483 0.1169
vn 0.9789 -0.0740 -0.1903
vn 0.9848 -0.1591 -0.0702
vn 0.9998 -0.0133 -0.0164
vn 0.9587 -0.1191 0.2582
vn 0.9918 -0.1277 0.0096
vn 0.9898 -0.0811 -0.1174
vn 0.9691 -0.2391 -0.0613
vn 0.9412 -0.0371 0.3357
vn 0.9918 -0.1276 0.0096
vn 0.9898 -0.0811 -0.1175
vn 0.9761 0.1529 0.1545
vn 0.9723 0.1180 0.2019
vn 0.9723 0.1180 0.2020
vn 0.9664 0.1186 0.2281
vn 0.9234 0.1352 0.3593
vn 0.9244 0.2160 0.3143
vn 0.8916 0.2974 0.3415
vn 0.9209 0.1626 0.3542
vn 0.9856 0.1308 0.1075
vn 0.9257 0.3042 0.2247
vn 0.9856 0.1309 0.1075
vn 0.8323 0.4581 0.3120
vn 0.8193 0.5507 0.1596
vn 0.8162 0.5764 -0.0386
vn 0.8193 0.5507 0.1597
vn 0.6550 0.7488 0.1012
vn 0.8162 0.5764 -0.0387
vn 0.9453 0.3253 -0.0238
vn 0.8252 0.5225 -0.2147
vn 0.9453 0.3252 -0.0238
vn 0.7386 0.6628 -0.1232
vn 0.9992 0.0175 -0.0349
vn 0.8252 0.5224 -0.2147
vn 0.8701 0.4821 -0.1029
vn 0.9423 0.1636 0.2919
vn 0.9992 0.0176 -0.0349
vn 0.9811 -0.0336 0.1904
vn 0.9996 -0.0123 0.0266
vn 0.8701 0.4820 -0.1029
vn 0.8678 0.4841 0.1121
vn 0.9996 -0.0123 0.0265
vn 0.9924 -0.1210 -0.0246
vn 0.9658 0.0815 0.2463
vn 0.8326 0.4164 0.3652
vn 0.9658 0.0816 0.2463
vn 0.9935 -0.0521 0.1012
vn 0.9924 -0.1209 -0.0247
vn 0.9935 -0.0522 0.1012
vn 0.9986 0.0445 -0.0290
vn 0.9979 0.0644 0.0111
vn 0.9924 -0.1210 -0.0247
vn 0.9598 0.0485 0.2763
vn 0.9084 0.1126 0.4026
vn 0.9598 0.0484 0.2763
vn 0.9777 0.1270 0.1673
vn 0.9986 0.0445 -0.0291
vn 0.9953 0.0807 -0.0529
vn 0.9953 -0.0005 0.0972
vn 0.9136 0.2682 0.3056
vn 0.9148 0.1981 0.3521
vn 0.9136 0.2681 0.3056
vn 0.9390 0.2654 0.2187
vn 0.9953 0.0808 -0.0529
vn 0.9194 0.1197 0.3747
vn 0.7998 0.2448 0.5481
vn 0.8697 0.2623 0.4182
vn 0.6865 0.0491 0.7254
vn 0.9061 0.1309 0.4023
vn 0.8697 0.2622 0.4182
vn 0.9293 0.1948 0.3136
vn 0.9912 0.0868 0.0998
vn 0.9293 0.1948 0.3137
vn 0.9819 0.1413 0.1258
vn 0.9912 0.0868 0.0997
vn 0.9936 0.0523 -0.0997
vn 0.9819 0.1413 0.1259
vn 0.9266 0.2710 0.2607
vn 0.9936 0.0524 -0.0998
vn 0.9936 0.0523 -0.0998
vn 0.9334 -0.1060 -0.3427
vn 0.9594 0.2350 -0.1560
vn 0.9241 0.3023 0.2338
vn 0.9594 0.2350 -0.1559
vn 0.9594 0.2349 -0.1560
vn 0.8958 0.0887 -0.4356
vn 0.7894 0.2532 -0.5592
vn 0.8959 0.0877 -0.4356
vn 0.9594 0.2349 -0.1559
vn 0.8575 0.4350 -0.2746
vn 0.9099 0.1893 -0.3691
vn 0.5602 0.6380 -0.5283
vn 0.5779 0.6561 -0.4853
vn 0.8358 0.5467 -0.0509
vn 0.9809 0.1651 -0.1023
vn 0.2597 0.9562 -0.1348
vn 0.1931 0.9204 -0.3398
vn 0.8078 0.5662 0.1640
vn 0.2597 0.9562 -0.1347
vn 0.3664 0.9226 0.1205
vn 0.0966 0.9944 0.0431
vn 0.2598 0.9562 -0.1348
vn 0.0150 0.9995 0.0278
vn 0.0971 0.9941 0.0477
vn 0.1741 0.9815 0.0794
vn 0.1198 0.9927 -0.0151
vn 0.1740 0.9815 0.0794
vn 0.1723 0.9794 0.1057
vn 0.1110 0.9844 0.1362
vn 0.2086 0.9663 0.1508
vn 0.1590 0.9870 0.0246
vn 0.1489 0.9885 0.0259
vn 0.2115 0.9651 0.1541
vn 0.1723 0.9793 0.1057
vn 0.1489 0.9885 0.0260
vn 0.2603 0.9560 0.1356
vn 0.2115 0.9652 0.1541
vn 0.1031 0.9936 0.0466
vn 0.2603 0.9559 0.1356
vn 0.1030 0.9936 0.0466
vn 0.3115 0.9311 0.1899
vn 0.3114 0.9311 0.1898
vn 0.2103 0.9708 0.1154
vn 0.1966 0.9712 0.1346
vn 0.2104 0.9708 0.1155
vn 0.2103 0.9708 0.1155
vn 0.1771 0.9767 0.1211
vn 0.0288 0.9988 0.0389
vn 0.1770 0.9767 0.1211
vn -0.0156 0.9995 0.0272
vn 0.0289 0.9988 0.0389
vn -0.1606 0.9813 -0.1065
vn -0.0157 0.9995 0.0272
vn -0.0960 0.9932 -0.0654
vn -0.1605 0.9813 -0.1065
vn -0.1849 0.9609 -0.2059
vn -0.0446 0.9776 -0.2055
vn -0.1850 0.9609 -0.2059
vn -0.0346 0.9878 -0.1517
vn -0.0446 0.9776 -0.2056
vn 0.1290 0.9775 -0.1669
vn 0.1602 0.9852 -0.0608
vn 0.0631 0.9968 0.0495
vn 0.0023 0.9995 -0.0300
vn 0.1072 0.9942 0.0050
vn -0.1311 0.9752 0.1785
vn -0.1298 0.9914 -0.0185
vn -0.0279 0.9915 0.1272
vn -0.3653 0.9134 0.1794
vn -0.0278 0.9915 0.1272
vn -0.1060 0.9388 0.3277
vn -0.3774 0.8397 0.3905
vn -0.1060 0.9388 0.3276
vn -0.1478 0.8529 0.5008
vn -0.5607 0.7720 0.2993
vn -0.0646 0.8634 0.5004
vn -0.1479 0.8529 0.5008
vn -0.0871 0.8956 0.4363
vn -0.3774 0.8397 0.3906
vn -0.0624 0.8650 0.4979
vn -0.2421 0.8701 0.4292
vn -0.5678 0.7708 0.2889
vn -0.0999 0.8544 0.5099
vn -0.0872 0.8956 0.4363
vn -0.2407 0.9146 0.3249
vn -0.6566 0.6774 0.3316
vn -0.7990 0.5543 0.2332
vn -0.9422 0.3349 -0.0078
vn -0.6567 0.6774 0.3316
vn -0.9838 0.1778 0.0250
vn -0.9987 -0.0508 0.0075
vn -0.9838 0.1777 0.0250
vn -0.9672 0.2508 -0.0410
vn -0.9930 -0.0540 0.1053
vn -0.9672 0.2509 -0.0410
vn -0.9940 0.0378 0.1029
vn -0.9898 -0.1173 -0.0804
vn -0.9987 -0.0509 0.0075
vn -0.9930 0.0068 0.1180
vn -0.9930 0.0069 0.1179
vn -0.9930 -0.0540 0.1052
vn -0.9930 0.0068 0.1179
vn -0.9913 -0.0791 -0.1055
vn -0.8832 0.3124 0.3498
vn -0.9800 0.1388 0.1423
vn -0.8999 0.0413 0.4341
vn -0.9216 0.0928 0.3769
vn -0.8290 0.3048 0.4689
vn -0.8923 -0.2172 0.3957
vn -0.9892 -0.0548 0.1357
vn -0.9864 0.1488 0.0696
vn -0.9892 -0.0548 0.1356
vn -0.8593 -0.2692 0.4349
vn -0.9222 -0.2001 0.3309
vn -0.9965 0.0206 0.0809
vn -0.9857 0.0393 -0.1639
vn -0.9222 -0.2000 0.3309
vn -0.9965 0.0205 0.0809
vn -0.9080 -0.0299 0.4179
vn -0.9147 -0.1176 0.3865
vn -0.9706 0.1626 0.1776
vn -0.9457 0.3059 0.1095
vn -0.9353 0.2720 0.2265
vn -0.9352 0.2720 0.2265
vn -0.9828 0.1828 -0.0246
vn -0.9593 0.0707 0.2734
vn -0.7976 0.1475 0.5849
vn -0.9221 0.2412 0.3027
vn -0.7968 0.2342 0.5570
vn -0.9835 0.0928 0.1553
vn -0.8659 0.4801 -0.1407
vn -0.7981 0.5861 0.1398
vn -0.9663 0.1305 -0.2221
vn -0.9835 0.0928 0.1552
vn -0.9663 0.1304 -0.2221
vn -0.9833 0.0969 0.1541
vn -0.9662 0.1305 -0.2221
vn -0.9521 0.2619 -0.1578
vn -0.8658 0.4801 -0.1408
vn -0.6576 0.6939 -0.2933
vn -0.6978 0.6954 -0.1718
vn -0.8658 0.4801 -0.1407
vn -0.9379 0.3092 0.1572
vn -0.9864 0.1488 0.0697
vn -0.9379 0.3092 0.1573
vn -0.8210 0.5486 0.1578
vn -0.8210 0.5487 0.1578
vn -0.8651 0.4907 -0.1040
vn -0.8651 0.4907 -0.1039
vn -0.7081 0.6385 -0.3015
vn -0.9289 0.0890 0.3596
vn -0.8651 0.4906 -0.1039
vn -0.9492 0.2574 0.1812
vn -0.7276 0.6743 0.1263
vn -0.5951 0.7750 -0.2126
vn -0.9890 -0.0821 0.1228
vn -0.9289 0.0889 0.3596
vn -0.7275 0.6678 0.1573
vn -0.7276 0.6678 0.1572
vn -0.3999 0.8935 0.2045
vn -0.3449 0.9377 0.0424
vn -0.9890 -0.0821 0.1229
vn -0.9838 0.1778 0.0251
vn -0.7276 0.6678 0.1573
vn -0.1914 0.9252 -0.3278
vn -0.3449 0.9377 0.0423
vn -0.2830 0.9562 -0.0742
vn -0.2830 0.9562 -0.0741
vn -0.1867 0.9261 -0.3278
vn -0.1914 0.9251 -0.3278
vn -0.2872 0.9260 0.2451
vn -0.2872 0.9260 0.2452
vn -0.1909 0.9335 0.3035
vn -0.1865 0.9808 -0.0569
vn -0.3999 0.8935 0.2044
vn -0.2190 0.9344 -0.2808
vn -0.1865 0.9808 -0.0570
vn -0.1643 0.9860 0.0291
vn -0.2276 0.9431 -0.2423
vn -0.1864 0.9808 -0.0569
vn -0.2191 0.9344 -0.2808
vn 0.0435 0.9718 0.2318
vn 0.0095 0.9690 0.2471
vn 0.0749 0.9730 0.2183
vn -0.1642 0.9860 0.0291
vn -0.0279 0.9915 0.1271
vn -0.2496 0.9684 0.0011
vn 0.1749 0.9256 0.3357
vn 0.1319 0.9612 0.2422
vn 0.1739 0.9770 0.1235
vn 0.2154 0.9737 0.0742
vn 0.2453 0.9412 0.2325
vn 0.1739 0.9770 0.1236
vn 0.0095 0.9690 0.2470
vn -0.0278 0.9915 0.1271
vn 0.3308 0.9151 0.2307
vn 0.1268 0.9644 0.2322
vn 0.1795 0.9676 0.1775
vn 0.1318 0.9612 0.2422
vn 0.2154 0.9737 0.0741
vn 0.0741 0.9971 0.0152
vn 0.0742 0.9971 0.0152
vn -0.1815 0.9788 -0.0954
vn 0.0094 0.9901 0.1398
vn 0.1180 0.9870 0.1096
vn -0.1740 0.9845 -0.0206
vn 0.0325 0.9900 0.1370
vn 0.1179 0.9870 0.1096
vn -0.3116 0.9417 -0.1270
vn -0.0419 0.9990 0.0154
vn -0.1877 0.9721 -0.1407
vn -0.0419 0.9990 0.0155
vn -0.1605 0.9813 -0.1064
vn -0.0375 0.9939 0.1040
vn 0.0186 0.9987 -0.0479
vn 0.1198 0.9912 -0.0561
vn 0.1227 0.9921 0.0275
vn 0.0905 0.9711 0.2209
vn 0.2693 0.9589 0.0897
vn 0.0906 0.9711 0.2209
vn -0.0956 0.9686 0.2297
vn -0.2614 0.9642 0.0443
vn 0.0905 0.9711 0.2210
vn 0.1278 0.9769 0.1712
vn -0.0144 0.9998 0.0147
vn -0.2057 0.9728 -0.1062
vn -0.0143 0.9998 0.0147
vn 0.2012 0.9776 -0.0622
vn 0.2024 0.9687 -0.1435
vn 0.2011 0.9776 -0.0622
vn 0.3742 0.9257 0.0554
vn 0.3830 0.9020 -0.1995
vn 0.3742 0.9257 0.0553
vn 0.1796 0.9676 0.1775
vn 0.0366 0.9993 0.0069
vn -0.1044 0.9374 -0.3322
vn -0.4068 0.8922 -0.1962
vn -0.1045 0.9374 -0.3322
vn -0.4764 0.8309 -0.2876
vn -0.4068 0.8922 -0.1963
vn -0.3142 0.9080 -0.2773
vn -0.3636 0.9128 -0.1860
vn -0.3142 0.9080 -0.2772
vn -0.2228 0.9242 -0.3103
vn -0.1790 0.9805 -0.0808
vn -0.3141 0.9080 -0.2772
vn -0.2228 0.9242 -0.3104
vn -0.2339 0.9480 -0.2158
vn -0.1242 0.9922 -0.0046
vn -0.2339 0.9480 -0.2157
vn -0.2203 0.9463 -0.2368
vn -0.2627 0.9640 0.0406
vn -0.2195 0.9463 -0.2372
vn -0.4396 0.8607 -0.2567
vn -0.2628 0.9640 0.0406
vn -0.6501 0.7597 -0.0114
vn -0.7081 0.6385 -0.3016
vn -0.6501 0.7598 -0.0114
vn -0.8300 0.5521 -0.0787
vn -0.8332 0.5315 0.1524
vn -0.5938 0.8000 0.0860
vn -0.7773 0.6025 0.1809
vn -0.7478 0.5853 0.3134
vn -0.7432 0.6226 0.2451
vn -0.7478 0.5853 0.3133
vn -0.7960 0.5386 0.2763
vn -0.7981 0.5860 0.1398
vn -0.7981 0.5861 0.1399
vn -0.6836 0.6582 0.3155
vn -0.7701 0.5605 0.3046
vn -0.7719 0.4763 0.4212
vn -0.7981 0.5860 0.1399
vn -0.7924 0.5994 -0.1134
vn -0.7719 0.4762 0.4212
vn -0.8015 0.5765 -0.1585
vn -0.7924 0.5994 -0.1133
vn -0.7679 0.1473 0.6234
vn -0.7924 0.5993 -0.1134
vn -0.9638 0.2383 -0.1194
vn -0.7679 0.1474 0.6234
vn -0.9967 0.0611 -0.0539
vn -0.8919 0.1339 0.4320
vn -0.8918 0.1339 0.4321
vn -0.9114 0.3045 -0.2770
vn -0.8948 0.2391 -0.3769
vn -0.9666 0.2475 0.0670
vn -0.9025 0.3816 -0.1996
vn -0.9666 0.2474 0.0670
vn -0.9478 0.2857 0.1419
vn -0.8554 0.5050 -0.1149
vn -0.7867 0.5827 0.2039
vn -0.9478 0.2857 0.1418
vn -0.8554 0.5050 -0.1150
vn -0.8554 0.5051 -0.1150
vn -0.8763 0.4809 -0.0290
vn -0.8905 0.4472 0.0831
vn -0.9421 0.3334 -0.0373
vn -0.8906 0.4472 0.0831
vn -0.9784 0.1716 0.1152
vn -0.9908 0.1309 -0.0346
vn -0.9784 0.1716 0.1153
vn -0.9519 0.1278 0.2785
vn -0.8613 -0.2821 0.4225
vn -0.9203 -0.2928 0.2593
vn -0.9204 -0.2927 0.2593
vn -0.6247 -0.5927 0.5083
vn -0.6248 -0.5927 0.5084
vn -0.9492 -0.3113 -0.0463
vn -0.9203 -0.2927 0.2593
vn -0.9908 0.1310 -0.0346
vn -0.9701 -0.2040 -0.1317
vn -0.9796 0.1589 -0.1233
vn -0.9701 -0.2040 -0.1318
vn -0.8268 -0.5411 0.1536
vn -0.8387 -0.4453 -0.3134
vn -0.8268 -0.5410 0.1536
vn -0.9587 -0.0822 -0.2723
vn -0.5707 -0.8209 0.0228
vn -0.6901 -0.7210 0.0619
vn -0.9481 -0.3174 0.0199
vn -0.5313 -0.8471 -0.0136
vn -0.5695 -0.7876 0.2354
vn -0.5313 -0.8470 -0.0136
vn -0.6221 -0.7000 0.3506
vn -0.6902 -0.7210 0.0619
vn -0.7680 -0.5769 0.2781
vn -0.7634 -0.5489 0.3404
vn -0.7758 -0.4630 0.4285
vn -0.9557 -0.2458 0.1620
vn -0.7758 -0.4631 0.4286
vn -0.7758 -0.4631 0.4285
vn -0.7769 -0.4727 0.4159
vn -0.9557 -0.2457 0.1619
vn -0.9557 -0.2457 0.1620
vn -0.8301 -0.5520 0.0792
vn -0.7801 -0.4623 0.4217
vn -0.8300 -0.5521 0.0792
vn -0.8300 -0.5520 0.0792
vn -0.9360 -0.3295 0.1239
vn -0.8985 -0.1972 0.3923
vn -0.9360 -0.3295 0.1238
vn -0.8466 -0.4303 0.3132
vn -0.8985 -0.1971 0.3923
vn -0.9336 -0.1367 0.3313
vn 0.8561 -0.1071 0.5056
vn 0.6545 -0.4327 0.6201
vn 0.8766 -0.4779 0.0559
vn 0.9973 0.0580 -0.0453
vn 0.6544 -0.4327 0.6201
vn 0.9943 -0.0927 0.0527
vn 0.9973 0.0579 -0.0453
vn 0.9650 0.1907 -0.1798
vn 0.9347 -0.2752 -0.2251
vn 0.9534 -0.2181 -0.2085
vn 0.9347 -0.2752 -0.2252
vn 0.9347 -0.2751 -0.2251
vn 0.9266 -0.3311 -0.1782
vn 0.8920 -0.4396 -0.1056
vn 0.9105 -0.4118 -0.0385
vn 0.8444 -0.5341 0.0405
vn 0.9105 -0.4118 -0.0386
vn 0.9727 -0.2018 0.1144
vn 0.8572 -0.4902 0.1582
vn 0.8463 -0.5327 -0.0068
vn 0.8571 -0.4902 0.1582
vn 0.8572 -0.4901 0.1582
vn 0.8749 -0.2715 0.4010
vn 0.8276 -0.5159 -0.2211
vn 0.9312 -0.0525 0.3607
vn 0.7567 0.0518 0.6517
vn 0.8573 -0.1558 0.4907
vn 0.7568 0.0518 0.6517
vn 0.9914 0.0071 0.1309
vn 0.9823 -0.0056 0.1873
vn 0.9380 -0.1959 0.2860
vn 0.8508 -0.1659 0.4987
vn 0.9680 -0.2153 0.1290
vn 0.9823 -0.0055 0.1872
vn 0.9998 -0.0133 -0.0163
vn 0.8958 -0.3445 0.2810
vn 0.8876 -0.4467 0.1128
vn 0.9691 -0.2390 -0.0613
vn 0.8875 -0.4467 0.1127
vn 0.9923 -0.1207 0.0277
vn 0.9380 -0.1960 0.2859
vn 0.9951 0.0324 -0.0933
vn 0.9923 -0.1208 0.0277
vn 0.9751 0.1038 -0.1960
vn 0.9951 0.0325 -0.0933
vn 0.9783 0.1014 -0.1804
vn 1.0000 0.0078 -0.0003
vn 0.9784 0.1014 -0.1804
vn 0.9705 0.0769 0.2283
vn 0.9901 0.0962 0.1022
vn 1.0000 0.0078 -0.0002
vn 0.9853 -0.1293 0.1119
vn 0.9901 0.0962 0.1023
vn 0.8883 0.2945 0.3524
vn 0.8692 0.4336 0.2378
vn 0.9209 0.1626 0.3541
vn 0.8970 0.4261 0.1176
vn 0.8691 0.4337 0.2378
vn 0.8691 0.4336 0.2378
vn 0.7884 0.6079 0.0940
vn 0.7726 0.6188 0.1420
vn 0.8391 0.5255 0.1409
vn 0.7726 0.6189 0.1420
vn 0.7725 0.6189 0.1420
vn 0.5462 0.8118 0.2066
vn 0.5822 0.7408 0.3349
vn 0.6433 0.7342 0.2171
vn 0.5677 0.7587 0.3196
vn 0.6433 0.7342 0.2170
vn 0.5964 0.8024 0.0200
vn 0.5053 0.8629 0.0016
vn 0.4833 0.8476 0.2192
vn 0.6058 0.7599 -0.2358
vn 0.1147 0.9843 -0.1344
vn 0.1671 0.9853 -0.0343
vn 0.5512 0.8300 -0.0855
vn 0.6058 0.7599 -0.2357
vn 0.0989 0.9946 0.0314
vn 0.5511 0.8300 -0.0855
vn 0.5511 0.8300 -0.0854
vn 0.4728 0.8812 0.0018
vn 0.5512 0.8300 -0.0854
vn 0.0988 0.9946 0.0314
vn 0.1018 0.9948 -0.0022
vn 0.4729 0.8811 0.0018
vn 0.5126 0.8586 -0.0035
vn 0.4728 0.8811 0.0018
vn 0.1302 0.9908 -0.0371
vn 0.5520 0.7782 0.2995
vn 0.1303 0.9908 -0.0371
vn 0.1303 0.9908 -0.0372
vn 0.2561 0.9666 0.0066
vn 0.5520 0.7782 0.2996
vn 0.6496 0.6017 0.4647
vn 0.2561 0.9666 0.0067
vn 0.3316 0.8866 0.3224
vn 0.7351 0.4566 0.5011
vn 0.7352 0.4566 0.5011
vn 0.9084 0.1126 0.4027
vn 0.6501 0.4323 0.6248
vn 0.5701 0.5126 0.6421
vn 0.6502 0.4323 0.6248
vn 0.7675 0.2187 0.6026
vn 0.9148 0.1982 0.3521
vn 0.8240 0.3524 0.4437
vn 0.6697 0.4942 0.5543
vn 0.8535 0.2979 0.4275
vn 0.8535 0.2979 0.4274
vn 0.8536 0.2979 0.4275
vn 0.7456 0.6386 0.1904
vn 0.8354 0.5152 0.1917
vn 0.6360 0.4800 0.6042
vn 0.8576 0.4350 -0.2746
vn 0.7602 0.4982 -0.4169
vn 0.9241 0.3024 0.2338
vn 0.7511 0.6580 -0.0536
vn 0.8526 0.5221 0.0223
vn 0.7512 0.6579 -0.0536
vn 0.7511 0.6580 -0.0537
vn 0.5198 0.8250 -0.2219
vn 0.4031 0.9128 0.0652
vn 0.4902 0.8709 -0.0337
vn 0.5198 0.8250 -0.2218
vn 0.2717 0.9549 -0.1198
vn 0.1932 0.9204 -0.3398
vn -0.0673 0.9874 0.1431
vn 0.0713 0.9907 0.1157
vn -0.0755 0.9923 0.0978
vn 0.0151 0.9995 0.0278
vn 0.1230 0.9924 -0.0016
vn 0.0262 0.9961 0.0848
vn 0.1230 0.9924 -0.0017
vn 0.0396 0.9729 -0.2280
vn 0.0186 0.9987 -0.0478
vn 0.0396 0.9729 -0.2279
vn 0.0263 0.9961 0.0848
vn 0.3738 0.9272 0.0237
vn 0.3429 0.9369 0.0675
vn 0.0501 0.9911 0.1237
vn 0.1772 0.9842 -0.0022
vn 0.1841 0.9829 -0.0031
vn 0.2907 0.9565 0.0258
vn -0.3193 0.9454 0.0656
vn 0.1772 0.9842 -0.0021
vn 0.1842 0.9829 -0.0031
vn -0.2945 0.9455 0.1387
vn 0.1771 0.9842 -0.0021
vn -0.2715 0.9624 -0.0057
vn -0.3430 0.9217 0.1814
vn 0.1084 0.9895 -0.0957
vn -0.3429 0.9217 0.1814
vn 0.0374 0.9966 0.0734
vn 0.2399 0.9469 -0.2141
vn 0.0374 0.9966 0.0735
vn 0.0697 0.9938 -0.0870
vn 0.2399 0.9469 -0.2142
vn 0.3830 0.9020 -0.1994
vn -0.1938 0.8848 -0.4239
vn -0.3330 0.9248 -0.1843
vn -0.1938 0.8847 -0.4239
vn 0.3829 0.9020 -0.1994
vn -0.3394 0.8616 -0.3775
vn -0.3330 0.9247 -0.1843
vn -0.1792 0.9768 -0.1172
vn -0.1937 0.8847 -0.4239
vn -0.1061 0.9882 -0.1102
vn -0.1793 0.9768 -0.1172
vn 0.0193 0.9982 -0.0575
vn -0.1486 0.9880 -0.0428
vn -0.0554 0.9940 -0.0948
vn -0.1033 0.9946 0.0033
vn -0.0998 0.9927 -0.0683
vn -0.1033 0.9946 0.0032
vn -0.1964 0.9803 -0.0224
vn -0.2199 0.9747 -0.0400
vn -0.1963 0.9803 -0.0224
vn -0.1964 0.9803 -0.0225
vn -0.5938 0.8000 0.0861
vn -0.1963 0.9803 -0.0225
vn -0.4409 0.8975 0.0043
vn -0.2627 0.9640 0.0405
vn -0.3443 0.9143 0.2135
vn -0.4410 0.8975 0.0043
vn -0.1325 0.9809 0.1422
vn -0.3442 0.9143 0.2135
vn -0.5620 0.7630 0.3193
vn -0.5939 0.8000 0.0860
vn -0.7196 0.5558 0.4164
vn -0.3442 0.9143 0.2136
vn -0.2415 0.8808 0.4072
vn -0.7196 0.5558 0.4163
vn -0.7701 0.5605 0.3045
vn -0.8682 0.4844 0.1080
vn -0.7701 0.5606 0.3045
vn -0.9940 0.1068 0.0229
vn -0.7196 0.5557 0.4163
vn -0.8840 0.4189 0.2077
vn -0.9940 0.1069 0.0229
vn -0.8016 0.5765 -0.1585
vn -0.9201 0.3917 -0.0051
vn -0.9650 0.2618 0.0144
vn -0.9459 0.2953 0.1348
vn -0.9650 0.2618 0.0145
vn -0.8310 0.4715 -0.2953
vn -0.9701 0.1890 -0.1524
vn -0.9201 0.3916 -0.0051
vn -0.8949 0.2391 -0.3769
vn -0.9418 0.2923 -0.1659
vn -0.9039 0.4127 0.1125
vn -0.9657 0.1490 0.2128
vn -0.9435 0.3305 -0.0243
vn -0.9418 0.2922 -0.1659
vn -0.9827 0.1806 -0.0414
vn -0.9403 0.1835 -0.2865
vn -0.9950 -0.0207 -0.0973
vn -0.9404 0.1834 -0.2865
vn -0.9114 0.3044 -0.2770
vn -0.8143 0.4919 -0.3081
vn -0.9199 0.3847 -0.0754
vn -0.8144 0.4919 -0.3081
vn -0.8144 0.4918 -0.3081
vn -0.8554 0.5051 -0.1149
vn -0.7426 0.6013 -0.2950
vn -0.9199 0.3848 -0.0754
vn -0.8017 0.5748 -0.1640
vn -0.7426 0.6013 -0.2951
vn -0.8775 0.4291 -0.2142
vn -0.8076 0.5420 -0.2325
vn -0.8775 0.4292 -0.2142
vn -0.9796 0.1589 -0.1234
vn -0.9456 0.1223 -0.3016
vn -0.9421 0.3333 -0.0373
vn -0.9169 0.3756 -0.1353
vn -0.9456 0.1222 -0.3016
vn -0.8737 0.4458 -0.1946
vn -0.9168 0.3756 -0.1353
vn -0.9809 -0.1479 0.1264
vn -0.9949 0.1001 0.0115
vn -0.9121 0.3767 -0.1617
vn -0.9481 -0.3173 0.0199
vn -0.9055 -0.4120 0.1016
vn -0.9481 -0.3174 0.0200
vn -0.9481 -0.3173 0.0200
vn -0.9078 -0.3793 -0.1788
vn -0.9619 -0.0883 -0.2586
vn -0.9078 -0.3792 -0.1789
vn -0.7953 -0.5880 -0.1475
vn -0.9055 -0.4120 0.1015
vn -0.7722 -0.5112 -0.3773
vn -0.8591 -0.4008 -0.3182
vn -0.7086 -0.7021 0.0700
vn -0.7723 -0.5112 -0.3773
vn -0.7494 -0.6092 -0.2594
vn -0.8514 -0.5041 0.1450
vn -0.7493 -0.6093 -0.2594
vn -0.7494 -0.6093 -0.2594
vn -0.7185 -0.6582 -0.2248
vn -0.7758 -0.4630 0.4286
vn -0.8962 -0.4397 -0.0585
vn -0.8514 -0.5041 0.1451
vn -0.8896 -0.3855 -0.2448
vn -0.8962 -0.4397 -0.0584
vn -0.8690 -0.3468 0.3528
vn -0.8896 -0.3855 -0.2447
vn -0.9757 -0.1631 -0.1460
vn -0.8691 -0.3468 0.3528
vn -0.8690 -0.3469 0.3528
vn -0.7769 -0.4728 0.4159
vn -0.8373 -0.4197 0.3505
vn -0.8615 -0.5048 -0.0545
vn -0.8900 -0.4259 0.1627
vn -0.6573 -0.7530 0.0303
vn -0.8901 -0.4258 0.1627
vn -0.8900 -0.4258 0.1627
vn 0.9791 0.0936 -0.1804
vn 0.9201 -0.3766 -0.1082
vn 0.9754 -0.2168 0.0402
vn 0.9255 -0.0474 0.3759
vn 0.9200 -0.3766 -0.1082
vn 0.9894 0.1114 0.0936
vn 0.7676 -0.0362 0.6399
vn 0.9894 0.1113 0.0936
vn 0.9651 0.1907 -0.1798
vn 0.9452 -0.2793 0.1690
vn 0.6887 -0.2810 0.6683
vn 0.9452 -0.2792 0.1690
vn 0.8337 -0.4888 0.2570
vn 0.7076 -0.3851 0.5924
vn 0.8336 -0.4888 0.2570
vn 0.7914 -0.5728 0.2135
vn 0.8336 -0.4889 0.2570
vn 0.7077 -0.3851 0.5924
vn 0.8528 -0.3461 0.3911
vn 0.7914 -0.5729 0.2134
vn 0.7914 -0.5729 0.2135
vn 0.9533 -0.2720 0.1313
vn 0.9632 -0.2315 0.1364
vn 0.9533 -0.2719 0.1313
vn 0.9570 -0.2873 -0.0394
vn 0.9957 -0.0920 -0.0081
vn 0.9591 -0.1989 -0.2014
vn 0.9911 0.1248 -0.0461
vn 0.8925 -0.3549 -0.2784
vn 0.9977 0.0558 -0.0387
vn 0.9005 -0.1155 -0.4193
vn 0.9977 0.0557 -0.0387
vn 0.8925 -0.3550 -0.2784
vn 0.9977 0.0558 -0.0388
vn 0.8705 0.2418 0.4287
vn 0.8705 0.2418 0.4286
vn 0.9887 0.1142 0.0973
vn 0.9801 0.0547 -0.1909
vn 0.9801 0.0547 -0.1910
vn 0.9489 0.1877 -0.2537
vn 0.9609 0.1782 -0.2120
vn 0.9158 -0.1943 -0.3515
vn 0.9541 -0.2879 -0.0825
vn 0.9489 0.1877 -0.2536
vn 0.9828 0.0900 -0.1611
vn 0.9541 -0.2878 -0.0824
vn 0.9768 -0.1772 -0.1203
vn 0.9541 -0.2879 -0.0824
vn 0.9323 -0.3526 -0.0804
vn 0.9158 -0.1942 -0.3515
vn 0.9796 0.1928 -0.0559
vn 0.9791 0.1991 -0.0412
vn 0.9214 0.2901 -0.2587
vn 0.9368 0.3496 0.0158
vn 0.9214 0.2901 -0.2588
vn 0.9677 0.1174 -0.2232
vn 0.9850 0.0476 -0.1660
vn 0.8464 0.4499 -0.2849
vn 0.9213 0.2901 -0.2588
vn 0.8760 0.3681 -0.3116
vn 0.9858 0.1655 -0.0269
vn 0.8131 0.5667 0.1331
vn 0.9564 0.2823 0.0744
vn 0.6567 0.6853 0.3150
vn 0.9564 0.2823 0.0745
vn 0.9564 0.2824 0.0745
vn 0.6567 0.6853 0.3149
vn 0.9079 0.4088 0.0926
vn 0.8060 0.5896 0.0531
vn 0.9079 0.4089 0.0926
vn 0.8390 0.5255 0.1409
vn 0.6501 0.7080 0.2759
vn 0.6307 0.7731 -0.0674
vn 0.6502 0.7079 0.2759
vn 0.6502 0.7079 0.2758
vn 0.4399 0.8931 0.0945
vn 0.6308 0.7730 -0.0674
vn 0.3645 0.9262 -0.0958
vn 0.4399 0.8930 0.0945
vn 0.5822 0.7409 0.3349
vn 0.2904 0.9569 0.0088
vn 0.3646 0.9262 -0.0958
vn 0.2389 0.9698 -0.0487
vn 0.3417 0.9024 0.2626
vn 0.0805 0.9804 0.1797
vn 0.2904 0.9569 0.0087
vn -0.0807 0.9945 0.0662
vn 0.4834 0.8475 0.2192
vn 0.0804 0.9804 0.1797
vn 0.1803 0.9687 0.1704
vn 0.4833 0.8475 0.2192
vn -0.0369 0.9871 0.1560
vn -0.0608 0.9972 0.0436
vn -0.0246 0.9992 0.0302
vn 0.4833 0.8476 0.2191
vn -0.1301 0.9827 0.1317
vn -0.0541 0.9818 0.1820
vn -0.1380 0.9902 -0.0199
vn -0.1766 0.9810 -0.0803
vn -0.1380 0.9902 -0.0198
vn -0.0371 0.9981 -0.0497
vn -0.1683 0.9798 -0.1076
vn -0.0008 0.9978 0.0663
vn -0.1682 0.9799 -0.1076
vn -0.2243 0.9655 0.1322
vn -0.0009 0.9978 0.0663
vn -0.1606 0.9868 -0.0204
vn -0.2733 0.9458 0.1754
vn -0.1605 0.9868 -0.0203
vn -0.1605 0.9868 -0.0204
vn -0.1936 0.9804 -0.0359
vn -0.2734 0.9458 0.1754
vn -0.2383 0.9696 -0.0556
vn -0.1936 0.9804 -0.0358
vn -0.1528 0.9740 0.1674
vn -0.0789 0.9968 -0.0122
vn 0.3316 0.8866 0.3225
vn -0.0233 0.9064 0.4219
vn -0.0790 0.9968 -0.0122
vn 0.1144 0.9456 0.3047
vn -0.0233 0.9063 0.4219
vn 0.2831 0.7720 0.5691
vn 0.4042 0.7846 0.4701
vn 0.1850 0.9734 0.1353
vn 0.1850 0.9734 0.1354
vn 0.4406 0.8560 -0.2705
vn 0.2235 0.9496 -0.2200
vn 0.4407 0.8560 -0.2705
vn 0.2915 0.9564 -0.0153
vn 0.0882 0.9926 -0.0836
vn 0.4902 0.8710 -0.0336
vn 0.7511 0.6579 -0.0536
vn 0.0718 0.9921 0.1030
vn 0.2756 0.9600 -0.0490
vn 0.0882 0.9926 -0.0837
vn 0.0714 0.9907 0.1157
vn 0.4902 0.8709 -0.0336
vn 0.1499 0.9753 0.1620
vn 0.2624 0.9645 -0.0305
vn 0.4724 0.8811 0.0236
vn 0.1677 0.9850 0.0401
vn 0.0753 0.9924 0.0971
vn -0.0706 0.9945 0.0777
vn 0.1886 0.9479 0.2569
vn -0.1595 0.8774 0.4525
vn 0.0664 0.9042 0.4220
vn -0.0705 0.9945 0.0777
vn -0.0183 0.8898 0.4561
vn -0.1595 0.8774 0.4526
vn 0.0664 0.9041 0.4220
vn -0.1807 0.9002 0.3961
vn -0.0648 0.9755 0.2102
vn -0.0183 0.8898 0.4560
vn -0.1807 0.9002 0.3962
vn -0.2614 0.9199 0.2925
vn 0.0697 0.9938 -0.0869
vn -0.3889 0.9155 0.1032
vn -0.3967 0.8778 0.2686
vn -0.2322 0.9630 0.1371
vn -0.3087 0.9186 0.2468
vn -0.0790 0.9954 0.0536
vn -0.1236 0.9652 0.2304
vn 0.0192 0.9982 -0.0575
vn -0.1123 0.9918 0.0614
vn -0.1136 0.9622 0.2476
vn -0.1123 0.9918 0.0613
vn -0.0487 0.9988 -0.0017
vn -0.1131 0.9917 0.0614
vn -0.0384 0.9664 0.2541
vn -0.0487 0.9988 -0.0016
vn -0.0341 0.9600 0.2781
vn -0.1326 0.9809 0.1421
vn -0.0081 0.9982 0.0594
vn -0.0940 0.9953 0.0232
vn -0.2210 0.9704 0.0974
vn -0.1325 0.9809 0.1421
vn -0.2349 0.9666 -0.1025
vn 0.0110 0.9931 -0.1169
vn -0.8840 0.4188 0.2077
vn -0.7604 0.6456 -0.0705
vn -0.7196 0.5557 0.4164
vn -0.5623 0.7734 0.2926
vn -0.2119 0.9544 0.2104
vn -0.8381 0.3485 0.4197
vn -0.9458 0.2953 0.1348
vn -0.7605 0.6456 -0.0705
vn -0.7896 0.4972 0.3595
vn -0.4842 0.8243 0.2933
vn -0.7896 0.4972 0.3596
vn -0.9282 0.1206 0.3519
vn -0.8381 0.3485 0.4198
vn -0.9296 0.0634 0.3630
vn -0.9282 0.1205 0.3519
vn -0.9389 -0.0183 0.3436
vn -0.9657 0.1489 0.2128
vn -0.9851 0.0771 0.1537
vn -0.9952 0.0795 0.0563
vn -0.9424 0.0421 0.3319
vn -0.9851 0.0772 0.1536
vn -0.9174 -0.0034 0.3980
vn -0.9742 0.2187 0.0552
vn -0.9174 -0.0035 0.3980
vn -0.8658 -0.0317 0.4993
vn -0.9424 0.0422 0.3319
vn -0.9821 0.0565 0.1799
vn -0.9748 0.2160 0.0551
vn -0.8914 0.1632 0.4229
vn -0.9007 0.3538 0.2522
vn -0.8914 0.1632 0.4228
vn -0.9425 0.2141 0.2568
vn -0.9950 -0.0206 -0.0973
vn -0.9287 0.3625 0.0774
vn -0.9762 0.1822 0.1172
vn -0.9288 0.3625 0.0774
vn -0.8737 0.4458 -0.1947
vn -0.9762 0.1822 0.1173
vn -0.9396 0.3414 -0.0250
vn -0.9692 0.1831 0.1648
vn -0.9626 0.0682 0.2621
vn -0.9692 0.1832 0.1648
vn -0.9450 0.3189 -0.0721
vn -0.9121 0.3766 -0.1617
vn -0.9809 0.1035 -0.1647
vn -0.9936 0.1109 0.0193
vn -0.9809 0.1035 -0.1646
vn -0.9402 -0.2094 -0.2685
vn -0.9620 -0.0883 -0.2586
vn -0.9231 -0.1077 -0.3693
vn -0.9275 -0.0013 -0.3738
vn -0.8592 -0.4008 -0.3182
vn -0.8010 -0.5820 -0.1404
vn -0.8591 -0.4007 -0.3182
vn -0.8825 -0.3559 -0.3075
vn -0.9231 -0.1076 -0.3693
vn -0.8665 -0.1561 -0.4742
vn -0.7905 -0.5744 -0.2123
vn -0.8747 -0.4847 0.0091
vn -0.7900 -0.5744 -0.2144
vn -0.8592 -0.4007 -0.3182
vn -0.7722 -0.5111 -0.3773
vn -0.8566 -0.4788 -0.1924
vn -0.8747 -0.4846 0.0091
vn -0.7664 -0.6417 0.0290
vn -0.8566 -0.4789 -0.1924
vn -0.7166 -0.6474 -0.2596
vn -0.7252 -0.6863 -0.0561
vn -0.7165 -0.6474 -0.2596
vn -0.9036 -0.3734 -0.2102
vn -0.8979 -0.3986 -0.1868
vn -0.9035 -0.3734 -0.2102
vn -0.9218 -0.2026 -0.3306
vn -0.9375 -0.2794 -0.2075
vn -0.9259 -0.2114 -0.3130
vn -0.9837 -0.0119 -0.1792
vn -0.9888 -0.1413 -0.0474
vn -0.9837 -0.0120 -0.1793
vn -0.9837 -0.0120 -0.1792
vn -0.9473 0.2830 -0.1502
vn -0.9888 -0.1413 -0.0475
vn 0.8514 -0.3729 0.3687
vn 0.9078 -0.3719 0.1939
vn 0.8344 -0.4829 0.2657
vn 0.8344 -0.4829 0.2656
vn 0.9089 -0.4109 0.0707
vn 0.8515 -0.3729 0.3687
vn 0.9255 -0.0474 0.3758
vn 0.9754 -0.2167 0.0402
vn 0.8454 -0.1845 0.5012
vn 0.9159 -0.3035 -0.2628
vn 0.8455 -0.1845 0.5012
vn 0.8270 -0.2854 0.4844
vn 0.9159 -0.3035 -0.2627
vn 0.8246 -0.2319 -0.5159
vn 0.8455 -0.1845 0.5011
vn 0.9137 -0.2908 0.2839
vn 0.8247 -0.2319 -0.5159
vn 0.7820 -0.2014 -0.5898
vn 0.9137 -0.2908 0.2840
vn 0.6885 -0.2819 0.6682
vn 0.9788 -0.1659 0.1203
vn 0.8173 -0.2062 -0.5381
vn 0.9788 -0.1658 0.1203
vn 0.9989 0.0304 0.0345
vn 0.9788 -0.1658 0.1202
vn 0.8172 -0.2062 -0.5382
vn 0.9014 -0.0305 -0.4319
vn 0.9989 0.0305 0.0345
vn 0.9788 -0.1659 0.1202
vn 0.9883 -0.0053 -0.1522
vn 0.9013 0.1085 -0.4194
vn 0.9883 -0.0054 -0.1522
vn 0.9883 -0.0053 -0.1523
vn 0.9632 -0.2315 0.1363
vn 0.9609 0.1781 -0.2120
vn 0.9118 0.1118 -0.3951
vn 0.9549 -0.0922 -0.2822
vn 0.9508 0.0589 -0.3041
vn 0.9549 -0.0921 -0.2822
vn 0.9947 -0.0850 0.0576
vn 0.9645 -0.2618 0.0353
vn 0.9948 -0.0836 0.0579
vn 0.9549 -0.0922 -0.2823
vn 0.9890 -0.1288 -0.0722
vn 0.9257 -0.3469 0.1507
vn 0.9571 -0.2847 0.0534
vn 0.9257 -0.3469 0.1506
vn 0.9828 -0.1777 0.0512
vn 0.9948 -0.1012 -0.0132
vn 0.9872 0.1423 -0.0714
vn 0.9591 0.2677 0.0919
vn 0.9872 0.1423 -0.0713
vn 0.9677 0.2519 0.0050
vn 0.9591 0.2678 0.0919
vn 0.9781 0.1771 0.1090
vn 0.9368 0.3495 0.0158
vn 0.9054 0.4228 0.0382
vn 0.9174 0.3814 0.1137
vn 0.9054 0.4227 0.0381
vn 0.9054 0.4227 0.0382
vn 0.9101 0.4017 0.1020
vn 0.9210 0.3874 -0.0422
vn 0.8579 0.5089 0.0702
vn 0.9209 0.3874 -0.0423
vn 0.9072 0.3408 -0.2465
vn 0.7345 0.6730 0.0870
vn 0.9209 0.3874 -0.0422
vn 0.8566 0.5158 -0.0117
vn 0.7505 0.6604 -0.0245
vn 0.5912 0.8061 -0.0265
vn 0.9073 0.3408 -0.2465
vn 0.4206 0.8948 0.1497
vn 0.5771 0.7835 0.2305
vn 0.4207 0.8948 0.1497
vn 0.6308 0.7731 -0.0674
vn 0.4207 0.8948 0.1498
vn 0.3696 0.9020 0.2231
vn 0.5771 0.7835 0.2306
vn 0.4699 0.8136 0.3425
vn 0.3696 0.9020 0.2230
vn 0.0209 0.9197 0.3920
vn 0.1205 0.9349 0.3338
vn 0.0209 0.9197 0.3921
vn 0.0208 0.9197 0.3921
vn -0.1231 0.9921 -0.0218
vn -0.1340 0.9707 0.1996
vn -0.1232 0.9921 -0.0219
vn 0.0208 0.9197 0.3920
vn -0.0921 0.9274 0.3626
vn -0.0807 0.9945 0.0663
vn -0.3084 0.9464 -0.0963
vn -0.0806 0.9945 0.0662
vn 0.0251 0.9990 -0.0364
vn -0.3084 0.9464 -0.0964
vn 0.0393 0.9830 0.1791
vn 0.0251 0.9990 -0.0363
vn -0.0608 0.9972 0.0437
vn -0.0123 0.9959 -0.0901
vn -0.1774 0.9748 -0.1354
vn -0.1038 0.9916 -0.0766
vn -0.0122 0.9959 -0.0901
vn -0.0454 0.9762 0.2120
vn -0.0542 0.9818 0.1820
vn 0.1039 0.9930 -0.0553
vn -0.0455 0.9762 0.2120
vn -0.1418 0.9813 -0.1302
vn 0.0245 0.9873 0.1572
vn 0.1039 0.9931 -0.0553
vn 0.2941 0.9495 0.1090
vn -0.0451 0.9984 0.0332
vn 0.2941 0.9495 0.1091
vn 0.2942 0.9495 0.1090
vn 0.2778 0.9541 0.1118
vn -0.0451 0.9984 0.0333
vn -0.1761 0.9811 -0.0803
vn -0.1533 0.9882 0.0031
vn 0.2778 0.9541 0.1117
vn 0.3144 0.9455 -0.0845
vn -0.1766 0.9810 -0.0802
vn -0.1533 0.9882 0.0030
vn -0.0924 0.9946 0.0480
vn 0.3145 0.9455 -0.0845
vn 0.3995 0.9164 -0.0256
vn -0.0679 0.9913 0.1130
vn 0.3995 0.9164 -0.0257
vn 0.4159 0.9032 0.1057
vn -0.0340 0.9942 -0.1020
vn 0.4160 0.9032 0.1057
vn 0.3095 0.9486 -0.0666
vn -0.0349 0.9858 -0.1644
vn 0.3094 0.9486 -0.0666
vn 0.2706 0.9316 -0.2428
vn -0.0348 0.9858 -0.1644
vn 0.2172 0.9706 -0.1032
vn 0.2962 0.9027 -0.3121
vn 0.2173 0.9706 -0.1032
vn -0.0789 0.9968 -0.0123
vn 0.4724 0.8810 0.0236
vn 0.1145 0.9455 0.3047
vn 0.2367 0.9581 -0.1612
vn 0.2704 0.9313 -0.2442
vn 0.4197 0.9013 -0.1076
vn 0.2962 0.9027 -0.3122
vn 0.3298 0.9432 0.0388
vn 0.4196 0.9013 -0.1076
vn 0.4845 0.8742 0.0333
vn 0.3299 0.9432 0.0388
vn 0.2130 0.9617 0.1726
vn 0.3957 0.9125 0.1035
vn -0.0794 0.9341 0.3481
vn 0.1295 0.9793 0.1556
vn -0.2239 0.8885 0.4006
vn 0.1294 0.9793 0.1556
vn -0.2102 0.9706 0.1172
vn -0.3668 0.8581 0.3594
vn -0.4550 0.8896 0.0391
vn -0.2239 0.8885 0.4005
vn -0.3668 0.8580 0.3594
vn -0.3633 0.8731 0.3251
vn -0.4550 0.8896 0.0390
vn -0.4902 0.8715 -0.0140
vn -0.3967 0.8778 0.2685
vn -0.1915 0.9675 0.1652
vn -0.3562 0.9293 -0.0975
vn -0.1915 0.9675 0.1651
vn -0.1235 0.9652 0.2304
vn -0.1699 0.9818 0.0845
vn -0.2330 0.9573 -0.1711
vn -0.1270 0.9773 -0.1694
vn -0.0939 0.9953 0.0232
vn -0.0175 0.9779 0.2084
vn -0.1289 0.9773 0.1681
vn 0.0980 0.9738 0.2052
vn 0.0099 0.9931 -0.1167
vn -0.0136 0.9393 0.3429
vn 0.0980 0.9738 0.2051
vn -0.0016 0.9104 0.4137
vn -0.2155 0.9441 0.2493
vn -0.2685 0.9007 0.3414
vn -0.0984 0.9447 0.3127
vn -0.2155 0.9442 0.2493
vn -0.2685 0.9008 0.3414
vn -0.4934 0.8115 0.3130
vn -0.6179 0.7476 0.2434
vn -0.2686 0.9007 0.3414
vn -0.2330 0.9124 0.3366
vn -0.8368 0.5218 0.1657
vn -0.9598 0.2782 0.0378
vn -0.9959 0.0506 -0.0753
vn -0.9952 0.0796 0.0563
vn -0.9692 0.0557 0.2399
vn -0.9959 0.0507 -0.0753
vn -0.9664 0.2190 0.1343
vn -0.9594 0.2821 -0.0049
vn -0.9535 0.2039 0.2219
vn -0.9062 0.4202 0.0471
vn -0.9117 0.4102 -0.0229
vn -0.9062 0.4202 0.0470
vn -0.9594 0.2822 -0.0049
vn -0.9364 0.1233 0.3287
vn -0.9053 0.4066 -0.1230
vn -0.9363 0.1233 0.3287
vn -0.9126 0.0057 0.4088
vn -0.9053 0.4066 -0.1229
vn -0.9746 0.2198 0.0424
vn -0.9126 0.0057 0.4087
vn -0.9096 0.1415 0.3906
vn -0.9904 -0.0108 0.1381
vn -0.9950 -0.0395 0.0920
vn -0.9912 -0.1290 -0.0313
vn -0.9876 -0.0524 -0.1478
vn -0.9767 -0.0257 -0.2129
vn -0.9626 0.0682 0.2620
vn -0.9731 -0.1253 -0.1935
vn -0.9622 -0.1850 -0.2001
vn -0.9603 -0.1116 -0.2559
vn -0.9275 -0.0013 -0.3737
vn -0.9378 -0.1554 -0.3106
vn -0.9731 -0.1252 -0.1935
vn -0.9592 -0.0858 -0.2692
vn -0.9602 -0.1115 -0.2559
vn -0.9044 -0.3185 -0.2839
vn -0.8664 -0.1561 -0.4742
vn -0.9603 -0.1115 -0.2559
vn -0.9288 -0.3678 -0.0450
vn -0.9044 -0.3186 -0.2839
vn -0.9865 -0.1046 -0.1261
vn -0.8324 -0.3196 -0.4528
vn -0.9288 -0.3678 -0.0451
vn -0.8533 -0.5018 -0.1418
vn -0.8825 -0.3560 -0.3075
vn -0.8024 -0.4449 -0.3977
vn -0.8460 -0.4629 -0.2646
vn -0.7613 -0.5744 -0.3008
vn -0.9368 -0.2630 -0.2306
vn -0.8016 -0.5956 0.0532
vn -0.9123 -0.4095 0.0098
vn -0.8016 -0.5955 0.0531
vn -0.8016 -0.5955 0.0532
vn -0.9004 -0.4332 -0.0406
vn -0.8166 -0.5630 0.1269
vn -0.9004 -0.4332 -0.0405
vn -0.9485 -0.2836 -0.1412
vn -0.8167 -0.5630 0.1269
vn -0.8925 -0.4506 0.0215
vn -0.9485 -0.2835 -0.1412
vn -0.9794 -0.1221 -0.1606
vn -0.9957 0.0928 -0.0059
vn -0.9794 -0.1221 -0.1607
vn -0.9378 0.3428 -0.0551
vn -0.9957 0.0927 -0.0059
vn -0.9227 0.3791 0.0697
vn -0.9837 -0.0119 -0.1793
vn -0.9118 0.4049 0.0682
vn -0.9852 0.1275 0.1142
vn 0.9901 -0.1310 0.0501
vn 0.8815 -0.4288 0.1975
vn 0.9587 -0.2844 0.0084
vn 0.9795 0.1488 -0.1355
vn 0.8830 0.0440 -0.4674
vn 0.9795 0.1487 -0.1355
vn 0.9319 0.3362 -0.1362
vn 0.8830 0.0441 -0.4674
vn 0.9090 -0.4109 0.0707
vn 0.9090 -0.4108 0.0708
vn 0.7746 -0.0243 -0.6320
vn 0.8829 0.0440 -0.4674
vn 0.9319 0.3363 -0.1362
vn 0.9895 0.1145 0.0885
vn 0.7024 -0.2316 -0.6730
vn 0.9895 0.1146 0.0885
vn 0.9245 -0.3452 0.1619
vn 0.7813 -0.3614 -0.5088
vn 0.7024 -0.2315 -0.6730
vn 0.9245 -0.3451 0.1620
vn 0.8596 -0.5077 0.0580
vn 0.8172 -0.2062 -0.5381
vn 0.9041 -0.1558 -0.3980
vn 0.9845 -0.1755 -0.0021
vn 0.9041 -0.1559 -0.3980
vn 0.9508 0.0589 -0.3040
vn 0.9891 0.1354 0.0572
vn 0.9040 -0.1558 -0.3980
vn 0.9917 0.0991 0.0815
vn 0.9980 -0.0485 0.0410
vn 0.9890 -0.1287 -0.0722
vn 0.9826 0.0028 0.1855
vn 0.9513 -0.0709 0.3000
vn 0.9744 0.1025 0.2002
vn 0.9513 -0.0710 0.3001
vn 0.9452 -0.2797 0.1683
vn 0.9513 -0.0709 0.3001
vn 0.9598 -0.0665 0.2725
vn 0.9452 -0.2797 0.1684
vn 0.9932 -0.1153 0.0181
vn 0.9599 -0.0665 0.2725
vn 0.9902 -0.0311 0.1361
vn 0.9932 -0.1154 0.0181
vn 0.9932 -0.1153 0.0182
vn 0.9719 -0.2208 -0.0814
vn 0.9703 -0.2314 0.0703
vn 0.9571 -0.2847 0.0533
vn 0.9887 0.0276 0.1476
vn 0.9703 -0.2314 0.0704
vn 0.9944 -0.0664 0.0823
vn 0.9887 0.0276 0.1477
vn 0.9531 0.2338 0.1920
vn 0.9944 -0.0665 0.0823
vn 0.9954 0.0812 0.0516
vn 0.9229 0.3236 0.2084
vn 0.9954 0.0812 0.0515
vn 0.9954 0.0811 0.0515
vn 0.9506 0.3054 0.0552
vn 0.9230 0.3236 0.2084
vn 0.9174 0.3815 0.1137
vn 0.8529 0.4902 0.1795
vn 0.9230 0.3236 0.2085
vn 0.9506 0.3053 0.0552
vn 0.8616 0.5074 0.0102
vn 0.8530 0.4902 0.1795
vn 0.8952 0.4153 0.1613
vn 0.8101 0.5670 0.1491
vn 0.8953 0.4153 0.1613
vn 0.7710 0.6282 0.1045
vn 0.8101 0.5671 0.1491
vn 0.8375 0.5393 0.0883
vn 0.8579 0.5090 0.0701
vn 0.8579 0.5090 0.0702
vn 0.7179 0.6907 0.0875
vn 0.8374 0.5393 0.0883
vn 0.6687 0.7419 0.0495
vn 0.7021 0.7119 0.0140
vn 0.8566 0.5158 -0.0116
vn 0.8579 0.5089 0.0701
vn 0.5949 0.7990 0.0878
vn 0.6420 0.7666 0.0129
vn 0.5950 0.7989 0.0878
vn 0.5950 0.7990 0.0878
vn 0.5950 0.7990 0.0877
vn 0.4699 0.8136 0.3424
vn 0.1465 0.9853 0.0877
vn 0.5950 0.7989 0.0877
vn 0.6420 0.7666 0.0128
vn 0.1946 0.9807 -0.0202
vn -0.1626 0.9830 0.0854
vn 0.1945 0.9807 -0.0202
vn -0.1472 0.9833 0.1072
vn 0.1205 0.9349 0.3339
vn -0.1730 0.9527 0.2498
vn -0.2126 0.9501 0.2283
vn -0.1606 0.9829 0.0905
vn -0.2126 0.9501 0.2284
vn -0.2043 0.9482 0.2432
vn -0.1062 0.9744 0.1983
vn -0.1637 0.9513 0.2611
vn -0.0983 0.9948 0.0249
vn 0.0167 0.9975 0.0689
vn 0.0339 0.9883 0.1487
vn -0.1038 0.9916 -0.0765
vn 0.0157 0.9990 0.0426
vn 0.0394 0.9830 0.1791
vn 0.1928 0.9771 0.0897
vn 0.2148 0.9701 0.1128
vn -0.1418 0.9813 -0.1303
vn 0.1927 0.9771 0.0897
vn 0.2395 0.9703 -0.0354
vn 0.0158 0.9990 0.0426
vn 0.4578 0.8874 -0.0550
vn 0.2394 0.9703 -0.0354
vn 0.4075 0.9113 0.0582
vn 0.2728 0.9261 -0.2606
vn 0.4192 0.8694 -0.2614
vn 0.4613 0.8870 0.0193
vn 0.4081 0.8848 -0.2247
vn 0.4612 0.8871 0.0193
vn 0.1039 0.9930 -0.0552
vn 0.4613 0.8871 0.0193
vn 0.5428 0.8394 -0.0272
vn 0.4082 0.8848 -0.2247
vn 0.4308 0.9016 -0.0402
vn 0.2779 0.9541 0.1118
vn 0.5660 0.8190 -0.0943
vn 0.3176 0.9444 0.0858
vn 0.5659 0.8190 -0.0943
vn 0.4235 0.9029 -0.0739
vn 0.3176 0.9443 0.0858
vn 0.3175 0.9444 0.0858
vn 0.2377 0.9664 0.0977
vn 0.4728 0.8722 0.1256
vn 0.2942 0.9552 -0.0329
vn 0.5022 0.8602 0.0886
vn 0.2941 0.9552 -0.0329
vn 0.4421 0.8969 -0.0003
vn 0.4422 0.8969 -0.0003
vn 0.3151 0.9463 -0.0718
vn 0.3004 0.9525 -0.0496
vn 0.0624 0.9926 -0.1038
vn 0.0117 0.9998 -0.0141
vn 0.3957 0.9125 0.1036
vn -0.3009 0.9380 -0.1719
vn 0.0117 0.9998 -0.0140
vn -0.2600 0.9632 0.0684
vn -0.3009 0.9380 -0.1718
vn -0.4160 0.8964 -0.1527
vn -0.2601 0.9632 0.0684
vn -0.3915 0.9059 0.1614
vn -0.4160 0.8965 -0.1527
vn -0.4156 0.9026 -0.1123
vn -0.4160 0.8965 -0.1528
vn -0.3915 0.9059 0.1615
vn -0.3557 0.9042 0.2362
vn -0.4155 0.9026 -0.1123
vn -0.4160 0.8964 -0.1528
vn -0.3076 0.9515 -0.0095
vn -0.1123 0.9317 0.3454
vn -0.3075 0.9515 -0.0095
vn -0.1289 0.9773 0.1682
vn -0.1122 0.9317 0.3454
vn -0.0128 0.9099 0.4147
vn 0.0279 0.9724 0.2315
vn -0.1088 0.9663 0.2333
vn 0.0279 0.9724 0.2314
vn 0.0279 0.9725 0.2314
vn -0.0652 0.9327 0.3547
vn 0.0239 0.9885 0.1491
vn 0.0877 0.9928 0.0820
vn -0.0983 0.9448 0.3127
vn -0.0883 0.9669 0.2393
vn -0.0983 0.9447 0.3127
vn -0.0414 0.9989 0.0200
vn 0.0152 0.9985 -0.0520
vn -0.0414 0.9989 0.0199
vn -0.2316 0.9695 0.0796
vn -0.2095 0.9371 -0.2793
vn -0.0311 0.9677 -0.2503
vn -0.7362 0.6701 0.0943
vn -0.6417 0.7334 -0.2244
vn -0.2330 0.9124 0.3367
vn -0.2316 0.9696 0.0796
vn -0.7362 0.6701 0.0942
vn -0.9400 0.3260 -0.1001
vn -0.6179 0.7476 0.2433
vn -0.8051 0.4809 -0.3472
vn -0.6416 0.7334 -0.2244
vn -0.6061 0.6170 -0.5020
vn -0.9584 0.2487 0.1401
vn -0.8051 0.4810 -0.3472
vn -0.8908 0.4260 -0.1580
vn -0.9584 0.2488 0.1401
vn -0.9379 0.2076 0.2779
vn -0.9686 0.2444 0.0455
vn -0.9379 0.2076 0.2780
vn -0.9837 0.0503 0.1725
vn -0.9379 0.2075 0.2780
vn -0.9686 0.2443 0.0455
vn -0.9911 0.0018 0.1333
vn -0.9837 0.0502 0.1725
vn -0.9446 0.2887 -0.1560
vn -0.9972 -0.0662 -0.0344
vn -0.9446 0.2886 -0.1560
vn -0.9053 0.4065 -0.1230
vn -0.9429 0.1167 -0.3120
vn -0.9779 -0.0744 -0.1956
vn -0.9429 0.1168 -0.3120
vn -0.9779 -0.0745 -0.1956
vn -0.9021 0.0357 -0.4300
vn -0.9876 -0.0525 -0.1478
vn -0.9888 -0.1420 -0.0462
vn -0.9817 -0.1300 0.1395
vn -0.9237 -0.0469 -0.3803
vn -0.9021 0.0358 -0.4300
vn -0.9960 -0.0432 -0.0776
vn -0.9237 -0.0469 -0.3802
vn -0.9925 -0.1183 0.0320
vn -0.9960 -0.0433 -0.0776
vn -0.9960 -0.0432 -0.0777
vn -0.9611 -0.0751 -0.2659
vn -0.9956 0.0700 0.0626
vn -0.9611 -0.0751 -0.2658
vn -0.9991 -0.0082 0.0418
vn -0.9956 0.0700 0.0625
vn -0.9931 0.0322 0.1129
vn -0.9690 0.0109 0.2468
vn -0.9421 0.1443 0.3026
vn -0.9214 -0.3160 0.2263
vn -0.9690 0.0110 0.2468
vn -0.9342 -0.2690 0.2343
vn -0.9865 -0.1045 -0.1261
vn -0.9931 0.0321 0.1129
vn -0.9288 -0.3679 -0.0450
vn -0.7948 -0.5371 0.2825
vn -0.8263 -0.4856 0.2855
vn -0.8155 -0.5252 0.2431
vn -0.8262 -0.4856 0.2855
vn -0.7724 -0.5176 0.3680
vn -0.9066 -0.3739 0.1957
vn -0.7750 -0.5200 0.3592
vn -0.9064 -0.3744 0.1958
vn -0.9577 -0.2840 -0.0457
vn -0.7749 -0.5201 0.3592
vn -0.7749 -0.5200 0.3592
vn -0.8037 -0.5159 0.2963
vn -0.9013 -0.4282 0.0656
vn -0.8037 -0.5159 0.2964
vn -0.8038 -0.5159 0.2964
vn -0.8961 -0.3611 0.2582
vn -0.8300 -0.5331 0.1641
vn -0.9065 -0.3141 0.2822
vn -0.9065 -0.3140 0.2822
vn -0.9593 -0.0151 0.2818
vn -0.9852 0.1275 0.1141
vn -0.9852 0.1276 0.1142
vn -0.7189 -0.3719 0.5872
vn -0.7398 -0.3501 0.5745
vn -0.7189 -0.3720 0.5872
vn -0.9567 0.2801 0.0788
vn -0.7189 -0.3720 0.5873
vn -0.8417 -0.1365 0.5224
vn -0.9593 -0.0152 0.2818
vn -0.8763 -0.2410 0.4172
vn -0.8207 -0.3496 0.4518
vn 0.9868 0.1610 0.0187
vn 0.9619 -0.2724 -0.0232
vn 0.9646 -0.2418 0.1055
vn 0.9307 -0.0027 0.3659
vn 0.9868 0.1610 0.0188
vn 0.9868 0.1609 0.0187
vn 0.9606 0.0760 0.2673
vn 0.9306 -0.0027 0.3659
vn 0.8864 0.0296 0.4620
vn 0.9796 0.1487 -0.1355
vn 0.8824 -0.0250 0.4699
vn 0.9090 -0.1806 0.3756
vn 0.8824 -0.0249 0.4699
vn 0.9606 0.0760 0.2672
vn 0.7810 -0.1808 0.5978
vn 0.9090 -0.1806 0.3757
vn 0.9318 -0.2441 0.2687
vn 0.9029 -0.2345 0.3603
vn 0.9905 -0.0902 0.1035
vn 0.9029 -0.2345 0.3604
vn 0.7810 -0.1809 0.5978
vn 0.9907 0.0431 0.1293
vn 0.9962 0.0091 0.0871
vn 0.9917 -0.0008 0.1283
vn 0.9898 -0.0527 0.1320
vn 0.9798 -0.1108 0.1666
vn 0.9903 -0.0000 0.1390
vn 0.9797 -0.1097 0.1677
vn 0.9353 -0.0160 0.3534
vn 0.9733 -0.1101 0.2016
vn 0.9744 0.1024 0.2002
vn 0.9655 -0.1854 0.1829
vn 0.9683 -0.1272 0.2151
vn 0.9655 -0.1855 0.1829
vn 0.9312 0.1682 0.3233
vn 0.9683 -0.1271 0.2151
vn 0.9723 0.0896 0.2157
vn 0.9312 0.1682 0.3232
vn 0.9962 -0.0549 0.0673
vn 0.9842 0.0839 0.1557
vn 0.9962 -0.0550 0.0673
vn 0.9902 -0.0311 0.1362
vn 0.9923 -0.0939 0.0806
vn 0.9917 -0.1059 0.0725
vn 0.9923 -0.0939 0.0807
vn 0.9798 0.1808 0.0856
vn 0.9917 -0.1060 0.0725
vn 0.9917 -0.1060 0.0724
vn 0.9770 0.2128 0.0142
vn 0.9798 0.1809 0.0855
vn 0.9954 0.0811 0.0516
vn 0.9498 0.2946 -0.1055
vn 0.9770 0.2129 0.0142
vn 0.9147 0.4009 -0.0521
vn 0.7956 0.6029 -0.0595
vn 0.8455 0.5247 -0.0990
vn 0.8046 0.5936 -0.0166
vn 0.8455 0.5247 -0.0991
vn 0.7498 0.6528 -0.1084
vn 0.8046 0.5936 -0.0165
vn 0.6402 0.7609 -0.1058
vn 0.4293 0.9029 0.0241
vn 0.4815 0.8663 0.1329
vn 0.4292 0.9029 0.0241
vn 0.4525 0.8896 -0.0622
vn 0.8616 0.5075 0.0102
vn 0.3213 0.9235 -0.2097
vn 0.4293 0.9029 0.0240
vn 0.4292 0.9029 0.0240
vn 0.3295 0.9397 -0.0913
vn 0.4249 0.9018 -0.0796
vn 0.1480 0.9789 -0.1406
vn 0.2647 0.9600 -0.0916
vn 0.4249 0.9017 -0.0796
vn 0.1262 0.9915 0.0318
vn 0.2646 0.9600 -0.0916
vn 0.2261 0.9739 -0.0179
vn 0.1481 0.9789 -0.1406
vn 0.1263 0.9915 0.0318
vn -0.0442 0.9791 0.1988
vn 0.0308 0.9995 0.0111
vn -0.0442 0.9790 0.1988
vn -0.1472 0.9833 0.1071
vn -0.0442 0.9791 0.1987
vn -0.0580 0.9826 0.1766
vn -0.1322 0.9791 0.1547
vn -0.0579 0.9826 0.1766
vn -0.2252 0.9515 0.2094
vn -0.1232 0.9675 0.2211
vn -0.2534 0.9594 0.1242
vn -0.1231 0.9675 0.2211
vn -0.2679 0.9615 0.0616
vn -0.1232 0.9674 0.2211
vn -0.1482 0.9495 0.2764
vn 0.0452 0.9988 0.0194
vn -0.1122 0.9893 0.0937
vn 0.0453 0.9988 0.0194
vn 0.2526 0.9643 0.0798
vn 0.2611 0.9652 0.0121
vn 0.2526 0.9643 0.0800
vn 0.2329 0.9699 -0.0706
vn 0.3404 0.9299 0.1395
vn 0.3877 0.9214 -0.0255
vn 0.3403 0.9299 0.1395
vn 0.3433 0.9383 -0.0409
vn 0.5229 0.8523 0.0128
vn 0.1374 0.9795 -0.1475
vn 0.1125 0.9879 -0.1071
vn 0.5906 0.8033 -0.0764
vn 0.1950 0.9746 -0.1098
vn 0.5906 0.8033 -0.0765
vn 0.5812 0.8082 -0.0956
vn 0.1950 0.9746 -0.1097
vn 0.2264 0.9637 -0.1412
vn 0.4654 0.8721 -0.1509
vn 0.5812 0.8081 -0.0956
vn 0.2426 0.9694 -0.0366
vn 0.4056 0.9134 0.0336
vn 0.2427 0.9694 -0.0366
vn 0.1729 0.9711 0.1646
vn 0.4057 0.9134 0.0336
vn 0.2838 0.9525 0.1105
vn 0.1311 0.9713 0.1987
vn 0.2838 0.9525 0.1106
vn 0.3110 0.9496 0.0393
vn 0.1108 0.9885 0.1031
vn 0.3005 0.9525 -0.0496
vn -0.2108 0.9627 0.1696
vn 0.1311 0.9712 0.1987
vn -0.2729 0.9525 0.1351
vn -0.3926 0.9117 0.1210
vn -0.3618 0.9312 0.0438
vn -0.3925 0.9117 0.1210
vn -0.2809 0.9372 0.2067
vn -0.3618 0.9312 0.0437
vn -0.2577 0.9659 0.0260
vn -0.1030 0.9942 0.0296
vn -0.0534 0.9914 -0.1195
vn -0.2578 0.9659 0.0260
vn -0.2796 0.9535 -0.1128
vn -0.1031 0.9942 0.0296
vn 0.0975 0.9903 -0.0993
vn 0.0878 0.9928 0.0820
vn 0.0678 0.9665 -0.2474
vn -0.0862 0.9780 -0.1898
vn 0.0678 0.9666 -0.2474
vn 0.0678 0.9666 -0.2473
vn 0.0632 0.9629 -0.2625
vn 0.0975 0.9903 -0.0994
vn -0.0430 0.9953 -0.0871
vn 0.0654 0.9966 0.0508
vn -0.0312 0.9677 -0.2503
vn -0.0809 0.9492 -0.3042
vn -0.3509 0.9230 -0.1576
vn -0.2244 0.9736 0.0411
vn -0.3509 0.9230 -0.1577
vn -0.2702 0.8549 -0.4428
vn -0.4297 0.8002 -0.4183
vn -0.2702 0.8550 -0.4428
vn -0.4298 0.8002 -0.4183
vn -0.6403 0.6777 -0.3615
vn -0.2096 0.9371 -0.2793
vn -0.5679 0.8153 0.1135
vn -0.3802 0.9246 0.0224
vn -0.7470 0.6039 -0.2781
vn -0.6990 0.7051 0.1196
vn -0.7470 0.6039 -0.2782
vn -0.7738 0.6110 -0.1668
vn -0.7470 0.6038 -0.2782
vn -0.6990 0.7051 0.1197
vn -0.6990 0.7050 0.1196
vn -0.7607 0.6466 0.0569
vn -0.7738 0.6111 -0.1669
vn -0.7738 0.6111 -0.1668
vn -0.8465 0.5308 -0.0409
vn -0.8795 0.4725 -0.0574
vn -0.8465 0.5309 -0.0409
vn -0.9957 0.0425 0.0822
vn -0.8794 0.4725 -0.0574
vn -0.9699 0.2190 -0.1066
vn -0.9957 0.0424 0.0822
vn -0.9792 -0.1284 0.1572
vn -0.9699 0.2189 -0.1066
vn -0.9699 0.2189 -0.1065
vn -0.9999 -0.0029 -0.0127
vn -0.9792 -0.1285 0.1572
vn -0.9972 -0.0661 -0.0344
vn -0.9805 -0.1964 0.0054
vn -0.9816 -0.1300 0.1395
vn -0.9910 -0.1204 -0.0584
vn -0.9805 -0.1964 0.0055
vn -0.9972 -0.0708 -0.0232
vn -0.9921 -0.0752 0.1009
vn -0.9817 -0.1299 0.1395
vn -0.9925 -0.1182 0.0320
vn -0.9921 -0.0752 0.1008
vn -0.9418 0.1484 0.3017
vn -0.9346 0.1798 0.3069
vn -0.9418 0.1484 0.3018
vn -0.9972 -0.0707 -0.0232
vn -0.9893 0.1208 0.0820
vn -0.9837 0.0447 0.1742
vn -0.9699 0.2190 -0.1065
vn -0.9420 -0.0052 0.3357
vn -0.8956 0.4074 0.1785
vn -0.8956 0.4075 0.1785
vn -0.8999 0.3458 0.2657
vn -0.9420 -0.0052 0.3356
vn -0.9236 0.3728 0.0897
vn -0.7842 0.6193 0.0386
vn -0.8187 0.5642 0.1069
vn -0.7075 0.7055 0.0421
vn -0.7955 0.6049 -0.0353
vn -0.7469 0.6645 0.0254
vn -0.8187 0.5641 0.1069
vn -0.7955 0.6049 -0.0354
vn -0.8281 0.5403 0.1492
vn -0.6514 0.7315 0.2017
vn -0.6645 0.7451 -0.0572
vn -0.6514 0.7314 0.2017
vn -0.6990 0.7050 0.1197
vn -0.7634 0.6432 0.0599
vn -0.5684 0.8142 0.1184
vn -0.5683 0.8142 0.1184
vn -0.5940 0.8028 -0.0514
vn -0.7634 0.6432 0.0598
vn -0.7469 0.6645 0.0255
vn -0.5683 0.8142 0.1183
vn -0.3210 0.9155 0.2426
vn -0.3209 0.9155 0.2426
vn -0.2847 0.9323 0.2230
vn -0.2847 0.9323 0.2231
vn -0.2827 0.9463 0.1566
vn -0.3209 0.9155 0.2425
vn -0.4927 0.8695 -0.0334
vn -0.2985 0.9531 -0.0495
vn -0.2984 0.9531 -0.0495
vn -0.2649 0.9634 0.0407
vn -0.4927 0.8696 -0.0334
vn 0.2122 0.9530 -0.2162
vn 0.1194 0.8974 -0.4248
vn 0.2171 0.8829 -0.4164
vn 0.2123 0.9530 -0.2162
vn -0.1278 0.9879 -0.0875
vn 0.1193 0.8974 -0.4248
vn 0.1247 0.9803 -0.1534
vn -0.0361 0.9182 -0.3945
vn -0.0711 0.9531 0.2942
vn -0.2984 0.9531 -0.0496
vn 0.0395 0.9755 0.2163
vn -0.3316 0.9433 0.0129
vn -0.2118 0.9682 -0.1329
vn -0.1267 0.9786 0.1623
vn -0.4015 0.9143 0.0533
vn -0.4460 0.8950 0.0084
vn -0.4460 0.8950 0.0085
vn -0.4074 0.9131 0.0159
vn -0.3861 0.9195 -0.0742
vn -0.3861 0.9194 -0.0742
vn -0.3862 0.9194 -0.0742
vn -0.5586 0.8285 0.0405
vn -0.3406 0.9378 -0.0667
vn -0.3302 0.9289 -0.1676
vn -0.4638 0.8851 0.0375
vn -0.3862 0.9194 -0.0743
vn -0.3716 0.9095 0.1862
vn 0.1729 0.9711 0.1645
vn -0.2729 0.9525 0.1350
vn -0.1992 0.9790 -0.0435
vn -0.3302 0.9289 -0.1677
vn 0.2264 0.9637 -0.1413
vn -0.4074 0.9131 0.0158
vn -0.2584 0.9597 -0.1102
vn -0.4304 0.8953 -0.1149
vn -0.3851 0.9229 -0.0025
vn -0.1944 0.9799 -0.0454
vn -0.4305 0.8953 -0.1149
vn -0.2952 0.9554 0.0017
vn -0.4307 0.9014 -0.0436
vn -0.3275 0.9441 0.0370
vn -0.2951 0.9555 0.0017
vn -0.4307 0.9015 -0.0436
vn -0.4307 0.9014 -0.0435
vn -0.2601 0.9527 -0.1570
vn -0.0361 0.9182 -0.3946
vn -0.2900 0.9560 0.0435
vn -0.4133 0.9101 0.0300
vn 0.0165 0.9997 -0.0205
vn -0.2795 0.9600 0.0166
vn 0.0165 0.9997 -0.0206
vn -0.1914 0.9679 0.1631
vn 0.1256 0.8837 -0.4510
vn -0.0674 0.9289 -0.3642
vn 0.1256 0.8836 -0.4510
vn -0.1182 0.9493 -0.2913
vn -0.0674 0.9289 -0.3641
vn 0.0669 0.8557 -0.5132
vn -0.1182 0.9493 -0.2912
vn 0.0669 0.8556 -0.5132
vn -0.2682 0.8601 -0.4339
vn -0.5940 0.8029 -0.0513
vn -0.2828 0.9463 0.1566
vn -0.0177 0.9966 -0.0804
vn -0.1442 0.9864 -0.0788
vn -0.5698 0.8193 -0.0634
vn -0.0178 0.9966 -0.0804
vn -0.4318 0.8426 -0.3219
vn -0.5699 0.8193 -0.0635
vn -0.5940 0.8028 -0.0513
vn -0.7673 0.6390 -0.0545
vn -0.5699 0.8193 -0.0634
vn -0.4317 0.8426 -0.3219
vn -0.6326 0.7297 -0.2595
vn -0.5698 0.8193 -0.0635
vn -0.7673 0.6390 -0.0546
vn -0.6978 0.7140 0.0574
vn -0.6326 0.7298 -0.2595
vn -0.5850 0.7988 -0.1406
vn -0.6977 0.7140 0.0574
vn -0.8455 0.5274 0.0840
vn -0.8397 0.5294 -0.1211
vn -0.8454 0.5274 0.0840
vn -0.8455 0.5274 0.0839
vn -0.9602 0.1109 0.2564
vn -0.9721 0.0946 -0.2147
vn -0.9931 -0.1046 -0.0531
vn -0.9979 0.0643 -0.0022
vn -0.9721 0.0947 -0.2147
vn -0.9712 0.1514 -0.1838
vn -0.9999 -0.0061 -0.0090
vn -0.9973 -0.0308 0.0667
vn -0.9806 -0.1959 0.0084
vn -0.9843 -0.1748 -0.0260
vn -0.9806 -0.1959 0.0083
vn -0.9541 -0.2222 0.2007
vn -0.9273 -0.3644 -0.0853
vn -0.9843 -0.1747 -0.0260
vn -0.9265 -0.3567 -0.1200
vn -0.9648 -0.2502 0.0812
vn -0.8603 -0.4642 -0.2106
vn -0.8482 -0.4881 -0.2057
vn -0.8603 -0.4642 -0.2107
vn -0.9783 -0.1365 0.1559
vn -0.9528 -0.3035 -0.0060
vn -0.9987 -0.0089 -0.0498
vn -0.9620 -0.2703 0.0382
vn -0.9987 -0.0089 -0.0499
vn -0.9854 -0.1225 -0.1187
vn -0.8520 -0.4325 -0.2949
vn -0.9739 -0.1393 -0.1793
vn -0.9221 -0.3589 -0.1446
vn -0.8520 -0.4325 -0.2950
vn -0.9161 -0.3990 0.0395
vn -0.9277 -0.3256 -0.1825
vn -0.8993 -0.2794 -0.3364
vn -0.9277 -0.3256 -0.1824
vn -0.9739 -0.1392 -0.1792
vn -0.9620 -0.2637 0.0711
vn -0.9341 -0.3543 -0.0430
vn -0.9342 -0.3543 -0.0430
vn -0.9342 -0.2690 0.2342
vn -0.9655 -0.0344 0.2582
vn -0.9124 -0.3994 0.0898
vn -0.9622 -0.1639 -0.2177
vn -0.8262 -0.4856 0.2856
vn -0.9124 -0.3993 0.0897
vn -0.8793 -0.3916 0.2712
vn -0.9124 -0.3993 0.0898
vn -0.9622 -0.1638 -0.2177
vn -0.9925 -0.0917 0.0805
vn -0.9124 -0.3994 0.0897
vn -0.7943 -0.3728 0.4797
vn -0.9925 -0.0917 0.0806
vn -0.9925 -0.0918 0.0806
vn -0.9251 -0.1510 0.3484
vn -0.7367 -0.4111 0.5370
vn -0.9251 -0.1511 0.3484
vn -0.8682 -0.2292 0.4401
vn -0.8961 -0.3611 0.2581
vn -0.8572 -0.2193 0.4660
vn -0.9825 -0.1732 0.0686
vn -0.9926 -0.0611 0.1053
vn -0.8208 -0.3496 0.4518
vn -0.9825 -0.1731 0.0686
vn -0.8733 -0.4843 0.0541
vn -0.7399 -0.3501 0.5745
vn -0.9372 -0.3439 0.0578
vn -0.8732 -0.4843 0.0541
vn -0.9935 0.0205 0.1121
vn -0.8259 -0.5638 -0.0097
vn -0.6965 -0.7174 0.0158
vn 0.8774 -0.3065 0.3690
vn 0.8752 -0.4745 0.0938
vn 0.6913 -0.6518 0.3118
vn 0.8074 -0.4511 0.3804
vn 0.9646 -0.2418 0.1054
vn 0.8752 -0.4745 0.0939
vn 0.9306 -0.0026 0.3659
vn 0.8052 0.0114 0.5929
vn 0.8073 -0.4511 0.3804
vn 0.8522 -0.1780 0.4920
vn 0.9307 -0.0026 0.3659
vn 0.8001 -0.0963 0.5921
vn 0.8052 0.0114 0.5930
vn 0.8522 -0.1780 0.4921
vn 0.8959 -0.0370 0.4427
vn 0.8853 -0.0536 0.4620
vn 0.9650 0.1374 0.2232
vn 0.9917 -0.0008 0.1284
vn 0.9651 0.1374 0.2232
vn 0.9690 0.2071 0.1344
vn 0.9775 0.1023 0.1846
vn 0.9651 0.1374 0.2231
vn 0.9790 0.1976 0.0501
vn 0.9592 0.0695 0.2741
vn 0.9691 0.2071 0.1344
vn 0.9473 -0.0564 0.3153
vn 0.9776 0.1017 0.1842
vn 0.9705 -0.0470 0.2367
vn 0.9342 -0.0856 0.3462
vn 0.9592 0.0694 0.2741
vn 0.9438 -0.0658 0.3239
vn 0.9349 -0.0860 0.3444
vn 0.9349 -0.0861 0.3444
vn 0.9514 -0.1010 0.2910
vn 0.9548 -0.0724 0.2884
vn 0.9798 -0.1109 0.1666
vn 0.9381 -0.0755 0.3381
vn 0.9548 -0.0725 0.2884
vn 0.9704 -0.0303 0.2395
vn 0.9514 -0.1010 0.2911
vn 0.9813 0.0580 0.1836
vn 0.9912 0.0747 0.1095
vn 0.9329 0.2432 0.2655
vn 0.9912 0.0746 0.1095
vn 0.9851 0.1720 -0.0050
vn 0.9965 0.0770 0.0328
vn 0.9851 0.1721 -0.0050
vn 0.9600 0.2514 -0.1234
vn 0.9763 0.1481 -0.1581
vn 0.9471 0.2314 -0.2223
vn 0.9917 -0.1059 0.0724
vn 0.9763 0.1480 -0.1582
vn 0.9763 0.1480 -0.1581
vn 0.8847 0.4484 -0.1274
vn 0.9471 0.2313 -0.2223
vn 0.8769 0.3468 -0.3330
vn 0.8037 0.5365 -0.2574
vn 0.8769 0.3467 -0.3330
vn 0.8768 0.3468 -0.3330
vn 0.6991 0.5623 -0.4417
vn 0.9147 0.4009 -0.0520
vn 0.6405 0.6972 -0.3219
vn 0.6991 0.5622 -0.4417
vn 0.5482 0.6709 -0.4994
vn 0.6406 0.6972 -0.3219
vn 0.4306 0.8144 -0.3890
vn 0.4162 0.7872 -0.4550
vn 0.7497 0.6528 -0.1084
vn 0.5291 0.8206 -0.2160
vn 0.1676 0.9759 -0.1396
vn 0.2188 0.9278 -0.3023
vn 0.1677 0.9759 -0.1396
vn 0.2539 0.9642 0.0761
vn 0.4815 0.8663 0.1328
vn 0.1689 0.9745 -0.1475
vn 0.0199 0.9937 -0.1100
vn 0.1689 0.9745 -0.1474
vn 0.3295 0.9397 -0.0912
vn 0.3579 0.9334 -0.0270
vn 0.0227 0.9902 -0.1380
vn 0.3579 0.9334 -0.0271
vn -0.0676 0.9774 -0.2004
vn 0.2647 0.9600 -0.0917
vn 0.2646 0.9600 -0.0917
vn 0.0274 0.9706 -0.2389
vn -0.0699 0.9532 -0.2942
vn 0.2260 0.9740 -0.0179
vn 0.0274 0.9706 -0.2390
vn 0.0309 0.9995 0.0111
vn -0.1691 0.9827 -0.0761
vn -0.0698 0.9532 -0.2942
vn -0.1466 0.9264 -0.3469
vn -0.3047 0.9470 0.1020
vn -0.4697 0.8573 0.2109
vn -0.3048 0.9469 0.1020
vn -0.1691 0.9827 -0.0760
vn -0.4011 0.9063 0.1334
vn -0.2252 0.9515 0.2095
vn -0.4698 0.8572 0.2109
vn -0.4363 0.8969 0.0723
vn -0.1642 0.9766 -0.1386
vn -0.2682 0.9622 -0.0467
vn -0.1642 0.9767 -0.1385
vn -0.1626 0.9866 -0.0137
vn 0.0469 0.9988 -0.0129
vn 0.0870 0.9899 -0.1124
vn 0.0468 0.9988 -0.0129
vn -0.1626 0.9866 -0.0138
vn 0.1207 0.9926 0.0103
vn -0.2678 0.9615 0.0616
vn 0.1759 0.9686 -0.1758
vn 0.0645 0.9964 -0.0541
vn 0.3085 0.9392 -0.1509
vn -0.1122 0.9893 0.0936
vn 0.0413 0.9600 -0.2768
vn 0.3086 0.9392 -0.1509
vn 0.0001 0.9569 -0.2905
vn 0.0414 0.9600 -0.2768
vn 0.1177 0.9924 -0.0359
vn -0.2369 0.9647 -0.1150
vn -0.1419 0.9699 -0.1979
vn -0.2369 0.9647 -0.1149
vn 0.1176 0.9924 -0.0359
vn -0.1418 0.9699 -0.1979
vn -0.2912 0.9537 -0.0758
vn -0.1672 0.9390 -0.3006
vn -0.1202 0.9349 -0.3341
vn -0.1672 0.9390 -0.3005
vn -0.3226 0.9435 -0.0754
vn -0.0504 0.9979 -0.0411
vn -0.3225 0.9435 -0.0755
vn -0.0789 0.9755 -0.2053
vn -0.3225 0.9435 -0.0754
vn -0.0292 0.9825 0.1841
vn -0.1915 0.9679 0.1631
vn 0.1071 0.9763 0.1882
vn 0.0305 0.9950 0.0954
vn -0.2962 0.9015 0.3157
vn -0.1895 0.9388 0.2875
vn -0.2962 0.9015 0.3156
vn -0.4738 0.8495 0.2320
vn -0.1895 0.9388 0.2876
vn -0.4604 0.8472 0.2652
vn -0.2796 0.9600 0.0166
vn -0.1442 0.9864 -0.0787
vn -0.2812 0.8796 0.3837
vn -0.3193 0.8977 0.3035
vn -0.3517 0.8753 0.3319
vn -0.3192 0.8977 0.3035
vn -0.5782 0.7657 0.2819
vn -0.6667 0.7160 0.2071
vn -0.1441 0.9864 -0.0787
vn -0.7314 0.6588 -0.1761
vn -0.6666 0.7160 0.2071
vn -0.8294 0.5540 0.0722
vn -0.0177 0.9966 -0.0805
vn -0.5770 0.8160 -0.0350
vn -0.8294 0.5540 0.0721
vn -0.8294 0.5539 0.0721
vn -0.6269 0.7784 0.0340
vn -0.5770 0.8160 -0.0349
vn -0.6326 0.7298 -0.2594
vn -0.6070 0.7912 -0.0749
vn -0.6387 0.7555 -0.1460
vn -0.8585 0.4960 -0.1301
vn -0.6386 0.7555 -0.1460
vn -0.8348 0.4166 -0.3599
vn -0.8586 0.4960 -0.1301
vn -0.8586 0.4959 -0.1301
vn -0.8348 0.4167 -0.3599
vn -0.9407 0.2161 -0.2614
vn -0.9712 0.1513 -0.1838
vn -0.8387 0.4187 -0.3482
vn -0.8414 0.3259 -0.4311
vn -0.8388 0.4187 -0.3482
vn -0.9749 0.2099 -0.0738
vn -0.9711 0.0588 -0.2315
vn -0.9673 -0.1204 -0.2233
vn -0.9711 0.0589 -0.2314
vn -0.9437 -0.1202 -0.3082
vn -0.9503 -0.2948 -0.0999
vn -0.9368 -0.1707 -0.3053
vn -0.9503 -0.2949 -0.1000
vn -0.9973 -0.0308 0.0666
vn -0.9503 -0.2949 -0.0999
vn -0.8807 -0.4173 -0.2243
vn -0.9368 -0.1707 -0.3054
vn -0.9368 -0.1706 -0.3053
vn -0.9384 -0.2064 -0.2772
vn -0.8807 -0.4172 -0.2244
vn -0.8807 -0.4173 -0.2244
vn -0.9265 -0.3568 -0.1200
vn -0.9490 -0.3099 0.0581
vn -0.9384 -0.2065 -0.2772
vn -0.9568 -0.2344 -0.1721
vn -0.9023 -0.4009 -0.1589
vn -0.8330 -0.5163 -0.1990
vn -0.9022 -0.4009 -0.1589
vn -0.8929 -0.4462 -0.0596
vn -0.8330 -0.5162 -0.1990
vn -0.8482 -0.4882 -0.2057
vn -0.8768 -0.4780 0.0521
vn -0.9361 -0.2982 -0.1866
vn -0.8784 -0.4395 -0.1880
vn -0.8209 -0.5158 -0.2450
vn -0.9704 -0.1533 -0.1865
vn -0.8474 -0.4091 -0.3386
vn -0.9397 -0.2420 -0.2417
vn -0.8473 -0.4091 -0.3386
vn -0.9528 -0.3035 -0.0059
vn -0.9397 -0.2421 -0.2417
vn -0.9355 -0.3532 -0.0076
vn -0.9993 0.0164 -0.0324
vn -0.9812 -0.0583 -0.1837
vn -0.9592 -0.1816 -0.2169
vn -0.9853 0.1453 -0.0897
vn -0.9592 -0.1816 -0.2168
vn -0.9853 0.1454 -0.0897
vn -0.9976 0.0573 -0.0395
vn -0.9833 0.1697 -0.0654
vn -0.9976 0.0574 -0.0396
vn -0.9976 0.0573 -0.0396
vn -0.9876 0.1233 -0.0969
vn -0.9390 0.3165 -0.1345
vn -0.9522 0.1230 -0.2797
vn -0.9876 0.1233 -0.0970
vn -0.9390 0.3165 -0.1344
vn -0.9834 0.1778 -0.0372
vn -0.9353 0.2087 -0.2857
vn -0.8908 0.3736 -0.2587
vn -0.8779 -0.4471 -0.1714
vn -0.9135 -0.3379 -0.2266
vn -0.8779 -0.4471 -0.1713
vn -0.9935 0.0204 0.1121
vn -0.7250 -0.6803 -0.1077
vn -0.9135 -0.3379 -0.2265
vn -0.7149 -0.6977 -0.0468
vn -0.6965 -0.7174 0.0157
vn 0.8197 -0.5049 0.2704
vn 0.6906 -0.7043 0.1646
vn 0.6287 -0.7757 0.0554
vn 0.6287 -0.7757 0.0553
vn 0.8811 -0.4698 -0.0546
vn 0.8197 -0.5049 0.2705
vn 0.9596 -0.2202 0.1749
vn 0.8811 -0.4697 -0.0546
vn 0.9772 -0.1321 -0.1662
vn 0.9596 -0.2203 0.1749
vn 0.9814 0.1320 0.1395
vn 0.9772 -0.1321 -0.1663
vn 0.9837 0.0412 -0.1751
vn 0.9814 0.1320 0.1394
vn 0.9903 0.1264 -0.0572
vn 0.9967 -0.0240 0.0773
vn 0.9903 0.1263 -0.0586
vn 0.9837 0.0413 -0.1751
vn 0.9980 0.0348 -0.0528
vn 0.9730 -0.2117 0.0919
vn 0.9704 -0.0471 0.2367
vn 0.9705 -0.0470 0.2366
vn 0.9604 -0.2482 0.1267
vn 0.9945 0.0214 0.1026
vn 0.9471 -0.1968 0.2536
vn 0.9887 -0.1455 0.0367
vn 0.9471 -0.1969 0.2536
vn 0.9968 0.0327 0.0728
vn 0.9887 -0.1455 0.0366
vn 0.9942 -0.1058 0.0179
vn 0.9517 -0.2239 0.2101
vn 0.9942 -0.1057 0.0179
vn 0.9829 -0.1836 -0.0122
vn 0.9517 -0.2238 0.2101
vn 0.9438 -0.0658 0.3238
vn 0.9974 0.0069 0.0723
vn 0.9865 -0.0842 -0.1405
vn 0.9889 0.1314 0.0701
vn 0.9702 0.1515 -0.1893
vn 0.9491 0.2543 -0.1860
vn 0.9444 0.2577 -0.2040
vn 0.9728 0.2001 -0.1163
vn 0.9769 0.1506 -0.1516
vn 0.9729 0.2001 -0.1163
vn 0.9300 0.3523 -0.1048
vn 0.9406 0.3226 -0.1056
vn 0.8615 0.4607 -0.2136
vn 0.9406 0.3225 -0.1056
vn 0.8541 0.5083 -0.1098
vn 0.6883 0.6779 -0.2582
vn 0.8541 0.5084 -0.1098
vn 0.6457 0.7413 -0.1832
vn 0.6883 0.6780 -0.2582
vn 0.6882 0.6780 -0.2583
vn 0.6882 0.6780 -0.2582
vn 0.6992 0.5622 -0.4417
vn 0.5548 0.7477 -0.3648
vn 0.4814 0.8441 -0.2361
vn 0.5025 0.7652 -0.4024
vn 0.4814 0.8441 -0.2362
vn 0.4070 0.8369 -0.3660
vn 0.5025 0.7652 -0.4025
vn 0.3119 0.8687 -0.3848
vn 0.4071 0.8369 -0.3660
vn 0.2538 0.8764 -0.4094
vn 0.3014 0.8956 -0.3272
vn 0.4162 0.7872 -0.4551
vn 0.1197 0.9742 -0.1911
vn 0.1326 0.9355 -0.3275
vn 0.0464 0.9783 -0.2018
vn 0.0549 0.9985 0.0016
vn 0.1472 0.9785 -0.1446
vn 0.0198 0.9937 -0.1100
vn -0.1371 0.9812 -0.1361
vn -0.0398 0.9986 -0.0361
vn 0.0684 0.9910 0.1149
vn -0.0398 0.9986 -0.0362
vn -0.1043 0.9894 -0.1012
vn -0.1653 0.9652 0.2027
vn -0.0699 0.9532 -0.2941
vn -0.2281 0.9592 -0.1668
vn -0.2246 0.9567 0.1850
vn -0.1465 0.9264 -0.3469
vn -0.2351 0.9362 -0.2612
vn -0.4912 0.8666 -0.0880
vn -0.3326 0.9367 -0.1093
vn -0.3909 0.8687 0.3042
vn -0.4011 0.9062 0.1334
vn -0.1466 0.9264 -0.3468
vn -0.4012 0.9062 0.1334
vn -0.1791 0.9633 -0.1999
vn -0.3585 0.9301 -0.0800
vn 0.0943 0.9619 -0.2566
vn -0.2683 0.9622 -0.0467
vn -0.0259 0.9546 -0.2967
vn -0.0254 0.9662 -0.2565
vn 0.0294 0.9984 -0.0483
vn 0.0870 0.9898 -0.1124
vn -0.1642 0.9766 -0.1385
vn -0.1639 0.9836 -0.0753
vn -0.1500 0.9786 -0.1409
vn -0.1640 0.9836 -0.0753
vn -0.0954 0.9812 -0.1679
vn -0.1646 0.9549 -0.2471
vn -0.1465 0.9871 -0.0639
vn -0.1645 0.9549 -0.2471
vn -0.0000 0.9569 -0.2905
vn -0.0954 0.9812 -0.1680
vn 0.0645 0.9965 -0.0541
vn -0.0789 0.9755 -0.2052
vn -0.0271 0.9996 -0.0072
vn -0.0788 0.9755 -0.2052
vn 0.0061 0.9989 0.0469
vn -0.1468 0.9871 -0.0635
vn -0.0833 0.9958 0.0381
vn 0.1050 0.9944 0.0071
vn 0.1097 0.9934 0.0338
vn -0.0742 0.9963 -0.0440
vn 0.1809 0.9786 0.0986
vn 0.3133 0.9453 0.0912
vn 0.1809 0.9785 0.0986
vn 0.1050 0.9944 0.0070
vn -0.1396 0.9589 0.2469
vn 0.3133 0.9453 0.0913
vn 0.0630 0.9657 0.2521
vn 0.0629 0.9657 0.2521
vn -0.3063 0.8863 0.3473
vn -0.1396 0.9589 0.2470
vn -0.4260 0.9007 -0.0856
vn 0.0537 0.9984 0.0191
vn -0.4366 0.8690 0.2328
vn -0.6475 0.7182 -0.2549
vn -0.4367 0.8690 0.2328
vn -0.3193 0.8977 0.3036
vn -0.8812 0.4711 -0.0395
vn -0.8260 0.5294 -0.1933
vn -0.8920 0.4516 0.0210
vn -0.8812 0.4710 -0.0395
vn -0.8890 0.4572 -0.0251
vn -0.7332 0.6703 -0.1142
vn -0.7454 0.6665 -0.0135
vn -0.7332 0.6703 -0.1143
vn -0.8294 0.5539 0.0722
vn -0.7808 0.6080 -0.1443
vn -0.7454 0.6664 -0.0135
vn -0.8807 0.4707 0.0534
vn -0.7807 0.6080 -0.1443
vn -0.8807 0.4707 0.0535
vn -0.9930 0.0827 0.0839
vn -0.8414 0.3258 -0.4311
vn -0.6386 0.7555 -0.1461
vn -0.9279 0.2858 0.2394
vn -0.9930 0.0826 0.0839
vn -0.9472 0.3021 0.1078
vn -0.7923 0.6058 -0.0730
vn -0.8472 0.5190 0.1138
vn -0.7952 0.6019 -0.0741
vn -0.9905 0.0906 0.1039
vn -0.9413 0.2848 0.1813
vn -0.9905 0.0906 0.1038
vn -0.9711 0.0589 -0.2315
vn -0.9491 -0.1408 0.2816
vn -0.9413 0.2848 0.1812
vn -0.9284 -0.0037 0.3715
vn -0.9491 -0.1407 0.2816
vn -0.9492 -0.1407 0.2816
vn -0.9436 -0.2323 0.2357
vn -0.8204 -0.3505 0.4517
vn -0.9436 -0.2323 0.2358
vn -0.9368 -0.1706 -0.3054
vn -0.8226 -0.5405 0.1766
vn -0.8205 -0.3505 0.4517
vn -0.6869 -0.5985 0.4124
vn -0.9095 -0.3290 -0.2541
vn -0.7747 -0.5633 0.2873
vn -0.9095 -0.3289 -0.2541
vn -0.8350 -0.4773 -0.2738
vn -0.9171 -0.3877 0.0931
vn -0.9568 -0.2345 -0.1721
vn -0.8190 -0.5038 -0.2746
vn -0.9024 -0.2860 -0.3224
vn -0.9350 -0.3144 -0.1638
vn -0.9024 -0.2860 -0.3223
vn -0.9328 -0.3507 0.0830
vn -0.9568 -0.2344 -0.1720
vn -0.9818 -0.1469 0.1206
vn -0.9626 -0.0260 -0.2695
vn -0.9818 -0.1469 0.1207
vn -0.8784 -0.4394 -0.1880
vn -0.9328 -0.3506 0.0830
vn -0.9888 -0.1459 -0.0319
vn -0.8784 -0.4395 -0.1879
vn -0.9919 -0.0632 0.1102
vn -0.9695 -0.0779 0.2322
vn -0.9337 -0.2479 -0.2583
vn -0.9895 -0.0386 -0.1391
vn -0.9337 -0.2480 -0.2583
vn -0.9864 -0.1198 -0.1127
vn -0.9440 0.0505 -0.3262
vn -0.9864 -0.1198 -0.1128
vn -0.9864 -0.1197 -0.1128
vn -0.9361 -0.2981 -0.1866
vn -0.9812 -0.0584 -0.1837
vn -0.9813 -0.0583 -0.1837
vn -0.9444 0.3012 -0.1316
vn -0.8908 0.3735 -0.2587
vn -0.9707 0.1991 0.1349
vn -0.9680 0.2187 -0.1234
vn -0.9444 0.3013 -0.1316
vn -0.9735 0.0862 0.2119
vn -0.8907 0.3740 -0.2586
vn -0.9680 0.2186 -0.1234
vn -0.9918 -0.1272 -0.0122
vn -0.9281 -0.2520 0.2742
vn -0.9918 -0.1272 -0.0123
vn -0.8389 -0.5331 0.1100
vn -0.9146 -0.3186 0.2489
vn -0.8388 -0.5332 0.1099
vn 0.9451 -0.2810 -0.1667
vn 0.7793 -0.6248 0.0480
vn 0.9129 -0.3983 0.0890
vn 0.8619 -0.4612 0.2108
vn 0.6287 -0.7756 0.0554
vn 0.9713 -0.2378 0.0040
vn 0.8619 -0.4611 0.2108
vn 0.9472 -0.1796 0.2657
vn 0.9713 -0.2378 0.0041
vn 0.9472 -0.1797 0.2657
vn 0.9919 0.0792 0.0993
vn 0.9980 0.0349 -0.0528
vn 0.9985 0.0485 0.0270
vn 0.9919 0.0791 0.0993
vn 0.9928 -0.0934 0.0746
vn 0.9985 0.0484 0.0270
vn 0.9897 0.1017 0.1011
vn 0.9945 0.0214 0.1025
vn 0.9992 -0.0282 0.0283
vn 0.9897 0.1017 0.1010
vn 0.9939 -0.0935 0.0579
vn 0.9992 -0.0282 0.0282
vn 0.9708 -0.2271 0.0771
vn 0.9984 -0.0382 0.0426
vn 0.9926 -0.0965 -0.0733
vn 0.9984 -0.0382 0.0427
vn 0.9984 -0.0383 0.0427
vn 0.9966 -0.0818 0.0052
vn 0.9933 -0.1147 -0.0124
vn 0.9966 -0.0818 0.0051
vn 0.9975 -0.0665 0.0247
vn 0.9894 -0.0823 -0.1197
vn 0.9975 -0.0666 0.0247
vn 0.9916 -0.1289 0.0118
vn 0.9894 -0.0823 -0.1196
vn 0.9958 -0.0579 -0.0708
vn 0.9985 -0.0301 -0.0454
vn 0.9788 0.0861 -0.1860
vn 0.9866 0.1470 -0.0705
vn 0.9537 0.2857 -0.0937
vn 0.9630 0.2526 -0.0941
vn 0.9689 0.1847 -0.1644
vn 0.9630 0.2526 -0.0940
vn 0.9811 0.1341 -0.1398
vn 0.9689 0.1848 -0.1644
vn 0.9806 0.1916 -0.0408
vn 0.9811 0.1340 -0.1398
vn 0.9304 0.2217 -0.2920
vn 0.9806 0.1916 -0.0409
vn 0.7678 0.6260 -0.1367
vn 0.9304 0.2216 -0.2920
vn 0.6968 0.5729 -0.4316
vn 0.6131 0.7300 -0.3021
vn 0.6969 0.5729 -0.4316
vn 0.6968 0.5728 -0.4316
vn 0.4809 0.7886 -0.3831
vn 0.6457 0.7413 -0.1831
vn 0.4198 0.8457 -0.3295
vn 0.6131 0.7299 -0.3021
vn 0.4809 0.7887 -0.3831
vn 0.4641 0.8433 -0.2712
vn 0.6131 0.7300 -0.3022
vn 0.3804 0.8752 -0.2990
vn 0.3489 0.9168 -0.1945
vn 0.3804 0.8751 -0.2991
vn 0.3803 0.8752 -0.2990
vn 0.4815 0.8441 -0.2361
vn 0.1986 0.9036 -0.3796
vn 0.2111 0.9661 -0.1489
vn 0.3804 0.8752 -0.2991
vn 0.2232 0.9318 -0.2863
vn 0.3362 0.9315 -0.1391
vn 0.1290 0.8837 -0.4499
vn 0.2263 0.9056 -0.3586
vn 0.1291 0.8837 -0.4499
vn 0.2231 0.9318 -0.2863
vn 0.3055 0.9125 -0.2721
vn 0.1992 0.9280 -0.3150
vn 0.0559 0.9530 -0.2979
vn 0.1992 0.9280 -0.3149
vn 0.2263 0.9056 -0.3587
vn 0.0536 0.9261 -0.3734
vn 0.1472 0.9785 -0.1447
vn 0.1573 0.9868 -0.0393
vn 0.1326 0.9355 -0.3274
vn -0.2064 0.9762 0.0660
vn -0.1467 0.9801 -0.1340
vn -0.2063 0.9762 0.0660
vn -0.1914 0.9660 0.1737
vn 0.0187 0.9943 0.1047
vn -0.1047 0.9513 0.2899
vn 0.0187 0.9943 0.1048
vn -0.0371 0.9577 0.2852
vn -0.1605 0.9826 0.0938
vn -0.2246 0.9567 0.1849
vn -0.2000 0.9752 0.0948
vn -0.2034 0.9542 0.2194
vn -0.1512 0.9851 0.0821
vn -0.0274 0.9990 -0.0348
vn -0.0342 0.9993 0.0125
vn -0.3586 0.9301 -0.0800
vn 0.0447 0.9977 -0.0507
vn 0.0982 0.9925 -0.0728
vn 0.1056 0.9926 -0.0595
vn -0.0254 0.9662 -0.2566
vn 0.0447 0.9977 -0.0506
vn 0.0982 0.9925 -0.0727
vn 0.0891 0.9728 -0.2136
vn -0.0177 0.9996 0.0202
vn 0.0895 0.9728 -0.2137
vn -0.0141 0.9952 -0.0971
vn -0.0176 0.9996 0.0202
vn -0.1499 0.9786 -0.1409
vn 0.0891 0.9728 -0.2137
vn -0.0133 0.9952 -0.0974
vn -0.0832 0.9958 0.0381
vn 0.0177 0.9901 0.1391
vn 0.0312 0.9980 0.0543
vn 0.2136 0.9766 0.0236
vn 0.3335 0.9375 0.0995
vn 0.1097 0.9934 0.0344
vn 0.3854 0.9138 0.1285
vn 0.2505 0.9681 0.0046
vn 0.0536 0.9984 0.0191
vn -0.0748 0.9596 -0.2712
vn -0.4133 0.8791 -0.2375
vn 0.0084 0.9622 -0.2722
vn -0.4834 0.7994 -0.3567
vn -0.5759 0.7838 -0.2325
vn -0.6636 0.6690 -0.3346
vn -0.6638 0.7174 -0.2113
vn -0.6637 0.6690 -0.3346
vn -0.7787 0.5631 -0.2766
vn -0.6639 0.7174 -0.2113
vn -0.6952 0.6972 -0.1749
vn -0.7496 0.6502 -0.1239
vn -0.6262 0.7611 -0.1690
vn -0.6689 0.7432 0.0168
vn -0.6262 0.7611 -0.1691
vn -0.7823 0.5812 -0.2242
vn -0.9471 0.3021 0.1079
vn -0.8934 0.2970 -0.3370
vn -0.9471 0.3021 0.1078
vn -0.8654 0.3563 -0.3523
vn -0.8934 0.2971 -0.3370
vn -0.7823 0.5812 -0.2241
vn -0.8594 0.3308 -0.3899
vn -0.8654 0.3563 -0.3522
vn -0.8479 0.5211 -0.0980
vn -0.7692 0.5096 -0.3856
vn -0.9472 0.3021 0.1079
vn -0.9403 0.3342 -0.0638
vn -0.8239 0.5159 -0.2346
vn -0.8966 0.4353 -0.0818
vn -0.8243 0.5153 -0.2344
vn -0.8434 0.5246 -0.1158
vn -0.8966 0.4352 -0.0818
vn -0.9840 0.0846 0.1571
vn -0.9892 0.1462 -0.0132
vn -0.9372 -0.2529 0.2400
vn -0.9187 -0.3424 0.1967
vn -0.9372 -0.2530 0.2400
vn -0.6980 -0.6058 0.3818
vn -0.8103 -0.4843 0.3299
vn -0.6981 -0.6058 0.3818
vn -0.8205 -0.3505 0.4516
vn -0.6869 -0.5985 0.4123
vn -0.7563 -0.4950 0.4278
vn -0.8103 -0.4843 0.3298
vn -0.8681 -0.4092 0.2811
vn -0.7563 -0.4950 0.4279
vn -0.7953 -0.5012 0.3410
vn -0.8138 -0.1132 0.5701
vn -0.9171 -0.3876 0.0931
vn -0.9007 0.0633 0.4299
vn -0.9491 0.0334 0.3133
vn -0.8681 -0.4092 0.2812
vn -0.9658 -0.0493 0.2546
vn -0.9007 0.0632 0.4299
vn -0.9491 0.0334 0.3132
vn -0.8600 -0.0544 0.5075
vn -0.9302 -0.0961 0.3541
vn -0.8600 -0.0544 0.5074
vn -0.9410 0.1162 0.3177
vn -0.8600 -0.0545 0.5075
vn -0.9410 0.1163 0.3177
vn -0.9039 0.0545 0.4244
vn -0.9082 0.2784 0.3126
vn -0.9338 0.3220 0.1556
vn -0.9025 0.3727 0.2161
vn -0.9339 0.3220 0.1556
vn -0.9333 0.3206 0.1619
vn -0.9399 0.3368 0.0562
vn -0.9399 0.3367 0.0562
vn -0.9857 -0.0108 -0.1684
vn -0.9920 0.1127 0.0568
vn -0.9025 0.3727 0.2160
vn -0.9192 0.2146 0.3300
vn -0.9920 0.1127 0.0569
vn -0.9857 -0.0107 -0.1684
vn -0.9627 -0.0260 -0.2695
vn -0.9193 0.2156 0.3293
vn -0.9192 0.2146 0.3301
vn -0.9556 0.1831 0.2309
vn -0.9695 -0.0779 0.2323
vn -0.8982 0.2142 0.3839
vn -0.9556 0.1830 0.2309
vn -0.9071 0.2797 0.3146
vn -0.9706 0.1991 0.1349
vn -0.8438 -0.3730 0.3859
vn -0.8821 -0.4098 0.2325
vn -0.5451 -0.7915 0.2763
vn -0.8820 -0.4098 0.2325
vn -0.4788 -0.8723 0.0994
vn -0.5451 -0.7915 0.2762
vn 0.8326 -0.4745 0.2858
vn 0.6579 -0.7501 0.0670
vn 0.6579 -0.7530 0.0147
vn 0.8113 -0.5840 -0.0262
vn 0.8326 -0.4745 0.2857
vn 0.9928 -0.0934 0.0745
vn 0.9999 -0.0055 -0.0107
vn 0.9928 -0.0933 0.0746
vn 0.9574 -0.2848 0.0484
vn 0.7114 -0.6971 -0.0892
vn 0.9949 0.0683 0.0741
vn 0.9939 -0.0936 0.0580
vn 0.9708 -0.1349 -0.1985
vn 0.9949 0.0683 0.0740
vn 0.9569 -0.2154 -0.1949
vn 0.9906 -0.1086 0.0832
vn 0.9677 -0.0668 -0.2432
vn 0.9939 -0.0936 0.0579
vn 0.9906 -0.1087 0.0832
vn 0.9972 0.0148 0.0728
vn 0.9225 -0.0159 -0.3858
vn 0.9985 -0.0529 -0.0127
vn 0.9224 -0.0159 -0.3858
vn 0.8991 -0.0413 -0.4357
vn 0.9985 -0.0529 -0.0128
vn 0.9954 -0.0923 -0.0241
vn 0.8991 -0.0414 -0.4357
vn 0.8780 -0.1278 -0.4613
vn 0.9967 0.0106 -0.0810
vn 0.8865 -0.1982 -0.4181
vn 0.9967 0.0106 -0.0809
vn 0.9974 -0.0283 -0.0669
vn 0.8865 -0.1983 -0.4181
vn 0.9097 0.0071 -0.4152
vn 0.9646 0.1180 -0.2357
vn 0.9097 0.0072 -0.4152
vn 0.8239 0.2083 -0.5272
vn 0.9646 0.1181 -0.2358
vn 0.9866 0.1470 -0.0706
vn 0.9018 0.2468 -0.3547
vn 0.8238 0.2083 -0.5272
vn 0.8239 0.2083 -0.5271
vn 0.7954 0.2171 -0.5659
vn 0.9646 0.1181 -0.2357
vn 0.8848 0.1966 -0.4225
vn 0.7704 0.1932 -0.6076
vn 0.8848 0.1967 -0.4225
vn 0.7655 0.2082 -0.6088
vn 0.7403 0.3252 -0.5884
vn 0.5767 0.4584 -0.6762
vn 0.7403 0.3251 -0.5884
vn 0.7620 0.5475 -0.3459
vn 0.5618 0.5979 -0.5718
vn 0.6676 0.6969 -0.2618
vn 0.6969 0.5728 -0.4316
vn 0.5105 0.7136 -0.4798
vn 0.6677 0.6969 -0.2618
vn 0.5814 0.7175 -0.3836
vn 0.3937 0.8447 -0.3627
vn 0.5831 0.7160 -0.3838
vn 0.6759 0.6499 -0.3475
vn 0.3937 0.8446 -0.3627
vn 0.4235 0.9057 -0.0161
vn 0.6759 0.6500 -0.3474
vn 0.5509 0.8131 -0.1879
vn 0.4236 0.9057 -0.0160
vn 0.4235 0.9057 -0.0160
vn 0.3818 0.9240 0.0204
vn 0.5509 0.8132 -0.1879
vn 0.3461 0.9332 -0.0965
vn 0.3542 0.9343 -0.0412
vn 0.3298 0.9421 -0.0605
vn 0.3362 0.9314 -0.1391
vn 0.3584 0.9330 -0.0336
vn 0.0614 0.9970 -0.0464
vn 0.3542 0.9342 -0.0412
vn -0.0049 0.9980 0.0635
vn 0.0472 0.9742 -0.2207
vn 0.0449 0.9735 -0.2242
vn 0.0472 0.9742 -0.2208
vn 0.0447 0.9947 -0.0927
vn -0.0469 0.9379 -0.3439
vn 0.1506 0.9724 -0.1785
vn -0.0469 0.9379 -0.3438
vn 0.2823 0.9384 -0.1994
vn 0.1506 0.9723 -0.1785
vn -0.0469 0.9378 -0.3439
vn 0.0267 0.9995 0.0141
vn 0.2822 0.9384 -0.1994
vn 0.2249 0.9713 -0.0779
vn 0.0266 0.9995 0.0141
vn -0.1942 0.9385 0.2856
vn 0.0266 0.9995 0.0140
vn 0.2249 0.9713 -0.0780
vn -0.0895 0.9865 0.1370
vn -0.1942 0.9385 0.2857
vn -0.0371 0.9578 0.2852
vn -0.3120 0.8979 0.3106
vn -0.1704 0.9595 0.2243
vn -0.1626 0.9218 0.3519
vn -0.0382 0.9950 0.0925
vn 0.0804 0.9956 -0.0484
vn -0.0383 0.9950 0.0925
vn -0.1704 0.9595 0.2244
vn 0.0124 0.9935 0.1129
vn 0.0803 0.9956 -0.0484
vn 0.1749 0.9845 -0.0135
vn 0.0981 0.9951 -0.0146
vn 0.0641 0.9899 -0.1261
vn 0.0313 0.9980 0.0543
vn 0.1057 0.9926 -0.0595
vn 0.0825 0.9954 0.0483
vn -0.0010 0.9738 -0.2273
vn 0.1630 0.9860 -0.0352
vn 0.0346 0.9376 -0.3459
vn 0.1631 0.9860 -0.0352
vn 0.1630 0.9860 -0.0351
vn 0.0346 0.9376 -0.3460
vn -0.0192 0.9278 -0.3725
vn 0.0084 0.9622 -0.2721
vn -0.1255 0.9531 -0.2753
vn 0.0207 0.9962 -0.0841
vn -0.1256 0.9531 -0.2753
vn -0.3117 0.8785 -0.3621
vn -0.3190 0.8550 -0.4090
vn -0.3117 0.8785 -0.3620
vn -0.4487 0.8560 -0.2566
vn -0.4153 0.7847 -0.4602
vn -0.4488 0.8560 -0.2565
vn -0.4487 0.8560 -0.2565
vn -0.7822 0.6155 -0.0961
vn -0.4488 0.8560 -0.2566
vn -0.7109 0.6125 -0.3456
vn -0.7159 0.6588 -0.2311
vn -0.7733 0.5859 -0.2424
vn -0.7159 0.6588 -0.2310
vn -0.7160 0.6588 -0.2311
vn -0.7127 0.6579 -0.2433
vn -0.7160 0.6588 -0.2310
vn -0.7816 0.5248 -0.3371
vn -0.7816 0.5248 -0.3372
vn -0.7817 0.5247 -0.3371
vn -0.9358 0.2815 -0.2122
vn -0.8594 0.3308 -0.3900
vn -0.8114 0.5562 -0.1797
vn -0.9358 0.2814 -0.2122
vn -0.7816 0.5247 -0.3372
vn -0.8273 0.4709 -0.3063
vn -0.9165 0.3960 -0.0568
vn -0.8470 0.5254 -0.0810
vn -0.7075 0.6773 -0.2017
vn -0.8469 0.5255 -0.0810
vn -0.8253 0.5463 -0.1427
vn -0.7075 0.6773 -0.2018
vn -0.7097 0.6751 -0.2014
vn -0.7346 0.6655 -0.1320
vn -0.7042 0.6803 -0.2030
vn -0.8253 0.5464 -0.1427
vn -0.8384 0.4901 -0.2385
vn -0.9274 0.3500 -0.1321
vn -0.9445 0.2133 -0.2498
vn -0.9274 0.3501 -0.1322
vn -0.9273 0.3501 -0.1321
vn -0.9274 0.3500 -0.1322
vn -0.8247 0.5149 -0.2340
vn -0.9875 0.0552 -0.1478
vn -0.9273 0.3501 -0.1322
vn -0.9869 0.0492 -0.1536
vn -0.9875 0.0552 -0.1479
vn -0.9837 -0.1798 -0.0000
vn -0.9869 0.0492 -0.1535
vn -0.9859 -0.1661 0.0225
vn -0.8437 -0.4633 0.2710
vn -0.9837 -0.1797 -0.0000
vn -0.9859 -0.1660 0.0225
vn -0.9784 -0.1232 0.1661
vn -0.8438 -0.4633 0.2710
vn -0.9491 0.0834 0.3037
vn -0.9658 -0.0492 0.2545
vn -0.8104 -0.4843 0.3298
vn -0.9658 -0.0492 0.2546
vn -0.9918 0.1086 0.0676
vn -0.9989 0.0407 0.0249
vn -0.9918 0.1085 0.0676
vn -0.9754 0.0481 0.2151
vn -0.9617 0.0748 0.2637
vn -0.9719 0.2324 -0.0377
vn -0.9989 0.0406 0.0249
vn -0.9858 0.1601 -0.0513
vn -0.9719 0.2324 -0.0378
vn -0.9810 0.1512 0.1214
vn -0.9943 0.1060 -0.0095
vn -0.9810 0.1512 0.1215
vn -0.9630 0.2692 -0.0113
vn -0.9943 0.1061 -0.0095
vn -0.9700 -0.1609 0.1822
vn -0.9832 -0.1822 -0.0034
vn -0.9754 0.0480 0.2150
vn -0.7688 -0.5813 0.2666
vn -0.8214 -0.5691 0.0381
vn -0.7688 -0.5813 0.2665
vn -0.8389 -0.4717 0.2716
vn -0.6910 -0.7083 0.1443
vn -0.8214 -0.5691 0.0380
vn -0.5528 -0.8287 0.0873
vn -0.7839 -0.5506 0.2869
vn -0.6997 -0.7047 0.1176
vn -0.5630 -0.8264 0.0099
vn -0.9851 -0.1224 0.1208
vn -0.4300 -0.9024 -0.0265
vn -0.8832 -0.4441 0.1509
vn -0.9003 -0.4323 0.0511
vn -0.8832 -0.4440 0.1509
vn -0.5160 -0.8560 -0.0319
vn -0.9003 -0.4324 0.0511
vn -0.9002 -0.4324 0.0511
vn -0.9003 -0.4323 0.0510
vn -0.9071 0.2798 0.3146
vn 0.3958 -0.8853 -0.2440
vn 0.2592 -0.9650 -0.0400
vn 0.6367 -0.7661 -0.0880
vn 0.7039 -0.6987 -0.1281
vn 0.6367 -0.7661 -0.0879
vn 0.2593 -0.9650 -0.0400
vn 0.3203 -0.9459 -0.0519
vn 0.9674 -0.0780 -0.2411
vn 0.9569 -0.2153 -0.1949
vn 0.8814 0.3848 -0.2741
vn 0.7039 -0.6987 -0.1280
vn 0.7942 -0.5994 -0.0999
vn 0.8708 0.0995 -0.4815
vn 0.8336 0.3986 -0.3823
vn 0.8708 0.0995 -0.4814
vn 0.7827 -0.0136 -0.6222
vn 0.8337 0.3986 -0.3823
vn 0.9130 0.1652 -0.3729
vn 0.7757 0.0477 -0.6293
vn 0.9643 -0.1149 -0.2384
vn 0.8363 -0.2402 -0.4929
vn 0.9643 -0.1149 -0.2385
vn 0.9781 -0.1705 -0.1193
vn 0.8363 -0.2401 -0.4929
vn 0.9224 -0.0158 -0.3858
vn 0.8363 -0.2401 -0.4930
vn 0.8642 -0.0355 -0.5019
vn 0.9921 -0.1247 -0.0103
vn 0.8642 -0.0355 -0.5018
vn 0.8512 -0.3280 -0.4096
vn 0.9921 -0.1248 -0.0103
vn 0.9921 -0.1247 -0.0104
vn 0.9758 -0.2008 0.0869
vn 0.8513 -0.3280 -0.4096
vn 0.8907 -0.0075 -0.4545
vn 0.9758 -0.2009 0.0869
vn 0.9929 -0.1179 -0.0138
vn 0.8907 -0.0076 -0.4545
vn 0.9304 0.1522 -0.3335
vn 0.9651 0.2600 0.0329
vn 0.9097 0.0071 -0.4153
vn 0.8630 0.3185 -0.3922
vn 0.9650 0.2600 0.0329
vn 0.8976 0.3570 0.2588
vn 0.8238 0.2082 -0.5272
vn 0.8630 0.3184 -0.3922
vn 0.9159 0.2930 -0.2745
vn 0.8975 0.3570 0.2588
vn 0.8747 0.2171 0.4334
vn 0.9158 0.2931 -0.2745
vn 0.8630 0.3185 -0.3921
vn 0.9607 0.2546 -0.1108
vn 0.9159 0.2930 -0.2744
vn 0.8747 0.2172 0.4334
vn 0.8207 0.3273 0.4683
vn 0.9607 0.2546 -0.1107
vn 0.9089 0.3971 0.1272
vn 0.8323 0.3190 0.4534
vn 0.5940 0.7158 0.3672
vn 0.6027 0.6959 0.3905
vn 0.5940 0.7157 0.3672
vn 0.4570 0.8832 0.1052
vn 0.6027 0.6959 0.3904
vn 0.1974 0.9763 0.0890
vn 0.4570 0.8832 0.1053
vn 0.6676 0.6970 -0.2617
vn 0.4817 0.8516 -0.2069
vn 0.3216 0.9399 -0.1147
vn 0.4816 0.8516 -0.2069
vn 0.6759 0.6500 -0.3475
vn 0.4996 0.7755 -0.3861
vn 0.5885 0.8010 -0.1101
vn 0.4996 0.7755 -0.3860
vn 0.5509 0.8132 -0.1878
vn 0.5005 0.8491 -0.1691
vn 0.5885 0.8010 -0.1100
vn 0.6661 0.7452 -0.0305
vn 0.5004 0.8491 -0.1691
vn 0.4400 0.8964 -0.0542
vn 0.5591 0.8242 -0.0900
vn 0.4400 0.8964 -0.0541
vn 0.1781 0.9686 0.1733
vn 0.2079 0.9714 -0.1144
vn -0.0151 0.9991 0.0389
vn -0.0144 0.9874 0.1577
vn -0.0151 0.9991 0.0388
vn 0.0811 0.9647 0.2506
vn -0.0453 0.9983 -0.0369
vn -0.0049 0.9980 0.0636
vn 0.3504 0.9334 -0.0771
vn -0.0145 0.9874 0.1577
vn 0.3479 0.9307 0.1131
vn 0.2940 0.9356 -0.1956
vn 0.2791 0.9524 -0.1222
vn 0.2939 0.9355 -0.1959
vn 0.3829 0.9237 -0.0145
vn 0.2791 0.9525 -0.1222
vn 0.0447 0.9947 -0.0926
vn 0.0565 0.9984 -0.0032
vn 0.3830 0.9236 -0.0145
vn 0.3830 0.9237 -0.0145
vn 0.0789 0.9968 0.0103
vn 0.0566 0.9984 -0.0032
vn -0.0895 0.9865 0.1369
vn -0.0536 0.9951 0.0832
vn 0.0790 0.9968 0.0103
vn -0.0698 0.9976 -0.0005
vn -0.0851 0.9731 0.2141
vn -0.0067 0.9583 0.2857
vn -0.0536 0.9951 0.0831
vn 0.0082 0.9992 0.0398
vn -0.0851 0.9731 0.2142
vn -0.0266 0.9421 0.3342
vn 0.0185 0.9435 0.3308
vn -0.0492 0.9764 0.2102
vn 0.0184 0.9435 0.3308
vn 0.0124 0.9935 0.1128
vn -0.0324 0.9983 0.0484
vn 0.0123 0.9935 0.1129
vn 0.0089 0.9994 0.0337
vn -0.1124 0.9479 0.2982
vn 0.0208 0.9962 -0.0841
vn -0.1124 0.9478 0.2982
vn -0.2060 0.9746 0.0879
vn -0.4232 0.9029 -0.0747
vn -0.1124 0.9478 0.2983
vn -0.3250 0.9448 0.0423
vn -0.4232 0.9030 -0.0747
vn -0.4543 0.8777 -0.1526
vn -0.4872 0.8624 -0.1376
vn -0.2060 0.9746 0.0880
vn -0.4544 0.8777 -0.1526
vn -0.4190 0.8837 -0.2086
vn -0.5449 0.8253 -0.1484
vn -0.4190 0.8837 -0.2087
vn -0.5748 0.7570 -0.3105
vn -0.5654 0.8090 -0.1606
vn -0.5749 0.7571 -0.3105
vn -0.5749 0.7570 -0.3105
vn -0.5803 0.7688 -0.2687
vn -0.5748 0.7571 -0.3105
vn -0.5401 0.8208 -0.1861
vn -0.5803 0.7688 -0.2688
vn -0.4152 0.7847 -0.4602
vn -0.7482 0.6603 -0.0646
vn -0.5802 0.7688 -0.2688
vn -0.5401 0.8207 -0.1861
vn -0.7532 0.5241 -0.3975
vn -0.7482 0.6604 -0.0646
vn -0.5802 0.7688 -0.2687
vn -0.7532 0.5240 -0.3976
vn -0.8414 0.3155 -0.4387
vn -0.7019 0.5753 -0.4200
vn -0.7532 0.5241 -0.3976
vn -0.7312 0.4172 -0.5397
vn -0.7109 0.6515 -0.2651
vn -0.7177 0.5599 -0.4140
vn -0.7109 0.6514 -0.2651
vn -0.8314 0.3578 -0.4251
vn -0.8053 0.3924 -0.4444
vn -0.6829 0.6059 -0.4081
vn -0.8053 0.3925 -0.4444
vn -0.6830 0.5965 -0.4214
vn -0.6829 0.6060 -0.4081
vn -0.6829 0.6059 -0.4080
vn -0.8038 0.4806 -0.3506
vn -0.6830 0.5966 -0.4214
vn -0.7275 0.5390 -0.4245
vn -0.8038 0.4806 -0.3505
vn -0.9092 0.3288 -0.2554
vn -0.7275 0.5390 -0.4246
vn -0.8956 0.2196 -0.3870
vn -0.9092 0.3289 -0.2554
vn -0.9896 0.0316 -0.1406
vn -0.8956 0.2195 -0.3870
vn -0.9201 0.0719 -0.3851
vn -0.9844 -0.1046 -0.1418
vn -0.9993 -0.0042 0.0384
vn -0.9869 0.0491 -0.1535
vn -0.9844 -0.1045 -0.1418
vn -0.9993 -0.0043 0.0384
vn -0.9858 0.1602 -0.0514
vn -0.9252 0.2689 -0.2678
vn -0.9093 0.2235 -0.3509
vn -0.9252 0.2688 -0.2678
vn -0.9252 0.2688 -0.2679
vn -0.9944 0.1003 0.0334
vn -0.9797 0.1872 0.0716
vn -0.9615 0.2746 0.0106
vn -0.9797 0.1872 0.0717
vn -0.9647 0.2605 0.0387
vn -0.9858 0.1602 -0.0513
vn -0.9655 0.2293 0.1234
vn -0.9569 0.1408 0.2542
vn -0.9655 0.2293 0.1233
vn -0.9842 0.1363 0.1130
vn -0.9913 0.1246 -0.0422
vn -0.9698 -0.2282 0.0856
vn -0.9650 -0.2504 -0.0783
vn -0.9698 -0.2282 0.0857
vn -0.9842 0.1363 0.1131
vn -0.9832 -0.1823 -0.0034
vn -0.8207 -0.5637 0.0933
vn -0.9650 -0.2504 -0.0784
vn -0.8313 -0.5553 -0.0238
vn -0.6182 -0.7687 0.1641
vn -0.6734 -0.7392 -0.0104
vn -0.6182 -0.7687 0.1640
vn -0.5520 -0.8292 0.0874
vn 0.3591 -0.9330 -0.0216
vn 0.5415 -0.8323 -0.1187
vn 0.7817 -0.6070 -0.1433
vn 0.7942 -0.5994 -0.1000
vn 0.8780 -0.4776 -0.0337
vn 0.7817 -0.6069 -0.1433
vn 0.5591 -0.8275 -0.0523
vn 0.8780 -0.4775 -0.0337
vn 0.8620 0.5015 -0.0737
vn 0.9588 0.2148 0.1861
vn 0.8620 0.5015 -0.0738
vn 0.9606 0.2768 -0.0250
vn 0.9588 0.2147 0.1862
vn 0.9188 0.1773 0.3527
vn 0.9606 0.2768 -0.0251
vn 0.9606 0.2767 -0.0250
vn 0.9817 0.1528 0.1133
vn 0.9606 0.2767 -0.0251
vn 0.8968 0.0127 0.4422
vn 0.8336 0.3986 -0.3824
vn 0.9738 -0.0644 0.2181
vn 0.8968 0.0128 0.4422
vn 0.8784 -0.0330 0.4769
vn 0.9738 -0.0644 0.2180
vn 0.9811 -0.1132 0.1567
vn 0.9738 -0.0643 0.2181
vn 0.8783 -0.0330 0.4769
vn 0.8600 -0.2015 0.4688
vn 0.9781 -0.1706 -0.1193
vn 0.8951 -0.2552 0.3657
vn 0.8930 -0.2074 0.3994
vn 0.8951 -0.2552 0.3656
vn 0.9484 -0.0722 0.3088
vn 0.9830 0.0721 0.1690
vn 0.9484 -0.0722 0.3089
vn 0.9565 0.2691 0.1126
vn 0.9830 0.0722 0.1690
vn 0.9451 0.2664 0.1892
vn 0.9989 0.0075 -0.0473
vn 0.9672 0.0873 0.2384
vn 0.9989 0.0075 -0.0472
vn 0.9929 -0.1178 -0.0139
vn 0.9163 0.1216 0.3817
vn 0.9978 0.0260 0.0614
vn 0.9163 0.1216 0.3816
vn 0.9036 0.2863 0.3186
vn 0.9882 0.1529 -0.0097
vn 0.8747 0.2172 0.4333
vn 0.8842 0.2713 0.3802
vn 0.9646 0.2363 -0.1175
vn 0.8747 0.2171 0.4333
vn 0.8789 0.3629 0.3095
vn 0.9646 0.2363 -0.1174
vn 0.9599 0.2589 -0.1072
vn 0.6202 0.7330 0.2793
vn 0.7655 0.6268 0.1456
vn 0.1604 0.9395 0.3026
vn 0.7654 0.6268 0.1456
vn 0.2578 0.9141 0.3129
vn 0.1975 0.9763 0.0890
vn 0.2547 0.9220 0.2915
vn 0.1524 0.9258 0.3459
vn 0.5519 0.8182 0.1612
vn 0.1525 0.9258 0.3459
vn 0.4185 0.8694 0.2626
vn 0.5518 0.8182 0.1612
vn 0.5519 0.8182 0.1613
vn 0.6123 0.7865 0.0806
vn 0.4184 0.8695 0.2626
vn 0.4582 0.8823 0.1074
vn 0.6123 0.7865 0.0807
vn 0.5518 0.8182 0.1613
vn 0.2413 0.9684 -0.0633
vn 0.0789 0.9958 -0.0462
vn 0.2413 0.9684 -0.0632
vn 0.0899 0.9461 -0.3111
vn -0.1167 0.9834 -0.1392
vn 0.0898 0.9461 -0.3112
vn 0.0593 0.9510 -0.3036
vn 0.0628 0.9731 -0.2217
vn 0.0593 0.9510 -0.3035
vn 0.2080 0.9714 -0.1144
vn 0.0899 0.9461 -0.3112
vn 0.0566 0.9974 -0.0457
vn 0.2446 0.9695 -0.0177
vn 0.0565 0.9974 -0.0457
vn 0.2619 0.9241 -0.2782
vn 0.0812 0.9647 0.2506
vn 0.0565 0.9974 -0.0456
vn 0.2446 0.9695 -0.0178
vn 0.3091 0.9053 0.2915
vn 0.3333 0.9297 0.1565
vn 0.2011 0.9796 -0.0024
vn 0.3333 0.9297 0.1566
vn 0.4059 0.9124 0.0527
vn 0.1179 0.9916 0.0529
vn 0.0315 0.9993 0.0185
vn -0.1485 0.9870 -0.0617
vn -0.2172 0.9723 -0.0868
vn -0.1876 0.9745 -0.1232
vn -0.2072 0.9759 -0.0681
vn -0.0957 0.9919 -0.0830
vn -0.2211 0.9674 -0.1233
vn -0.0958 0.9919 -0.0830
vn -0.2839 0.9422 -0.1781
vn -0.0958 0.9919 -0.0829
vn -0.2211 0.9674 -0.1232
vn -0.2729 0.9616 -0.0300
vn 0.0081 0.9992 0.0398
vn -0.0535 0.9951 0.0831
vn -0.3350 0.9407 -0.0536
vn -0.4156 0.8908 -0.1836
vn -0.0492 0.9764 0.2101
vn -0.4709 0.8723 -0.1315
vn -0.5045 0.8090 -0.3017
vn -0.5143 0.8372 -0.1857
vn -0.5143 0.8373 -0.1857
vn -0.5806 0.7621 -0.2864
vn -0.5739 0.7531 -0.3217
vn -0.5739 0.7531 -0.3216
vn -0.7157 0.5870 -0.3783
vn -0.6519 0.7020 -0.2866
vn -0.7372 0.5942 -0.3215
vn -0.7158 0.5870 -0.3783
vn -0.7372 0.5942 -0.3216
vn -0.8575 0.4231 -0.2928
vn -0.7312 0.4172 -0.5398
vn -0.7946 0.5849 0.1628
vn -0.7510 0.6488 0.1226
vn -0.8393 0.5201 -0.1583
vn -0.8383 0.5343 0.1086
vn -0.8574 0.4231 -0.2928
vn -0.8394 0.5201 -0.1582
vn -0.8394 0.5200 -0.1582
vn -0.7023 0.5755 -0.4191
vn -0.7397 0.5848 -0.3330
vn -0.8405 0.5182 -0.1582
vn -0.9083 0.4175 -0.0249
vn -0.7397 0.5849 -0.3330
vn -0.8393 0.5201 -0.1582
vn -0.8856 0.3847 -0.2601
vn -0.9045 0.4254 0.0303
vn -0.7396 0.5849 -0.3329
vn -0.7630 0.6027 -0.2336
vn -0.7816 0.6019 0.1637
vn -0.7630 0.6027 -0.2335
vn -0.7994 0.5735 -0.1790
vn -0.7911 0.5786 0.1985
vn -0.9418 0.2471 -0.2279
vn -0.7911 0.5786 0.1984
vn -0.9414 0.2945 0.1646
vn -0.9418 0.2472 -0.2279
vn -0.9414 0.2945 0.1647
vn -0.9364 0.2439 0.2524
vn -0.9093 0.2235 -0.3510
vn -0.8956 0.2195 -0.3869
vn -0.9332 0.2881 0.2148
vn -0.9413 0.2945 0.1646
vn -0.9205 0.3493 0.1752
vn -0.9332 0.2880 0.2148
vn -0.9448 0.1649 0.2831
vn -0.9364 0.2440 0.2524
vn -0.8958 0.2796 0.3454
vn -0.8843 0.4201 0.2038
vn -0.9569 0.1408 0.2541
vn -0.9198 0.1056 0.3779
vn -0.9719 -0.0545 0.2289
vn -0.8575 0.3572 0.3703
vn -0.9875 -0.0586 0.1463
vn -0.9737 -0.2277 -0.0104
vn -0.9875 -0.0586 0.1462
vn -0.9862 -0.0925 -0.1375
vn -0.9799 -0.1699 -0.1040
vn -0.9628 -0.2087 -0.1715
vn -0.9799 -0.1700 -0.1040
vn -0.9834 -0.1738 -0.0524
vn -0.9650 -0.2503 -0.0784
vn -0.8393 -0.5425 -0.0359
vn -0.8818 -0.4705 0.0321
vn -0.6230 -0.7775 -0.0860
vn -0.8818 -0.4705 0.0322
vn -0.5828 -0.8107 0.0568
vn -0.6734 -0.7392 -0.0105
vn 0.7420 -0.6699 0.0252
vn 0.4473 -0.8938 -0.0338
vn 0.3880 -0.9216 0.0144
vn 0.6428 -0.7648 0.0437
vn 0.4473 -0.8938 -0.0337
vn 0.8779 -0.4776 -0.0337
vn 0.9688 -0.1896 0.1593
vn 0.6428 -0.7648 0.0438
vn 0.6427 -0.7648 0.0437
vn 0.8173 -0.5474 0.1800
vn 0.9688 -0.1896 0.1594
vn 0.8766 -0.1573 0.4548
vn 0.8558 -0.4559 0.2445
vn 0.9588 0.2147 0.1861
vn 0.8346 -0.1169 0.5383
vn 0.8558 -0.4560 0.2445
vn 0.9435 -0.1877 0.2731
vn 0.8346 -0.1169 0.5384
vn 0.9199 0.1744 0.3511
vn 0.8266 -0.0344 0.5618
vn 0.9168 -0.1803 0.3564
vn 0.7787 -0.0833 0.6218
vn 0.9258 -0.0769 0.3702
vn 0.8266 -0.0344 0.5617
vn 0.8601 -0.2015 0.4687
vn 0.8868 -0.0193 0.4617
vn 0.9362 0.2562 0.2404
vn 0.9191 0.2927 0.2639
vn 0.9099 0.3261 0.2565
vn 0.9583 0.1327 0.2531
vn 0.9259 0.1681 0.3384
vn 0.9583 0.1328 0.2531
vn 0.9830 0.0722 0.1689
vn 0.8924 0.2049 0.4020
vn 0.9259 0.1680 0.3384
vn 0.9443 0.1387 0.2984
vn 0.9729 0.1339 0.1883
vn 0.9524 0.2311 0.1986
vn 0.9729 0.1340 0.1883
vn 0.9978 0.0261 0.0614
vn 0.9362 0.3159 0.1541
vn 0.9480 0.3133 0.0563
vn 0.9362 0.3158 0.1541
vn 0.9251 0.3790 -0.0239
vn 0.8588 0.5078 -0.0676
vn 0.9472 0.2598 -0.1878
vn 0.8588 0.5078 -0.0677
vn 0.8534 0.4346 -0.2879
vn 0.9472 0.2598 -0.1877
vn 0.8001 0.4881 -0.3487
vn 0.8534 0.4345 -0.2879
vn 0.8743 0.3962 -0.2804
vn 0.8002 0.4881 -0.3486
vn 0.4698 0.8809 0.0568
vn 0.8001 0.4881 -0.3486
vn 0.6482 0.7610 0.0282
vn 0.4698 0.8809 0.0569
vn 0.8002 0.4880 -0.3486
vn 0.2687 0.9269 0.2621
vn 0.4699 0.8809 0.0568
vn 0.6482 0.7609 0.0282
vn 0.3838 0.9008 0.2032
vn 0.2688 0.9269 0.2621
vn 0.3676 0.8657 0.3398
vn 0.4094 0.8782 0.2474
vn 0.3675 0.8657 0.3398
vn 0.3472 0.8979 0.2704
vn 0.3477 0.8824 0.3170
vn 0.3473 0.8979 0.2704
vn 0.3473 0.8979 0.2705
vn 0.4582 0.8823 0.1075
vn 0.0031 0.9682 0.2502
vn 0.0027 0.8850 0.4655
vn 0.0032 0.9682 0.2502
vn -0.1550 0.9682 0.1963
vn -0.1155 0.8207 0.5596
vn -0.1550 0.9682 0.1962
vn 0.0936 0.9720 0.2157
vn -0.1156 0.8207 0.5596
vn -0.1155 0.8207 0.5595
vn 0.0995 0.8285 0.5511
vn -0.1549 0.9682 0.1963
vn 0.4785 0.8659 0.1457
vn 0.4274 0.8183 0.3843
vn 0.0629 0.9731 -0.2217
vn 0.3391 0.9049 -0.2572
vn 0.4678 0.8743 -0.1297
vn 0.5909 0.8035 0.0718
vn 0.2620 0.9241 -0.2782
vn 0.2392 0.9484 -0.2080
vn 0.1355 0.9903 -0.0306
vn 0.3051 0.9509 -0.0513
vn -0.0389 0.9966 -0.0728
vn -0.1236 0.9923 -0.0006
vn -0.1090 0.9940 -0.0096
vn -0.1236 0.9923 -0.0005
vn -0.2171 0.9723 -0.0868
vn -0.0388 0.9966 -0.0728
vn -0.1848 0.9828 0.0024
vn -0.1935 0.9801 -0.0440
vn -0.3532 0.9340 -0.0537
vn -0.3118 0.9429 -0.1169
vn -0.3532 0.9340 -0.0536
vn -0.3156 0.9450 -0.0863
vn -0.4960 0.8538 -0.1580
vn -0.4968 0.8638 -0.0841
vn -0.4961 0.8538 -0.1580
vn -0.4939 0.8323 -0.2519
vn -0.2840 0.9421 -0.1781
vn -0.5688 0.7609 -0.3124
vn -0.6219 0.7747 -0.1144
vn -0.5688 0.7609 -0.3125
vn -0.5688 0.7608 -0.3125
vn -0.5687 0.7609 -0.3125
vn -0.4156 0.8908 -0.1835
vn -0.6220 0.7746 -0.1144
vn -0.5652 0.8192 -0.0973
vn -0.5767 0.8118 -0.0913
vn -0.6219 0.7747 -0.1145
vn -0.5756 0.7912 -0.2067
vn -0.4733 0.8713 -0.1298
vn -0.5779 0.7917 -0.1981
vn -0.5419 0.8180 -0.1929
vn -0.5778 0.7917 -0.1981
vn -0.6211 0.7733 -0.1273
vn -0.5545 0.8319 0.0230
vn -0.5778 0.7918 -0.1981
vn -0.5632 0.8238 -0.0635
vn -0.4702 0.8760 -0.1075
vn -0.4099 0.9073 0.0935
vn -0.5610 0.8137 -0.1521
vn -0.2914 0.9556 -0.0432
vn -0.2699 0.9622 0.0377
vn -0.2687 0.9593 -0.0873
vn -0.2699 0.9621 0.0377
vn -0.2898 0.9570 0.0127
vn -0.2687 0.9593 -0.0874
vn -0.3333 0.9390 -0.0848
vn -0.2899 0.9570 0.0127
vn -0.3023 0.9521 0.0455
vn -0.6195 0.7780 0.1045
vn -0.4972 0.8669 0.0349
vn -0.6194 0.7781 0.1045
vn -0.4306 0.8953 0.1141
vn -0.6980 0.6621 0.2728
vn -0.8051 0.5036 0.3134
vn -0.6195 0.7781 0.1045
vn -0.8739 0.4424 0.2012
vn -0.8051 0.5036 0.3135
vn -0.9313 0.2652 0.2495
vn -0.9186 0.2558 0.3013
vn -0.9313 0.2652 0.2496
vn -0.9512 0.2446 0.1884
vn -0.9313 0.2653 0.2496
vn -0.8738 0.2553 0.4140
vn -0.9511 0.2446 0.1884
vn -0.8227 0.5292 0.2079
vn -0.8737 0.2553 0.4140
vn -0.8143 0.3834 0.4357
vn -0.7382 0.6183 0.2698
vn -0.8143 0.3835 0.4357
vn -0.7850 0.5508 0.2836
vn -0.7381 0.6183 0.2699
vn -0.7382 0.6183 0.2699
vn -0.8271 0.5319 0.1815
vn -0.9200 0.3782 0.1027
vn -0.8271 0.5320 0.1816
vn -0.8271 0.5320 0.1815
vn -0.9205 0.3493 0.1751
vn -0.9317 0.3537 -0.0826
vn -0.8271 0.5319 0.1816
vn -0.8681 0.2785 0.4109
vn -0.8774 0.3139 0.3629
vn -0.8681 0.2785 0.4110
vn -0.6939 0.6656 0.2747
vn -0.8842 0.4202 0.2039
vn -0.8843 0.4202 0.2038
vn -0.8843 0.4201 0.2039
vn -0.7603 0.4519 0.4666
vn -0.6939 0.6656 0.2746
vn -0.7790 0.2791 0.5615
vn -0.8575 0.3572 0.3704
vn -0.8637 0.4142 0.2873
vn -0.8843 0.4202 0.2039
vn -0.9350 0.3181 0.1567
vn -0.9008 0.3843 0.2020
vn -0.9817 -0.0612 0.1805
vn -0.9708 0.0645 0.2312
vn -0.9187 -0.2339 0.3182
vn -0.9164 -0.1671 0.3638
vn -0.9554 -0.2419 0.1693
vn -0.9187 -0.2340 0.3182
vn -0.9164 -0.1671 0.3637
vn -0.8876 -0.3052 0.3451
vn -0.9800 -0.1699 -0.1040
vn -0.9834 -0.1634 0.0784
vn -0.9376 -0.3364 0.0877
vn -0.9834 -0.1634 0.0785
vn -0.8623 -0.5007 -0.0752
vn -0.9376 -0.3364 0.0876
vn -0.8589 -0.5030 -0.0962
vn -0.8623 -0.5007 -0.0751
vn -0.8624 -0.5007 -0.0751
vn -0.9834 -0.1738 -0.0523
vn -0.6703 -0.7413 0.0345
vn -0.8624 -0.5007 -0.0752
vn -0.8590 -0.5029 -0.0962
vn -0.7300 -0.6792 -0.0761
vn 0.6046 -0.7868 -0.1243
vn 0.6483 -0.7611 -0.0230
vn 0.6594 -0.7413 -0.1254
vn 0.6229 -0.7361 -0.2648
vn 0.7487 -0.6584 -0.0774
vn 0.6696 -0.5856 -0.4569
vn 0.9342 -0.3090 -0.1782
vn 0.6696 -0.5855 -0.4569
vn 0.8164 -0.3741 -0.4399
vn 0.8558 -0.4559 0.2444
vn 0.9139 -0.3605 -0.1864
vn 0.8164 -0.3741 -0.4400
vn 0.8773 -0.3728 -0.3022
vn 0.9139 -0.3606 -0.1864
vn 0.9623 -0.2715 -0.0138
vn 0.8947 -0.3565 -0.2691
vn 0.9623 -0.2715 -0.0137
vn 0.9168 -0.1803 0.3563
vn 0.9922 -0.1161 -0.0443
vn 0.9742 -0.0684 -0.2153
vn 0.9922 -0.1162 -0.0443
vn 0.9557 0.2911 -0.0438
vn 0.9742 -0.0683 -0.2153
vn 0.9832 0.1567 -0.0937
vn 0.9915 0.1191 0.0515
vn 0.9878 0.1406 -0.0664
vn 0.9916 0.1191 0.0515
vn 0.9362 0.2563 0.2404
vn 0.9916 0.1191 0.0514
vn 0.9762 0.1619 0.1446
vn 0.9824 0.1029 -0.1560
vn 0.9762 0.1618 0.1446
vn 0.9812 0.1709 0.0898
vn 0.9374 0.2494 -0.2430
vn 0.9259 0.1681 0.3383
vn 0.9188 0.3912 -0.0522
vn 0.9374 0.2493 -0.2430
vn 0.8480 0.4173 -0.3269
vn 0.9188 0.3911 -0.0522
vn 0.8812 0.3972 -0.2563
vn 0.8480 0.4172 -0.3269
vn 0.7981 0.4334 -0.4185
vn 0.8155 0.4521 -0.3613
vn 0.7981 0.4335 -0.4185
vn 0.7762 0.4559 -0.4354
vn 0.8028 0.4741 -0.3616
vn 0.7762 0.4560 -0.4354
vn 0.7279 0.4952 -0.4742
vn 0.7723 0.3159 -0.5512
vn 0.7280 0.4952 -0.4742
vn 0.7925 0.3253 -0.5158
vn 0.7559 0.5133 -0.4063
vn 0.8526 0.3605 -0.3782
vn 0.5411 0.8408 0.0176
vn 0.8526 0.3605 -0.3783
vn 0.7626 0.6340 -0.1281
vn 0.5410 0.8408 0.0177
vn 0.5013 0.8366 0.2210
vn 0.6377 0.7697 0.0279
vn 0.5014 0.8365 0.2210
vn 0.5411 0.8408 0.0177
vn 0.5013 0.8366 0.2209
vn 0.4520 0.8509 0.2677
vn 0.6378 0.7697 0.0279
vn 0.4331 0.9013 0.0125
vn 0.2253 0.9365 0.2688
vn 0.4330 0.9013 0.0125
vn 0.2730 0.9562 -0.1058
vn 0.2252 0.9365 0.2688
vn 0.0304 0.8738 0.4853
vn 0.2004 0.9678 -0.1520
vn -0.1156 0.8207 0.5595
vn 0.0186 0.8219 0.5694
vn 0.2004 0.9679 -0.1520
vn 0.0881 0.9956 -0.0305
vn 0.0187 0.8218 0.5694
vn 0.0187 0.8219 0.5694
vn 0.1529 0.8557 0.4943
vn -0.0548 0.9979 0.0347
vn 0.1151 0.9700 0.2141
vn -0.0887 0.9959 0.0168
vn 0.4417 0.8670 0.2307
vn 0.1840 0.9827 0.0231
vn 0.0318 0.9938 0.1067
vn 0.1840 0.9826 0.0231
vn 0.5909 0.8036 0.0717
vn 0.4123 0.9101 0.0408
vn 0.0828 0.9940 0.0715
vn 0.0061 0.9999 0.0123
vn 0.4123 0.9101 0.0407
vn -0.0559 0.9965 0.0618
vn 0.5909 0.8035 0.0717
vn -0.1903 0.9739 0.1236
vn -0.0559 0.9965 0.0617
vn -0.2124 0.9737 0.0824
vn -0.4223 0.9057 -0.0360
vn -0.6360 0.7714 -0.0205
vn -0.4223 0.9057 -0.0361
vn -0.5420 0.8180 -0.1929
vn -0.5975 0.7931 -0.1179
vn -0.3117 0.9429 -0.1169
vn -0.6359 0.7715 -0.0205
vn -0.5633 0.8238 -0.0635
vn -0.5975 0.7931 -0.1180
vn -0.6360 0.7715 -0.0205
vn -0.2442 0.9697 0.0106
vn -0.2094 0.9705 0.1192
vn -0.0064 0.9985 0.0541
vn -0.2093 0.9705 0.1192
vn -0.4332 0.9004 0.0408
vn -0.0064 0.9985 0.0540
vn -0.0999 0.9945 -0.0314
vn -0.4332 0.9004 0.0409
vn -0.6840 0.6852 0.2505
vn -0.6894 0.6990 0.1901
vn -0.2488 0.9407 -0.2305
vn -0.6839 0.6852 0.2505
vn -0.3678 0.8892 -0.2723
vn -0.1021 0.9724 -0.2098
vn -0.1608 0.9514 -0.2625
vn -0.4450 0.8521 -0.2757
vn -0.1235 0.9918 0.0324
vn -0.1236 0.9918 0.0324
vn -0.1097 0.9185 -0.3800
vn 0.1074 0.9421 -0.3177
vn -0.0154 0.8594 -0.5110
vn -0.0154 0.8594 -0.5111
vn 0.1047 0.8094 -0.5778
vn 0.1075 0.9421 -0.3176
vn 0.1075 0.9421 -0.3177
vn 0.0985 0.9778 -0.1852
vn 0.1046 0.8094 -0.5778
vn 0.2340 0.9299 -0.2837
vn -0.2640 0.9408 -0.2126
vn -0.3141 0.9465 0.0745
vn -0.1097 0.9939 0.0145
vn -0.3764 0.9216 -0.0943
vn -0.3340 0.9413 0.0479
vn -0.3765 0.9216 -0.0943
vn -0.3054 0.9520 0.0181
vn -0.3678 0.8891 -0.2723
vn -0.4918 0.8421 -0.2214
vn -0.3500 0.9302 -0.1106
vn -0.2717 0.9546 -0.1224
vn -0.4291 0.8293 -0.3579
vn -0.2718 0.9545 -0.1224
vn -0.3055 0.9520 0.0181
vn -0.2717 0.9545 -0.1224
vn -0.2763 0.9599 0.0474
vn -0.3793 0.9121 -0.1556
vn -0.4291 0.8293 -0.3580
vn -0.3794 0.9121 -0.1555
vn -0.3805 0.8355 -0.3964
vn -0.4918 0.8421 -0.2213
vn -0.5038 0.7748 -0.3819
vn -0.2907 0.8684 -0.4018
vn -0.5159 0.6808 -0.5199
vn -0.1422 0.9350 -0.3250
vn -0.1007 0.9115 -0.3988
vn -0.2345 0.8871 -0.3975
vn -0.4277 0.7905 -0.4385
vn -0.4784 0.7898 -0.3839
vn -0.4277 0.7905 -0.4384
vn -0.6226 0.5110 -0.5926
vn -0.8091 0.5106 -0.2910
vn -0.6226 0.5111 -0.5926
vn -0.7539 0.1334 -0.6433
vn -0.8091 0.5106 -0.2909
vn -0.9299 0.2860 -0.2311
vn -0.6668 0.2508 -0.7018
vn -0.6263 0.5843 -0.5162
vn -0.4329 0.3695 -0.8222
vn -0.6403 0.2716 -0.7185
vn -0.6088 0.4920 -0.6224
vn -0.6437 0.3370 -0.6871
vn -0.8061 0.4491 -0.3855
vn -0.8710 0.1461 -0.4691
vn -0.8061 0.4490 -0.3855
vn -0.8060 0.4491 -0.3855
vn -0.9217 0.2192 -0.3200
vn -0.9281 0.1187 -0.3530
vn -0.7864 0.6089 -0.1040
vn -0.8992 0.3823 0.2128
vn -0.9624 0.1289 -0.2389
vn -0.7867 0.6043 0.1262
vn -0.8205 0.5253 0.2253
vn -0.7423 0.6617 -0.1051
vn -0.7285 0.6246 -0.2814
vn -0.7625 0.6194 0.1867
vn -0.7678 0.6257 0.1377
vn -0.7625 0.6195 0.1867
vn -0.7662 0.6294 0.1296
vn -0.7678 0.6257 0.1376
vn -0.6241 0.7733 0.1114
vn -0.7662 0.6294 0.1295
vn -0.7293 0.6634 0.1674
vn -0.4657 0.8558 0.2250
vn -0.5802 0.8144 0.0084
vn -0.7725 0.6250 -0.1125
vn -0.3891 0.9073 0.1590
vn -0.4657 0.8559 0.2250
vn -0.3892 0.9074 0.1590
vn -0.2555 0.9664 0.0284
vn -0.3891 0.9074 0.1590
vn -0.4427 0.8831 -0.1555
vn -0.2555 0.9664 0.0283
vn -0.1624 0.9867 0.0025
vn -0.4428 0.8830 -0.1556
vn -0.2470 0.9685 0.0318
vn -0.3387 0.9408 -0.0109
vn -0.4147 0.9060 0.0844
vn -0.4922 0.8672 0.0753
vn -0.5381 0.8394 0.0765
vn -0.6558 0.7424 -0.1368
vn -0.4427 0.8831 -0.1556
vn -0.6803 0.6655 -0.3071
vn -0.8116 0.5516 -0.1923
vn -0.7157 0.6248 -0.3121
vn -0.8116 0.5516 -0.1924
vn -0.7733 0.6313 0.0583
vn -0.8945 0.4321 0.1148
vn -0.8117 0.5516 -0.1923
vn -0.8776 0.4761 -0.0569
vn -0.7733 0.6314 0.0583
vn -0.8739 0.4425 0.2012
vn -0.4972 0.8669 0.0350
vn -0.8768 0.4390 0.1965
vn -0.8776 0.4761 -0.0568
vn -0.8192 0.5604 0.1220
vn -0.8768 0.4389 0.1965
vn -0.8289 0.4749 0.2956
vn -0.8192 0.5604 0.1219
vn -0.8059 0.5592 0.1943
vn -0.8858 0.3681 0.2825
vn -0.7253 0.6131 0.3131
vn -0.7530 0.4991 0.4289
vn -0.7850 0.5508 0.2837
vn -0.7884 0.5577 0.2595
vn -0.7017 0.6910 0.1738
vn -0.7884 0.5577 0.2596
vn -0.9087 0.3187 0.2697
vn -0.7790 0.2791 0.5616
vn -0.9432 0.3323 -0.0016
vn -0.8598 0.5029 -0.0888
vn -0.9217 0.3172 0.2233
vn -0.9009 0.3843 0.2019
vn -0.9087 0.3187 0.2696
vn -0.9256 0.2498 -0.2845
vn -0.8845 0.3603 -0.2964
vn -0.9530 0.3012 0.0337
vn -0.9217 0.3172 0.2234
vn -0.9585 0.1350 -0.2510
vn -0.9833 0.0941 0.1556
vn -0.9146 -0.1450 -0.3776
vn -0.9833 0.0940 0.1556
vn -0.9796 -0.1996 -0.0241
vn -0.8667 -0.3044 -0.3952
vn -0.9328 -0.3325 0.1389
vn -0.9074 -0.2300 -0.3519
vn -0.9328 -0.3324 0.1389
vn -0.9329 -0.3324 0.1389
vn -0.8814 -0.4570 0.1200
vn -0.9074 -0.2299 -0.3519
vn -0.9058 -0.3704 -0.2056
vn -0.8814 -0.4569 0.1200
vn -0.8323 -0.5540 -0.0201
vn -0.9059 -0.3704 -0.2056
vn -0.7874 -0.6110 -0.0818
vn -0.6766 -0.7258 -0.1243
vn -0.7874 -0.6110 -0.0819
vn -0.6150 -0.7858 -0.0651
vn 0.8489 -0.4245 -0.3148
vn 0.8102 -0.5388 -0.2308
vn 0.7569 -0.5926 -0.2756
vn 0.7568 -0.5926 -0.2756
vn 0.8429 -0.4330 -0.3195
vn 0.8490 -0.4245 -0.3148
vn 0.7301 -0.4599 -0.5055
vn 0.8739 -0.3180 -0.3678
vn 0.6229 -0.7362 -0.2647
vn 0.7301 -0.4599 -0.5054
vn 0.6229 -0.7361 -0.2647
vn 0.7066 -0.4511 -0.5451
vn 0.8739 -0.3180 -0.3677
vn 0.8063 -0.4380 -0.3976
vn 0.7678 -0.4470 -0.4590
vn 0.7765 -0.4329 -0.4580
vn 0.7678 -0.4471 -0.4590
vn 0.7971 -0.3366 -0.5014
vn 0.7765 -0.4328 -0.4580
vn 0.7457 -0.4814 -0.4606
vn 0.7971 -0.3365 -0.5014
vn 0.8773 -0.3729 -0.3022
vn 0.8902 -0.3032 -0.3400
vn 0.7457 -0.4815 -0.4606
vn 0.8379 -0.3879 -0.3840
vn 0.8902 -0.3032 -0.3399
vn 0.9744 0.0792 -0.2104
vn 0.8379 -0.3878 -0.3840
vn 0.9490 -0.0273 -0.3142
vn 0.9800 0.1319 -0.1487
vn 0.9489 -0.0273 -0.3143
vn 0.9473 0.0676 -0.3132
vn 0.9801 0.1319 -0.1487
vn 0.9801 0.1319 -0.1486
vn 0.9832 0.1567 -0.0938
vn 0.9744 0.1787 -0.1366
vn 0.9316 0.1403 -0.3352
vn 0.9878 0.1405 -0.0664
vn 0.9453 0.2603 -0.1967
vn 0.9316 0.1403 -0.3353
vn 0.8544 0.3135 -0.4143
vn 0.8355 0.5038 -0.2193
vn 0.8544 0.3136 -0.4143
vn 0.7206 0.5031 -0.4771
vn 0.7562 0.5643 -0.3313
vn 0.6398 0.6080 -0.4702
vn 0.7562 0.5643 -0.3312
vn 0.7517 0.4592 -0.4734
vn 0.6796 0.5612 -0.4725
vn 0.7981 0.4334 -0.4186
vn 0.7059 0.5090 -0.4925
vn 0.6795 0.5612 -0.4725
vn 0.8276 0.4341 -0.3558
vn 0.7059 0.5090 -0.4926
vn 0.8640 0.4128 -0.2882
vn 0.9039 0.3648 -0.2234
vn 0.8640 0.4127 -0.2883
vn 0.8837 0.3158 -0.3456
vn 0.9039 0.3649 -0.2234
vn 0.8768 0.4562 -0.1521
vn 0.8837 0.3157 -0.3456
vn 0.7878 0.5293 -0.3150
vn 0.8768 0.4562 -0.1522
vn 0.7927 0.5866 -0.1657
vn 0.7878 0.5293 -0.3149
vn 0.6616 0.6952 -0.2810
vn 0.5979 0.7351 -0.3196
vn 0.3643 0.8670 -0.3400
vn 0.6616 0.6953 -0.2810
vn 0.5978 0.7351 -0.3196
vn 0.2579 0.8676 -0.4252
vn 0.3643 0.8670 -0.3401
vn 0.0657 0.9168 -0.3938
vn 0.2579 0.8676 -0.4253
vn 0.0296 0.9086 -0.4166
vn 0.0832 0.8443 -0.5294
vn -0.0378 0.9112 -0.4102
vn 0.0832 0.8447 -0.5288
vn 0.0657 0.9168 -0.3939
vn 0.0833 0.8447 -0.5288
vn 0.0874 0.8129 -0.5758
vn 0.0833 0.8447 -0.5287
vn -0.0377 0.9112 -0.4102
vn 0.0565 0.8654 -0.4980
vn 0.0565 0.8653 -0.4980
vn -0.0332 0.9637 -0.2649
vn 0.0565 0.8654 -0.4979
vn 0.0004 0.9458 -0.3246
vn -0.0331 0.9637 -0.2649
vn -0.0332 0.9637 -0.2650
vn 0.2340 0.9299 -0.2838
vn 0.1980 0.9779 -0.0664
vn 0.0905 0.9754 -0.2011
vn 0.1980 0.9780 -0.0664
vn 0.3366 0.9373 0.0905
vn 0.1637 0.9683 -0.1887
vn 0.3066 0.9498 -0.0625
vn -0.1132 0.9607 -0.2535
vn 0.0985 0.9777 -0.1852
vn -0.0680 0.9476 -0.3122
vn 0.0543 0.9255 -0.3749
vn -0.2526 0.9659 -0.0560
vn -0.0680 0.9476 -0.3121
vn -0.1882 0.9436 -0.2725
vn -0.2526 0.9659 -0.0559
vn -0.4041 0.8528 -0.3308
vn -0.3500 0.9302 -0.1105
vn -0.3911 0.7423 -0.5441
vn -0.2282 0.8724 -0.4322
vn -0.5159 0.6809 -0.5199
vn -0.4895 0.7401 -0.4611
vn -0.3124 0.8590 -0.4055
vn -0.4896 0.7401 -0.4611
vn -0.4160 0.8006 -0.4313
vn -0.5141 0.8119 -0.2766
vn -0.5257 0.8156 -0.2418
vn -0.5142 0.8119 -0.2766
vn -0.2345 0.8871 -0.3976
vn -0.4065 0.8488 -0.3380
vn -0.5788 0.7419 -0.3385
vn -0.4066 0.8488 -0.3380
vn -0.6005 0.7597 -0.2496
vn -0.5788 0.7419 -0.3384
vn -0.1219 0.8790 -0.4611
vn -0.3849 0.8202 -0.4232
vn -0.1219 0.8789 -0.4611
vn -0.2505 0.8189 -0.5164
vn -0.2710 0.8361 -0.4770
vn -0.6388 0.6442 -0.4207
vn -0.2505 0.8189 -0.5165
vn -0.4201 0.7264 -0.5439
vn -0.8812 0.4059 -0.2424
vn -0.4201 0.7264 -0.5440
vn -0.6961 0.5334 -0.4806
vn -0.8811 0.4060 -0.2424
vn -0.9142 0.3711 -0.1626
vn -0.6961 0.5335 -0.4806
vn -0.8488 0.3965 -0.3498
vn -0.9300 0.2860 -0.2311
vn -0.9135 0.3630 -0.1836
vn -0.9300 0.2859 -0.2311
vn -0.7965 0.4636 -0.3880
vn -0.9225 0.3505 -0.1617
vn -0.9135 0.3630 -0.1837
vn -0.6403 0.2715 -0.7185
vn -0.8944 0.3474 -0.2818
vn -0.8944 0.3473 -0.2818
vn -0.8840 0.3758 -0.2782
vn -0.9225 0.3505 -0.1618
vn -0.9453 0.2521 -0.2069
vn -0.9453 0.2521 -0.2068
vn -0.7768 0.4442 -0.4464
vn -0.8867 0.4614 0.0297
vn -0.8680 0.4522 -0.2053
vn -0.8166 0.4667 -0.3397
vn -0.8166 0.4666 -0.3397
vn -0.6548 0.5456 -0.5231
vn -0.6548 0.5456 -0.5230
vn -0.4613 0.6636 -0.5889
vn -0.6960 0.5335 -0.4806
vn -0.4613 0.6637 -0.5889
vn -0.3799 0.8459 -0.3743
vn -0.4722 0.8560 -0.2104
vn -0.4722 0.8560 -0.2105
vn -0.6064 0.7588 -0.2376
vn -0.6597 0.7034 -0.2645
vn -0.6005 0.7596 -0.2497
vn -0.6492 0.7294 -0.2156
vn -0.6005 0.7596 -0.2496
vn -0.6326 0.7590 -0.1542
vn -0.6492 0.7294 -0.2155
vn -0.5556 0.8159 -0.1603
vn -0.4825 0.8737 -0.0616
vn -0.2313 0.9728 -0.0147
vn -0.1854 0.9808 0.0606
vn 0.0545 0.9974 0.0468
vn -0.1855 0.9808 0.0606
vn 0.0385 0.9959 0.0817
vn 0.2371 0.9714 0.0128
vn 0.1623 0.9866 0.0154
vn 0.3259 0.9380 -0.1186
vn 0.1624 0.9866 0.0154
vn 0.2687 0.9608 -0.0692
vn 0.4400 0.8638 -0.2454
vn 0.3258 0.9380 -0.1186
vn 0.2687 0.9607 -0.0692
vn 0.4262 0.8845 -0.1897
vn 0.5505 0.7794 -0.2990
vn 0.4263 0.8845 -0.1897
vn 0.4923 0.7515 -0.4392
vn 0.5505 0.7795 -0.2990
vn 0.6206 0.7112 -0.3302
vn 0.4768 0.6657 -0.5741
vn 0.5996 0.6582 -0.4553
vn 0.4768 0.6656 -0.5741
vn 0.5212 0.6805 -0.5151
vn 0.6140 0.5261 -0.5884
vn 0.5211 0.6805 -0.5151
vn 0.6795 0.5652 -0.4678
vn 0.7717 0.3019 -0.5598
vn 0.6795 0.5652 -0.4679
vn 0.8715 0.3112 -0.3791
vn 0.8592 0.2225 -0.4607
vn 0.9685 0.1370 -0.2081
vn 0.9738 0.1046 -0.2018
vn 0.9984 0.0096 -0.0562
vn 0.9996 0.0095 -0.0261
vn 0.9738 0.1045 -0.2018
vn 0.9934 -0.1080 0.0374
vn 0.9996 0.0095 -0.0262
vn 0.9849 -0.0559 0.1637
vn 0.9925 -0.1070 0.0582
vn 0.9481 0.0416 0.3153
vn 0.9925 -0.1071 0.0582
vn 0.9957 0.0896 0.0220
vn 0.9179 0.1711 0.3581
vn 0.9481 0.0416 0.3154
vn 0.9957 0.0896 0.0221
vn 0.9346 0.3500 -0.0636
vn 0.9728 0.2291 0.0356
vn 0.9380 0.2922 -0.1864
vn 0.9741 0.0246 -0.2246
vn 0.9728 0.2290 0.0356
vn 0.9576 0.0472 -0.2842
vn 0.9406 -0.0320 -0.3380
vn 0.9482 -0.0231 -0.3167
vn 0.9275 0.1037 -0.3591
vn 0.9441 0.1109 -0.3104
vn 0.8700 0.2818 -0.4047
vn 0.9275 0.1038 -0.3591
vn 0.9040 0.2934 -0.3109
vn 0.8700 0.2817 -0.4047
vn 0.8362 0.3039 -0.4565
vn 0.9078 0.2854 -0.3074
vn 0.9441 0.1795 -0.2764
vn 0.9422 0.1793 -0.2830
vn 0.9441 0.1795 -0.2765
vn -0.9748 -0.2170 -0.0509
vn -0.9159 -0.3758 -0.1415
vn -0.9236 -0.3413 0.1744
vn -0.9492 -0.1765 0.2606
vn -0.9897 0.0339 0.1389
vn -0.9492 -0.1766 0.2606
vn -0.9562 0.0137 0.2925
vn -0.9897 0.0338 0.1389
vn -0.9793 0.1760 0.0999
vn -0.9562 0.0136 0.2925
vn -0.9472 0.1506 0.2831
vn -0.9235 0.3206 0.2105
vn -0.9093 0.3165 0.2700
vn -0.9709 0.2396 -0.0066
vn -0.9472 0.1507 0.2831
vn -0.9751 0.1515 0.1620
vn -0.9708 0.2396 -0.0066
vn -0.9989 0.0463 -0.0100
vn -0.9612 0.2669 -0.0695
vn -0.9822 0.1807 -0.0509
vn -0.9646 0.2508 -0.0815
vn -0.9989 0.0463 -0.0099
vn -0.9051 0.3365 -0.2599
vn -0.9646 0.2508 -0.0814
vn -0.9395 0.3034 -0.1591
vn -0.9051 0.3365 -0.2598
vn -0.9864 -0.1329 -0.0969
vn -0.9197 0.1140 -0.3756
vn -0.9282 -0.3283 -0.1750
vn -0.9198 0.1139 -0.3756
vn -0.9137 -0.0796 -0.3985
vn -0.9557 0.0916 -0.2796
vn -0.9715 -0.0142 -0.2368
vn -0.9338 -0.1919 -0.3018
vn -0.9715 -0.0141 -0.2368
vn -0.8846 0.2595 -0.3874
vn -0.8846 0.2595 -0.3875
vn -0.7580 0.4225 -0.4969
vn -0.7847 0.2966 -0.5444
vn -0.9459 0.0551 -0.3198
vn -0.8053 0.3636 -0.4683
vn -0.6839 0.2268 -0.6934
vn -0.6839 0.2268 -0.6935
vn -0.8072 0.0517 -0.5879
vn -0.8053 0.3636 -0.4682
vn -0.7847 0.2965 -0.5444
vn -0.8107 0.1940 -0.5523
vn -0.8072 0.0518 -0.5879
vn -0.8073 0.0517 -0.5879
vn -0.5630 0.3355 -0.7553
vn -0.6437 0.3370 -0.6870
vn -0.8108 0.1940 -0.5523
vn -0.5629 0.3355 -0.7554
vn -0.8831 0.2063 -0.4214
vn -0.8831 0.2063 -0.4213
vn -0.9281 0.1188 -0.3529
vn -0.9551 0.0829 -0.2846
vn -0.9207 -0.1332 -0.3669
vn -0.9281 0.1188 -0.3530
vn -0.9460 0.1921 -0.2610
vn -0.9677 0.1171 -0.2234
vn -0.9921 0.0337 -0.1209
vn -0.9677 0.1170 -0.2234
vn -0.9624 0.1288 -0.2390
vn -0.9792 0.1933 -0.0610
vn -0.9625 0.1289 -0.2389
vn -0.9281 0.1187 -0.3529
vn -0.9283 0.3695 -0.0418
vn -0.9847 0.1026 -0.1409
vn -0.9283 0.3695 -0.0417
vn -0.8274 0.4051 0.3890
vn -0.8527 0.4706 -0.2268
vn -0.8274 0.4052 0.3890
vn -0.9181 0.3824 -0.1042
vn -0.8195 0.5267 -0.2257
vn -0.8403 0.5265 0.1288
vn -0.8196 0.5267 -0.2257
vn -0.7330 0.6802 0.0127
vn -0.8145 0.5785 -0.0437
vn -0.8404 0.5265 0.1288
vn -0.7329 0.6802 0.0127
vn -0.7293 0.6556 -0.1957
vn -0.6241 0.7733 0.1115
vn -0.6167 0.7454 -0.2530
vn -0.7292 0.6557 -0.1957
vn -0.7377 0.5576 -0.3805
vn -0.6347 0.7553 -0.1636
vn -0.7157 0.6249 -0.3121
vn -0.6347 0.7553 -0.1637
vn -0.5946 0.7894 -0.1528
vn -0.6346 0.7553 -0.1637
vn -0.7520 0.6434 -0.1437
vn -0.7520 0.6433 -0.1437
vn -0.7883 0.6118 -0.0649
vn -0.6384 0.6927 -0.3356
vn -0.7883 0.6118 -0.0650
vn -0.6384 0.6927 -0.3355
vn -0.5575 0.7917 -0.2499
vn -0.8059 0.5592 0.1942
vn -0.6346 0.6466 -0.4233
vn -0.5918 0.7551 -0.2823
vn -0.8598 0.5029 -0.0887
vn -0.7475 0.4488 -0.4897
vn -0.7017 0.6910 0.1739
vn -0.7658 0.4034 -0.5008
vn -0.7476 0.4488 -0.4896
vn -0.6754 0.6024 -0.4253
vn -0.7475 0.4488 -0.4896
vn -0.7798 0.2803 -0.5597
vn -0.7788 0.3005 -0.5506
vn -0.8288 0.2142 -0.5169
vn -0.8974 0.1402 -0.4182
vn -0.7789 0.3005 -0.5505
vn -0.8818 0.1388 -0.4508
vn -0.8975 0.1402 -0.4182
vn -0.7799 0.2803 -0.5597
vn -0.9256 0.2497 -0.2845
vn -0.8465 -0.0085 -0.5323
vn -0.8873 -0.0803 -0.4542
vn -0.8465 -0.0084 -0.5323
vn -0.9256 0.2497 -0.2844
vn -0.7728 -0.2457 -0.5852
vn -0.8872 -0.0803 -0.4543
vn -0.7947 -0.2362 -0.5592
vn -0.7727 -0.2457 -0.5852
vn -0.8069 -0.2231 -0.5469
vn -0.8236 -0.1828 -0.5369
vn -0.9146 -0.1450 -0.3775
vn -0.8069 -0.2231 -0.5470
vn -0.9146 -0.1451 -0.3775
vn -0.8971 -0.2455 -0.3673
vn -0.8181 -0.1344 -0.5591
vn -0.8972 -0.2455 -0.3672
vn -0.8971 -0.2455 -0.3672
vn -0.8739 -0.1665 -0.4566
vn -0.8181 -0.1345 -0.5591
vn -0.7835 -0.1548 -0.6018
vn -0.8740 -0.1665 -0.4566
vn -0.7835 -0.1549 -0.6018
vn -0.9059 -0.3703 -0.2056
vn -0.6873 -0.1214 -0.7162
vn -0.5987 -0.1038 -0.7942
vn -0.6873 -0.1213 -0.7162
vn -0.7801 -0.2518 -0.5727
vn -0.7801 -0.2518 -0.5728
vn -0.6272 -0.2938 -0.7213
vn -0.5987 -0.1038 -0.7943
vn -0.7762 -0.0920 -0.6237
vn -0.4677 -0.0404 -0.8829
vn -0.3541 -0.1513 -0.9229
vn -0.4677 -0.0404 -0.8830
vn -0.6915 0.2222 -0.6874
vn -0.7959 0.0855 -0.5994
vn -0.4677 -0.0403 -0.8830
vn -0.3540 -0.1513 -0.9229
vn -0.6347 -0.1876 -0.7497
vn -0.7959 0.0854 -0.5993
vn -0.9399 0.1229 -0.3185
vn -0.9095 0.0772 -0.4085
vn -0.8957 0.1549 -0.4168
vn -0.9396 0.0080 -0.3422
vn -0.9095 0.0773 -0.4085
vn -0.9488 -0.0182 -0.3154
vn -0.9212 -0.0572 -0.3850
vn -0.9212 -0.0572 -0.3849
vn -0.8680 0.1509 -0.4730
vn -0.8800 -0.2458 -0.4066
vn -0.7959 0.0855 -0.5993
vn -0.8799 -0.2458 -0.4066
vn -0.8799 -0.2458 -0.4065
vn -0.9315 -0.2091 -0.2977
vn -0.9072 -0.2408 -0.3451
vn -0.9472 -0.1413 -0.2879
vn -0.8913 -0.2025 -0.4056
vn -0.8053 -0.2399 -0.5422
vn -0.8914 -0.2025 -0.4056
vn -0.8914 -0.2025 -0.4055
vn -0.9504 -0.1940 -0.2430
vn -0.9663 -0.1358 -0.2189
vn -0.9662 -0.1358 -0.2189
vn -0.9295 -0.3090 -0.2013
vn -0.9116 -0.1572 -0.3799
vn -0.9371 -0.1905 -0.2925
vn -0.9899 -0.0862 -0.1127
vn -0.9826 -0.1854 -0.0065
vn -0.9042 -0.2677 -0.3328
vn -0.9371 -0.1904 -0.2925
vn -0.8810 -0.3720 -0.2923
vn -0.9460 -0.2642 -0.1877
vn -0.9898 -0.0846 -0.1142
vn -0.9747 -0.2161 -0.0570
vn -0.9747 -0.2161 -0.0571
vn -0.9925 -0.1197 -0.0258
vn -0.9502 -0.1032 -0.2939
vn -0.9000 -0.1776 -0.3981
vn -0.9952 -0.0647 -0.0741
vn -0.9747 -0.2160 -0.0571
vn -0.9603 -0.1970 -0.1975
vn -0.9333 0.0260 -0.3582
vn -0.9847 0.1025 -0.1410
vn -0.9847 0.1025 -0.1409
vn -0.8763 -0.0856 -0.4741
vn -0.9333 0.0260 -0.3581
vn -0.9000 -0.1777 -0.3981
vn -0.8709 0.2696 -0.4109
vn -0.8763 -0.0857 -0.4741
vn -0.8860 0.1098 -0.4505
vn -0.8709 0.2697 -0.4109
vn -0.8709 0.2697 -0.4108
vn -0.7180 0.5974 -0.3572
vn -0.8876 0.3532 -0.2956
vn -0.7180 0.5974 -0.3571
vn -0.8527 0.4705 -0.2268
vn -0.7812 0.5988 -0.1766
vn -0.8876 0.3531 -0.2956
vn -0.7525 0.6408 -0.1518
vn -0.7096 0.6849 -0.1654
vn -0.6755 0.6024 -0.4253
vn -0.5918 0.7551 -0.2822
vn -0.7097 0.6849 -0.1654
vn -0.6755 0.6024 -0.4252
vn -0.8288 0.2142 -0.5168
vn -0.9351 0.1871 -0.3009
vn -0.8288 0.2143 -0.5169
vn -0.9310 0.0011 -0.3650
vn -0.7646 0.2238 -0.6044
vn -0.8122 0.0784 -0.5781
vn -0.7647 0.2238 -0.6044
vn -0.7028 0.0338 -0.7106
vn -0.7646 0.2237 -0.6044
vn -0.8121 0.0784 -0.5782
vn -0.8122 0.0784 -0.5782
vn -0.6183 0.0009 -0.7859
vn -0.7028 0.0337 -0.7106
vn -0.7647 0.2237 -0.6044
vn -0.8694 -0.0940 -0.4851
vn -0.6095 -0.1068 -0.7856
vn -0.8180 -0.2905 -0.4965
vn -0.8694 -0.0940 -0.4850
vn -0.6167 -0.2819 -0.7350
vn -0.6272 -0.2939 -0.7213
vn -0.2877 -0.2297 -0.9298
vn -0.4084 -0.1808 -0.8947
vn -0.6166 -0.2819 -0.7350
vn -0.3541 -0.1514 -0.9229
vn -0.4698 -0.3111 -0.8261
vn -0.4699 -0.3111 -0.8261
vn -0.8053 -0.2398 -0.5422
vn -0.8800 -0.2458 -0.4065
vn -0.4084 -0.1807 -0.8947
vn -0.5092 -0.2363 -0.8276
vn -0.5092 -0.2364 -0.8276
vn -0.6184 0.0009 -0.7859
vn -0.8857 -0.0478 -0.4618
vn -0.6183 0.0008 -0.7859
vn -0.8963 -0.0426 -0.4413
vn -0.8963 -0.0426 -0.4414
vn -0.8349 -0.2793 -0.4743
vn -0.8810 -0.3719 -0.2923
vn -0.8349 -0.2793 -0.4744
vn -0.9790 -0.0834 -0.1860
vn -0.9790 -0.0834 -0.1859
vn -0.9563 -0.0225 -0.2917
vn -0.9338 -0.1919 -0.3019
vn -0.9953 -0.0871 -0.0425
vn -0.9503 -0.2656 0.1624
vn -0.9562 -0.0225 -0.2917
vn -0.9703 0.0416 -0.2383
vn -0.9503 -0.2656 0.1625
vn -0.9138 -0.4055 -0.0245
vn -0.9759 -0.1190 0.1828
vn -0.9667 -0.0831 0.2419
vn -0.9766 -0.1179 0.1800
vn -0.9138 -0.4055 -0.0244
vn -0.9805 -0.1164 -0.1585
vn -0.9969 -0.0702 0.0343
vn -0.9725 -0.0458 0.2285
vn -0.9557 -0.0478 -0.2905
vn -0.9591 0.1101 -0.2607
vn -0.9910 -0.0833 0.1046
vn -0.9591 0.1100 -0.2607
vn -0.8456 0.1930 -0.4978
vn -0.9283 0.1161 -0.3532
vn -0.8456 0.1930 -0.4977
vn -0.9607 0.1285 -0.2460
vn -0.9657 -0.0610 -0.2522
vn -0.9396 0.0080 -0.3421
vn -0.9396 0.0081 -0.3422
vn -0.9870 -0.0901 -0.1333
vn -0.9476 0.0817 -0.3088
vn -0.9062 -0.1505 -0.3951
vn -0.9658 -0.0610 -0.2522
vn -0.9094 -0.1021 -0.4033
vn -0.9094 -0.1022 -0.4032
vn -0.9094 -0.1021 -0.4032
vn -0.8288 -0.0682 -0.5553
vn -0.8554 -0.4731 -0.2110
vn -0.9870 -0.0900 -0.1333
vn -0.9711 -0.1754 -0.1619
vn 0.9382 -0.3280 -0.1100
vn 0.8792 -0.4638 -0.1090
vn 0.8355 -0.5473 0.0482
vn 0.8355 -0.5474 0.0482
vn 0.8872 -0.4544 0.0805
vn 0.9382 -0.3281 -0.1100
vn 0.9337 -0.3508 -0.0720
vn 0.8872 -0.4543 0.0805
vn 0.9741 -0.2227 0.0393
vn 0.9126 -0.3513 -0.2092
vn 0.9875 -0.1330 -0.0850
vn 0.8626 -0.3392 -0.3753
vn 0.9188 -0.3831 -0.0947
vn 0.8288 -0.4866 -0.2761
vn 0.9189 -0.3831 -0.0947
vn 0.9139 -0.3786 -0.1466
vn 0.8289 -0.4866 -0.2761
vn 0.7880 -0.3722 -0.4905
vn 0.9443 -0.0972 -0.3145
vn 0.8651 0.0238 -0.5011
vn 0.9443 -0.0971 -0.3145
vn 0.8835 0.0324 -0.4674
vn 0.8650 0.0238 -0.5012
vn 0.7880 -0.3721 -0.4905
vn 0.8650 0.0238 -0.5011
vn 0.9489 -0.0273 -0.3142
vn 0.8541 0.1478 -0.4986
vn 0.8834 0.0324 -0.4674
vn 0.8671 0.0752 -0.4925
vn 0.8541 0.1478 -0.4987
vn 0.8650 0.0239 -0.5011
vn 0.8453 0.1624 -0.5089
vn 0.9008 0.1852 -0.3927
vn 0.8454 0.1624 -0.5089
vn 0.7522 0.4139 -0.5127
vn 0.9008 0.1853 -0.3927
vn 0.9130 0.3395 -0.2261
vn 0.7522 0.4138 -0.5127
vn 0.7527 0.4363 -0.4930
vn 0.9261 0.3740 -0.0496
vn 0.7528 0.4363 -0.4930
vn 0.7528 0.4363 -0.4929
vn 0.7653 0.5491 -0.3358
vn 0.9029 0.4263 0.0552
vn 0.8282 0.5222 -0.2034
vn 0.8392 0.5438 -0.0110
vn 0.8439 0.5070 -0.1751
vn 0.8392 0.5438 -0.0109
vn 0.8392 0.5437 -0.0109
vn 0.8246 0.5578 -0.0939
vn 0.8440 0.5070 -0.1751
vn 0.9033 0.3664 -0.2232
vn 0.9033 0.4238 0.0667
vn 0.9033 0.3665 -0.2232
vn 0.9039 0.3649 -0.2235
vn 0.9425 0.3266 -0.0707
vn 0.9033 0.4238 0.0668
vn 0.9068 0.4046 0.1181
vn 0.7613 0.6474 -0.0360
vn 0.5297 0.8389 -0.1255
vn 0.7613 0.6474 -0.0359
vn 0.7892 0.6088 -0.0811
vn 0.7928 0.5866 -0.1657
vn 0.1699 0.9358 -0.3088
vn 0.5296 0.8389 -0.1255
vn 0.0564 0.9648 -0.2568
vn 0.1700 0.9358 -0.3088
vn 0.0419 0.9457 -0.3223
vn 0.0564 0.9648 -0.2567
vn 0.0028 0.9518 -0.3068
vn 0.0905 0.9754 -0.2010
vn 0.0004 0.9982 -0.0592
vn 0.0994 0.9809 -0.1672
vn 0.2327 0.9594 -0.1591
vn 0.1982 0.9711 -0.1333
vn 0.2328 0.9594 -0.1591
vn 0.0207 0.9910 -0.1319
vn 0.3067 0.9498 -0.0624
vn 0.1982 0.9711 -0.1332
vn 0.2853 0.9358 -0.2073
vn 0.3067 0.9498 -0.0625
vn 0.1461 0.8991 -0.4126
vn 0.2081 0.9431 -0.2592
vn -0.0268 0.8854 -0.4641
vn 0.0065 0.9458 -0.3246
vn 0.1461 0.8991 -0.4127
vn 0.1233 0.9381 -0.3238
vn 0.0220 0.9036 -0.4278
vn 0.0041 0.9531 -0.3027
vn 0.0042 0.9531 -0.3027
vn -0.3124 0.8591 -0.4055
vn -0.2282 0.8724 -0.4323
vn -0.1069 0.9921 -0.0654
vn 0.0440 0.9989 -0.0164
vn -0.3713 0.9148 -0.1588
vn -0.4825 0.8738 -0.0616
vn -0.1069 0.9921 -0.0655
vn 0.0386 0.9959 0.0816
vn 0.0385 0.9959 0.0816
vn 0.0350 0.9975 -0.0619
vn 0.0349 0.9975 -0.0619
vn 0.0350 0.9975 -0.0618
vn 0.1809 0.9822 -0.0510
vn 0.1233 0.9381 -0.3237
vn 0.0668 0.9745 -0.2141
vn 0.0920 0.9878 -0.1252
vn 0.0921 0.9878 -0.1252
vn 0.1280 0.9784 -0.1624
vn 0.0920 0.9879 -0.1252
vn 0.1240 0.9609 -0.2475
vn 0.2043 0.9393 -0.2757
vn 0.2042 0.9393 -0.2757
vn 0.2000 0.9668 -0.1590
vn 0.0921 0.9879 -0.1252
vn 0.0207 0.9910 -0.1320
vn 0.2035 0.9262 -0.3175
vn 0.5340 0.7882 -0.3061
vn 0.2035 0.9262 -0.3176
vn 0.2034 0.9262 -0.3175
vn 0.4580 0.8707 -0.1792
vn 0.6912 0.6598 -0.2948
vn 0.7656 0.5974 -0.2386
vn 0.5340 0.7881 -0.3061
vn 0.6061 0.6007 -0.5212
vn 0.5015 0.6776 -0.5379
vn 0.6917 0.4956 -0.5253
vn 0.1976 0.9202 -0.3380
vn 0.1976 0.9202 -0.3379
vn 0.8122 0.4576 -0.3617
vn 0.6917 0.4957 -0.5253
vn 0.9120 0.2260 -0.3423
vn 0.9477 0.0990 -0.3034
vn 0.9588 0.1854 -0.2154
vn 0.8072 0.4329 -0.4014
vn 0.8072 0.4328 -0.4014
vn 0.8654 -0.0194 -0.5007
vn 0.9520 -0.0516 -0.3018
vn 0.9700 0.0090 -0.2430
vn 0.7805 -0.0766 -0.6204
vn 0.6812 0.4407 -0.5846
vn 0.7884 -0.3259 -0.5217
vn 0.9715 -0.0498 -0.2320
vn 0.9864 -0.0309 -0.1614
vn 0.6793 -0.4046 -0.6122
vn 0.8098 -0.1405 -0.5696
vn 0.6262 -0.2626 -0.7341
vn 0.8750 -0.0834 -0.4768
vn 0.4964 0.1175 -0.8601
vn 0.8157 0.2006 -0.5426
vn 0.4963 0.1175 -0.8601
vn 0.1777 0.1440 -0.9735
vn 0.0224 0.0533 -0.9983
vn 0.4149 -0.0745 -0.9068
vn 0.1723 0.2015 -0.9642
vn 0.3011 0.4006 -0.8654
vn 0.0960 0.2054 -0.9740
vn 0.0961 0.2054 -0.9740
vn 0.0542 0.1012 -0.9934
vn 0.0555 0.1534 -0.9866
vn 0.5463 0.1580 -0.8225
vn 0.5013 0.2552 -0.8268
vn 0.5463 0.1581 -0.8226
vn 0.6446 0.1361 -0.7523
vn 0.6446 0.1360 -0.7523
vn 0.7034 0.2824 -0.6523
vn 0.1765 0.2882 -0.9412
vn 0.9308 0.0087 -0.3655
vn 0.5463 0.1581 -0.8225
vn 0.9168 0.1427 -0.3729
vn 0.9488 0.1660 -0.2688
vn 0.9488 0.1659 -0.2688
vn 0.9481 0.2291 -0.2204
vn 0.6749 0.3853 -0.6293
vn 0.9581 0.0434 -0.2832
vn 0.9488 0.1660 -0.2689
vn 0.9603 0.0524 -0.2740
vn 0.9581 0.0434 -0.2831
vn 0.9635 0.2194 -0.1534
vn 0.9635 0.2194 -0.1535
vn 0.9929 -0.0441 -0.1104
vn 0.9534 0.0260 -0.3004
vn 0.9581 0.0435 -0.2832
vn 0.9635 0.2195 -0.1535
vn 0.6937 0.1352 -0.7075
vn 0.9535 0.0260 -0.3004
vn 0.9584 -0.1128 -0.2622
vn 0.7325 -0.0586 -0.6782
vn 0.6749 0.3854 -0.6293
vn 0.9433 -0.3079 -0.1239
vn 0.9685 -0.2488 0.0043
vn 0.9704 -0.2023 -0.1317
vn 0.9685 -0.2488 0.0042
vn 0.7776 -0.1744 -0.6041
vn 0.9379 -0.2244 -0.2644
vn 0.8220 -0.2767 -0.4977
vn 0.7776 -0.1744 -0.6040
vn 0.7326 -0.0586 -0.6782
vn 0.9904 -0.1341 0.0335
vn 0.9379 -0.2245 -0.2644
vn 0.9622 -0.2708 -0.0290
vn 0.9397 -0.2322 -0.2512
vn 0.9904 -0.1342 0.0335
vn 0.9622 -0.2708 -0.0291
vn 0.9142 -0.1503 -0.3764
vn 0.9253 -0.3630 -0.1101
vn 0.9253 -0.3630 -0.1100
vn 0.8941 -0.2919 -0.3397
vn 0.9142 -0.1503 -0.3765
vn 0.8220 -0.2766 -0.4977
vn 0.9396 -0.2322 -0.2512
vn 0.9159 -0.3983 0.0504
vn 0.9253 -0.3629 -0.1100
vn 0.8389 -0.5410 0.0600
vn 0.8389 -0.5410 0.0599
vn 0.8206 -0.5606 -0.1112
vn 0.7312 -0.5904 -0.3418
vn 0.7312 -0.5904 -0.3417
vn 0.8941 -0.2918 -0.3397
vn 0.7622 -0.2321 -0.6043
vn 0.9238 -0.2203 -0.3131
vn 0.8459 0.1034 -0.5232
vn 0.8460 0.1034 -0.5231
vn 0.6697 0.1951 -0.7166
vn 0.6775 -0.0643 -0.7328
vn 0.4983 0.0781 -0.8635
vn 0.6774 -0.0643 -0.7328
vn 0.6775 -0.0643 -0.7327
vn 0.5985 -0.1109 -0.7934
vn 0.4023 0.0297 -0.9150
vn 0.5985 -0.1108 -0.7934
vn 0.4148 0.0685 -0.9073
vn 0.3449 0.1617 -0.9246
vn 0.4148 0.0684 -0.9073
vn 0.2899 0.1222 -0.9492
vn 0.2775 0.2094 -0.9376
vn 0.1459 0.2724 -0.9510
vn 0.2420 0.2728 -0.9311
vn 0.1459 0.2725 -0.9510
vn 0.1855 0.3644 -0.9126
vn 0.2918 0.3645 -0.8843
vn 0.1912 0.4344 -0.8802
vn 0.5245 0.4899 -0.6963
vn 0.6389 0.4116 -0.6499
vn 0.0555 0.1535 -0.9866
vn 0.8016 0.4749 -0.3631
vn 0.5245 0.4899 -0.6964
vn 0.8699 0.4157 -0.2656
vn 0.8016 0.4750 -0.3631
vn 0.8305 0.5070 -0.2306
vn 0.8734 0.4591 -0.1626
vn 0.8305 0.5071 -0.2306
vn 0.8684 0.4772 -0.1348
vn 0.8456 0.4975 -0.1936
vn 0.9208 0.2295 -0.3153
vn 0.9362 0.2768 -0.2166
vn 0.8571 0.4917 -0.1537
vn 0.9209 0.0057 -0.3899
vn 0.9741 -0.0653 -0.2163
vn 0.9070 0.2816 -0.3133
vn 0.9209 0.0057 -0.3898
vn 0.9069 0.2817 -0.3133
vn 0.9741 -0.0653 -0.2164
vn 0.9672 -0.1206 -0.2236
vn 0.9959 -0.0484 -0.0771
vn 0.9936 -0.1130 -0.0083
vn 0.9897 0.1080 -0.0936
vn 0.9700 0.0090 -0.2431
vn 0.9897 0.1079 -0.0936
vn 0.9588 0.1853 -0.2154
vn 0.9959 -0.0483 -0.0771
vn 0.9956 0.0750 -0.0554
vn 0.9276 0.3413 -0.1518
vn 0.8649 0.4486 -0.2251
vn 0.8649 0.4486 -0.2250
vn 0.8571 0.4917 -0.1536
vn 0.8770 0.4039 -0.2603
vn 0.9013 0.3236 -0.2880
vn 0.9356 0.2944 -0.1948
vn 0.8456 0.4975 -0.1935
vn 0.8456 0.4976 -0.1936
vn 0.8831 0.3261 -0.3375
vn 0.8831 0.3261 -0.3374
vn 0.9134 0.0369 -0.4054
vn 0.9196 0.0392 -0.3908
vn 0.9432 0.2760 -0.1850
vn 0.8831 0.3260 -0.3375
vn 0.9432 0.2759 -0.1850
vn 0.9720 -0.0599 -0.2274
vn 0.9423 -0.1786 -0.2833
vn 0.9228 -0.1450 -0.3570
vn 0.9538 0.0950 -0.2851
vn 0.9572 0.1971 -0.2120
vn 0.9538 0.0949 -0.2851
vn 0.8502 -0.1286 -0.5105
vn 0.8729 0.0483 -0.4856
vn 0.8728 0.0484 -0.4856
vn 0.9748 -0.0031 -0.2232
vn 0.7161 0.0347 -0.6971
vn 0.7617 0.2355 -0.6036
vn 0.7161 0.0348 -0.6971
vn 0.8502 -0.1286 -0.5104
vn 0.5231 0.0386 -0.8514
vn 0.8729 0.0484 -0.4856
vn 0.7227 0.2359 -0.6497
vn 0.7867 0.3490 -0.5092
vn 0.9505 0.2706 -0.1530
vn 0.7680 0.4119 -0.4903
vn 0.7680 0.4120 -0.4904
vn 0.8970 0.3855 -0.2164
vn 0.8728 0.0483 -0.4856
vn 0.9748 -0.0031 -0.2233
vn 0.7680 0.4120 -0.4903
vn 0.7867 0.3490 -0.5093
vn 0.7279 0.3451 -0.5925
vn 0.7680 0.4119 -0.4904
vn 0.7279 0.3451 -0.5926
vn 0.8587 0.2869 -0.4247
vn 0.8587 0.2868 -0.4247
vn 0.7729 0.4751 -0.4206
vn 0.7278 0.3451 -0.5926
vn 0.8399 0.4672 -0.2762
vn 0.9644 0.2340 -0.1235
vn 0.9116 0.3447 -0.2241
vn 0.9671 0.2323 -0.1033
vn 0.9701 0.2159 -0.1105
vn 0.9644 0.2340 -0.1234
vn 0.9686 0.2459 -0.0371
vn 0.9701 0.2159 -0.1106
vn 0.9503 0.2470 -0.1893
vn 0.8970 0.3855 -0.2165
vn 0.9879 0.0319 -0.1518
vn 0.9503 0.2470 -0.1894
vn 0.9397 0.1186 -0.3209
vn 0.9879 0.0319 -0.1519
vn 0.9104 -0.0483 -0.4109
vn 0.9442 -0.0582 -0.3243
vn 0.9396 0.1186 -0.3209
vn 0.9492 0.1126 -0.2939
vn 0.9443 -0.0582 -0.3239
vn 0.9372 0.0425 -0.3463
vn 0.9442 -0.0582 -0.3242
vn 0.9356 0.2944 -0.1949
vn 0.9576 0.0471 -0.2842
vn 0.9356 0.2943 -0.1948
vn 0.9441 0.1108 -0.3104
vn 0.9049 0.3217 -0.2786
vn 0.9533 0.2483 -0.1718
vn 0.9533 0.2484 -0.1718
vn 0.9701 0.2160 -0.1106
vn 0.9534 0.2071 -0.2196
vn -0.8783 -0.4407 -0.1856
vn -0.9778 0.0567 -0.2016
vn -0.9330 -0.3585 -0.0306
vn -0.8453 -0.4976 -0.1946
vn -0.9950 0.0984 -0.0191
vn -0.9950 0.0983 -0.0191
vn -0.9968 0.0542 -0.0587
vn -0.9635 0.1509 -0.2212
vn -0.9969 0.0540 -0.0581
vn -0.9821 0.0409 -0.1837
vn -0.9635 0.1509 -0.2211
vn -0.9898 -0.1188 0.0784
vn -0.9635 0.1510 -0.2211
vn -0.9607 0.1285 -0.2459
vn -0.9898 -0.1189 0.0784
vn -0.9232 -0.3487 0.1619
vn -0.9232 -0.3487 0.1618
vn -0.9330 -0.3506 -0.0813
vn -0.9525 -0.0977 0.2883
vn -0.9330 -0.3507 -0.0813
vn -0.9525 -0.0978 0.2883
vn -0.9891 -0.0650 0.1323
vn -0.9968 0.0227 -0.0770
vn -0.9238 -0.3819 -0.0282
vn -0.9816 0.0258 0.1894
vn -0.9725 -0.0457 0.2285
vn -0.9816 0.0258 0.1893
vn -0.9955 0.0594 -0.0736
vn -0.9849 0.0907 -0.1472
vn -0.9730 0.1483 -0.1770
vn -0.9730 0.1484 -0.1770
vn -0.9703 0.0417 -0.2383
vn -0.9051 0.3366 -0.2598
vn -0.9927 -0.1018 0.0642
vn -0.9954 0.0862 -0.0407
vn -0.9927 -0.1017 0.0643
vn -0.9927 -0.1018 0.0643
vn -0.9238 -0.3818 -0.0282
vn -0.8440 -0.4434 0.3019
vn -0.9638 -0.2649 -0.0302
vn -0.8440 -0.4433 0.3019
vn -0.8284 -0.5558 0.0688
vn -0.8527 -0.5122 0.1026
vn -0.7759 -0.5283 0.3448
vn -0.8285 -0.5558 0.0688
vn -0.8868 -0.4591 0.0537
vn -0.8868 -0.4591 0.0538
vn -0.9296 -0.3205 0.1819
vn -0.9836 -0.1421 0.1110
vn -0.9296 -0.3206 0.1819
vn -0.9975 -0.0146 0.0691
vn -0.9638 -0.2650 -0.0303
vn -0.9751 0.1516 0.1620
vn -0.9664 -0.0406 -0.2539
vn -0.9476 0.0818 -0.3088
vn 0.6849 0.2236 -0.6935
vn 0.9572 0.1971 -0.2119
vn 0.6389 0.4115 -0.6499
vn 0.9432 0.2759 -0.1851
vn 0.9380 0.2921 -0.1864
vn 0.9603 0.0524 -0.2741
vn 0.9627 0.2485 -0.1070
vn 0.9338 0.3563 -0.0313
vn 0.9168 0.1428 -0.3729
vn 0.9060 0.2762 -0.3206
vn 0.9339 0.3563 -0.0313
vn 0.9261 0.3740 -0.0495
vn 0.9178 0.3961 0.0277
vn 0.8658 0.4143 -0.2807
vn 0.9178 0.3961 0.0278
vn 0.7713 0.6364 0.0088
vn 0.8657 0.4144 -0.2807
vn 0.7713 0.6365 0.0088
vn 0.7712 0.6365 0.0089
vn 0.8217 0.5467 -0.1610
vn 0.8392 0.5437 -0.0110
vn 0.9461 0.3213 -0.0405
vn 0.9130 0.2340 -0.3342
vn 0.9461 0.3213 -0.0404
vn 0.9461 0.3212 -0.0405
vn 0.9288 0.0610 -0.3656
vn 0.9286 0.3682 -0.0461
vn 0.8156 0.2006 -0.5427
vn 0.7930 0.3144 -0.5219
vn 0.8098 -0.1404 -0.5696
vn 0.8157 0.2006 -0.5427
vn 0.6814 0.6508 -0.3348
vn 0.4418 0.4655 -0.7669
vn 0.8122 0.4576 -0.3618
vn 0.2686 0.9608 -0.0692
vn 0.4236 0.8215 -0.3817
vn -0.9198 0.1140 -0.3756
vn -0.7293 0.6557 -0.1957
vn -0.9339 -0.1919 -0.3018
vn -0.6005 0.7597 -0.2497
vn -0.4428 0.8830 -0.1555
vn 0.0060 0.9999 0.0122
vn -0.7372 0.5943 -0.3216
vn -0.9192 0.2147 0.3301
vn -0.9350 -0.3144 -0.1639
vn -0.9627 -0.0259 -0.2695
vn -0.9350 -0.3145 -0.1638
vn -0.8350 -0.4773 -0.2737
vn -0.3861 0.9194 -0.0743
vn -0.9655 -0.0345 0.2583
vn 0.2915 0.9565 -0.0152
vn 0.2915 0.9564 -0.0152
vn -0.0234 0.9063 0.4219
vn 0.9928 -0.0787 0.0906
vn 0.9921 0.1137 0.0532
vn 0.9923 -0.1208 0.0278
vn -0.9800 0.1387 0.1423
vn -0.9800 0.1388 0.1424
vn -0.9857 0.0393 -0.1638
vn 0.7063 0.1157 0.6984
vn 0.9953 -0.0006 0.0972
vn 0.9820 0.0931 0.1642
vn -0.5891 -0.1182 0.7994
vn 0.9985 0.0334 -0.0432
vn 0.8490 0.2733 0.4522
vn 0.9169 0.1068 0.3845
vn 0.9897 0.0857 0.1149
vn 0.7492 -0.1221 0.6510
vn 0.7673 -0.4842 0.4205
vn -0.6726 -0.5221 0.5244
vn -0.4043 0.1387 0.9040
vn -0.5702 0.3015 0.7642
vn -0.6738 0.1000 0.7321
vn -0.4624 0.3111 0.8303
vn -0.4623 0.3112 0.8303
vn -0.7905 0.3941 0.4688
vn -0.7616 0.1384 0.6330
vn -0.7616 0.1385 0.6331
vn 0.5099 0.6202 0.5961
vn -0.0744 0.5087 0.8578
vn 0.0775 0.4475 0.8909
vn -0.6840 0.6851 0.2506
vn -0.9854 -0.1224 -0.1187
vn -0.1911 -0.3340 0.9230
vn 0.2357 0.2148 0.9478
vn 0.3073 -0.1783 0.9348
vn 0.2612 0.1997 0.9444
vn -0.1653 -0.9192 0.3575
vn -0.0764 -0.7086 0.7014
vn -0.3315 -0.7392 0.5863
vn -0.3314 -0.7392 0.5863
vn -0.3562 -0.8404 0.4084
vn -0.2071 -0.9781 -0.0209
vn -0.0723 -0.9954 0.0626
vn -0.0792 -0.9887 0.1270
vn -0.2663 -0.9633 -0.0324
vn -0.0913 -0.9851 0.1457
vn -0.0723 -0.9954 0.0625
vn -0.1969 -0.9802 0.0197
vn -0.0912 -0.9851 0.1457
vn -0.0505 -0.9853 0.1631
vn 0.1267 -0.9788 -0.1610
vn 0.0064 -0.9989 -0.0469
vn -0.0540 -0.9687 -0.2424
vn 0.0785 -0.9223 -0.3784
vn -0.0154 -0.9995 0.0270
vn -0.1126 -0.9911 -0.0706
vn 0.0780 -0.9969 -0.0049
vn -0.0778 -0.9780 -0.1936
vn 0.0429 -0.9926 -0.1136
vn 0.0367 -0.9662 -0.2550
vn -0.0245 -0.9968 -0.0765
vn 0.0993 -0.9796 -0.1749
vn -0.0240 -0.9916 -0.1270
vn 0.0340 -0.9936 -0.1074
vn 0.0589 -0.9355 -0.3484
vn 0.0785 -0.9223 -0.3785
vn -0.0400 -0.9519 -0.3037
vn -0.0400 -0.9519 -0.3038
vn -0.1005 -0.9470 -0.3052
vn -0.2034 -0.9762 -0.0748
vn -0.0262 -0.9527 -0.3029
vn 0.0726 -0.9360 -0.3444
vn -0.0262 -0.9527 -0.3028
vn -0.0340 -0.9565 -0.2897
vn -0.0340 -0.9565 -0.2898
vn -0.0456 -0.9444 -0.3257
vn -0.0815 -0.9372 -0.3390
vn -0.0144 -0.9929 -0.1182
vn -0.0261 -0.9527 -0.3029
vn 0.0107 -0.9907 -0.1356
vn -0.0455 -0.9444 -0.3257
vn 0.0444 -0.9840 -0.1728
vn 0.0444 -0.9839 -0.1728
vn -0.0159 -0.9899 -0.1410
vn -0.0469 -0.9357 -0.3497
vn 0.0499 -0.9983 -0.0287
vn 0.0924 -0.9955 -0.0203
vn 0.0499 -0.9983 -0.0286
vn -0.0760 -0.9960 0.0479
vn -0.0159 -0.9899 -0.1409
vn -0.2992 -0.9239 0.2385
vn -0.1460 -0.9865 -0.0747
vn 0.0800 -0.9429 0.3233
vn -0.1022 -0.9532 -0.2845
vn -0.2530 -0.9656 0.0599
vn -0.2531 -0.9656 0.0599
vn -0.1875 -0.9657 -0.1796
vn -0.1460 -0.9865 -0.0748
vn -0.2992 -0.9239 0.2386
vn -0.3049 -0.9091 0.2838
vn -0.1392 -0.9720 0.1895
vn -0.2359 -0.9695 0.0667
vn -0.2525 -0.9105 0.3273
vn -0.2525 -0.9106 0.3273
vn -0.0608 -0.9806 0.1864
vn -0.0607 -0.9806 0.1864
vn -0.0506 -0.9853 0.1631
vn -0.0413 -0.9801 0.1943
vn -0.0972 -0.9690 0.2269
vn -0.0423 -0.9868 0.1564
vn -0.1137 -0.9720 0.2056
vn -0.2663 -0.9634 -0.0324
vn -0.4088 -0.9125 -0.0129
vn -0.6016 -0.7784 -0.1797
vn -0.6016 -0.7783 -0.1796
vn -0.5431 -0.8132 -0.2093
vn -0.1137 -0.9720 0.2055
vn -0.5092 -0.8486 -0.1436
vn -0.5378 -0.8308 -0.1431
vn -0.3919 -0.8961 -0.2083
vn -0.4992 -0.8617 -0.0914
vn -0.3523 -0.9226 -0.1570
vn -0.4757 -0.8795 -0.0083
vn -0.3523 -0.9226 -0.1571
vn -0.2901 -0.9502 -0.1139
vn -0.4741 -0.8804 -0.0092
vn -0.4742 -0.8804 -0.0092
vn -0.3461 -0.9381 -0.0113
vn -0.2902 -0.9502 -0.1139
vn -0.3461 -0.9381 -0.0114
vn -0.1056 -0.9892 -0.1020
vn -0.2359 -0.9695 0.0668
vn 0.0412 -0.9690 -0.2435
vn -0.1056 -0.9892 -0.1019
vn -0.3102 -0.9497 0.0431
vn 0.0412 -0.9690 -0.2434
vn 0.1063 -0.9376 -0.3312
vn 0.2472 -0.9000 -0.3589
vn 0.0353 -0.9179 -0.3953
vn 0.0206 -0.9567 -0.2902
vn 0.0354 -0.9179 -0.3953
vn -0.1347 -0.9757 -0.1728
vn -0.2523 -0.9671 0.0318
vn 0.0225 -0.9569 -0.2895
vn -0.0890 -0.9940 -0.0644
vn -0.2524 -0.9671 0.0318
vn -0.2187 -0.9750 -0.0396
vn -0.2034 -0.9762 -0.0749
vn 0.0495 -0.9966 -0.0666
vn -0.0888 -0.9917 0.0927
vn 0.0494 -0.9966 -0.0666
vn 0.0459 -0.9798 -0.1945
vn 0.1940 -0.9796 -0.0520
vn 0.2124 -0.9769 0.0225
vn 0.1940 -0.9796 -0.0521
vn 0.0572 -0.9898 -0.1303
vn 0.0339 -0.9936 -0.1074
vn 0.1245 -0.9922 0.0037
vn 0.2108 -0.9773 0.0233
vn -0.0797 -0.9734 -0.2149
vn -0.0907 -0.9954 -0.0308
vn -0.0962 -0.9831 -0.1560
vn -0.0906 -0.9954 -0.0308
vn -0.2185 -0.9758 0.0034
vn -0.1169 -0.9907 -0.0699
vn -0.2186 -0.9758 0.0034
vn -0.1907 -0.9809 0.0373
vn -0.0000 -0.9984 -0.0563
vn -0.1031 -0.9892 -0.1040
vn -0.1303 -0.9899 -0.0556
vn -0.1031 -0.9892 -0.1041
vn -0.1185 -0.9797 -0.1617
vn -0.0122 -0.9939 -0.1093
vn -0.1185 -0.9797 -0.1616
vn -0.0496 -0.9942 -0.0953
vn -0.0913 -0.9631 -0.2532
vn 0.0345 -0.9884 -0.1478
vn 0.0441 -0.9453 -0.3234
vn 0.1064 -0.9686 -0.2246
vn 0.0441 -0.9453 -0.3233
vn 0.0441 -0.9452 -0.3234
vn 0.1319 -0.9608 -0.2438
vn 0.0727 -0.9360 -0.3444
vn 0.1764 -0.9835 -0.0409
vn 0.1596 -0.9789 -0.1276
vn 0.1764 -0.9835 -0.0408
vn 0.1138 -0.9910 0.0712
vn 0.2591 -0.9352 0.2413
vn 0.2195 -0.9566 0.1920
vn 0.2591 -0.9352 0.2412
vn 0.2218 -0.9545 0.1995
vn 0.2218 -0.9544 0.1995
vn 0.0801 -0.9429 0.3233
vn 0.2806 -0.8594 0.4274
vn 0.2195 -0.9566 0.1919
vn 0.2203 -0.8889 0.4015
vn 0.2816 -0.9441 0.1714
vn 0.1625 -0.9861 0.0341
vn -0.5409 -0.8391 0.0573
vn -0.5680 -0.8221 0.0395
vn -0.5707 -0.7766 0.2668
vn -0.6141 -0.7117 0.3411
vn -0.5745 -0.8022 0.1626
vn -0.6430 -0.6502 0.4047
vn -0.5746 -0.8022 0.1626
vn -0.5745 -0.8022 0.1625
vn -0.5370 -0.8027 0.2595
vn -0.4673 -0.8266 0.3136
vn -0.5370 -0.8027 0.2594
vn -0.4992 -0.8616 -0.0914
vn -0.3103 -0.9497 0.0431
vn -0.0476 -0.9967 0.0651
vn -0.4742 -0.8804 -0.0091
vn 0.0900 -0.9942 0.0587
vn -0.3972 -0.8935 0.2097
vn 0.0899 -0.9942 0.0587
vn 0.2394 -0.9382 -0.2500
vn 0.3488 -0.9368 0.0257
vn 0.2394 -0.9382 -0.2501
vn 0.1931 -0.9544 -0.2276
vn 0.1452 -0.9770 0.1562
vn -0.1252 -0.9606 0.2482
vn -0.0890 -0.9940 -0.0643
vn -0.0189 -0.9518 0.3060
vn 0.0622 -0.9582 0.2792
vn -0.0889 -0.9917 0.0927
vn 0.1469 -0.9604 0.2367
vn 0.2570 -0.9563 0.1396
vn -0.1012 -0.9695 0.2233
vn 0.3530 -0.9337 0.0593
vn 0.2125 -0.9769 0.0225
vn 0.2125 -0.9769 0.0226
vn 0.3458 -0.9177 -0.1954
vn 0.3319 -0.9235 -0.1925
vn 0.2108 -0.9772 0.0233
vn 0.3458 -0.9178 -0.1954
vn 0.2320 -0.9667 -0.1079
vn 0.2124 -0.9769 0.0226
vn 0.0545 -0.9984 -0.0115
vn 0.3458 -0.9177 -0.1953
vn 0.2417 -0.9564 -0.1638
vn 0.0545 -0.9984 -0.0114
vn 0.0590 -0.9980 -0.0210
vn 0.0545 -0.9985 -0.0114
vn 0.0438 -0.9969 0.0651
vn -0.0878 -0.9961 -0.0101
vn -0.0491 -0.9973 -0.0549
vn -0.0877 -0.9961 -0.0101
vn -0.2325 -0.9708 -0.0588
vn -0.1941 -0.9653 -0.1750
vn -0.2325 -0.9708 -0.0587
vn -0.1942 -0.9808 0.0162
vn -0.1941 -0.9652 -0.1750
vn -0.1294 -0.9670 -0.2193
vn -0.1907 -0.9809 0.0372
vn -0.2185 -0.9758 0.0035
vn -0.0459 -0.9983 -0.0348
vn -0.1942 -0.9808 0.0163
vn -0.1294 -0.9670 -0.2194
vn 0.0092 -0.9893 -0.1454
vn -0.1908 -0.9809 0.0372
vn -0.1550 -0.9876 0.0229
vn -0.1010 -0.9948 -0.0092
vn -0.0592 -0.9977 -0.0317
vn -0.1000 -0.9939 -0.0463
vn -0.0114 -0.9999 0.0092
vn -0.0173 -0.9993 0.0344
vn -0.0496 -0.9942 -0.0954
vn 0.0297 -0.9994 -0.0190
vn 0.3011 -0.9421 0.1476
vn -0.0113 -0.9999 0.0092
vn 0.3138 -0.9405 0.1304
vn 0.1059 -0.9944 -0.0048
vn 0.3245 -0.9459 0.0035
vn 0.0756 -0.9833 -0.1654
vn 0.2062 -0.9740 -0.0939
vn 0.0756 -0.9833 -0.1653
vn 0.1625 -0.9861 0.0340
vn 0.4692 -0.8818 0.0484
vn 0.5549 -0.8262 0.0972
vn -0.5344 -0.7166 0.4483
vn -0.3860 -0.8178 0.4269
vn -0.2143 -0.8918 0.3985
vn -0.3448 -0.8623 0.3708
vn -0.5599 -0.7358 0.3809
vn -0.5344 -0.7165 0.4483
vn -0.3448 -0.8624 0.3708
vn -0.3947 -0.8767 0.2749
vn -0.5599 -0.7359 0.3809
vn -0.5599 -0.7359 0.3808
vn -0.3972 -0.8934 0.2098
vn -0.3947 -0.8767 0.2750
vn -0.3713 -0.9199 0.1266
vn -0.3972 -0.8934 0.2097
vn -0.2069 -0.9751 0.0803
vn -0.3946 -0.8767 0.2749
vn -0.2712 -0.9254 0.2647
vn -0.0873 -0.9961 -0.0094
vn -0.1043 -0.9940 -0.0325
vn 0.1992 -0.9781 0.0601
vn -0.1042 -0.9940 -0.0325
vn -0.0365 -0.9993 0.0035
vn 0.1993 -0.9781 0.0601
vn 0.0621 -0.9582 0.2792
vn -0.1356 -0.9857 0.0996
vn -0.1888 -0.9820 0.0017
vn -0.0407 -0.9959 -0.0814
vn -0.1602 -0.9864 -0.0373
vn -0.0371 -0.9621 -0.2702
vn -0.1258 -0.9802 -0.1529
vn -0.1603 -0.9864 -0.0373
vn 0.3411 -0.8958 -0.2848
vn 0.1262 -0.9920 -0.0009
vn 0.3412 -0.8958 -0.2847
vn -0.0386 -0.9905 -0.1317
vn 0.1266 -0.9772 0.1707
vn 0.3412 -0.8958 -0.2848
vn 0.2417 -0.9564 -0.1639
vn 0.3319 -0.9235 -0.1926
vn 0.0853 -0.9928 0.0844
vn 0.1262 -0.9920 -0.0008
vn 0.0437 -0.9987 0.0245
vn -0.0257 -0.9862 0.1638
vn 0.0427 -0.9927 0.1124
vn 0.2416 -0.9564 -0.1639
vn 0.1267 -0.9771 0.1707
vn 0.1086 -0.9777 0.1796
vn 0.0385 -0.9818 0.1861
vn 0.1087 -0.9777 0.1796
vn 0.0608 -0.9848 0.1627
vn 0.0104 -0.9498 0.3128
vn 0.0609 -0.9848 0.1627
vn -0.0653 -0.9939 0.0886
vn -0.0453 -0.9375 0.3451
vn -0.0491 -0.9973 -0.0550
vn -0.1940 -0.9653 -0.1750
vn -0.1207 -0.9907 -0.0628
vn -0.0643 -0.9509 0.3027
vn -0.1206 -0.9907 -0.0628
vn -0.1206 -0.9907 -0.0629
vn -0.1415 -0.9867 -0.0796
vn -0.1207 -0.9907 -0.0629
vn -0.0911 -0.9772 0.1919
vn -0.1415 -0.9867 -0.0795
vn -0.1300 -0.9901 -0.0532
vn -0.1299 -0.9913 0.0198
vn -0.1301 -0.9901 -0.0532
vn -0.1000 -0.9907 -0.0928
vn -0.0814 -0.9965 -0.0170
vn -0.1000 -0.9906 -0.0928
vn -0.0715 -0.9947 -0.0737
vn -0.0088 -1.0000 0.0002
vn 0.2265 -0.9583 0.1740
vn 0.1772 -0.9828 0.0526
vn -0.0173 -0.9993 0.0345
vn 0.3923 -0.9044 0.1678
vn -0.0089 -1.0000 0.0002
vn -0.0592 -0.9977 -0.0318
vn 0.5003 -0.8267 0.2575
vn 0.4303 -0.8602 0.2737
vn 0.3137 -0.9405 0.1304
vn 0.3923 -0.9044 0.1677
vn 0.5786 -0.7900 0.2030
vn 0.5089 -0.8259 0.2427
vn 0.5089 -0.8259 0.2428
vn -0.2617 -0.8681 0.4218
vn -0.3222 -0.8895 0.3238
vn -0.6013 -0.7406 0.3000
vn -0.6013 -0.7406 0.2999
vn -0.4694 -0.8470 0.2494
vn -0.2711 -0.9254 0.2647
vn -0.0924 -0.9688 0.2298
vn -0.2003 -0.9786 0.0472
vn -0.6090 -0.7870 0.0984
vn -0.0835 -0.9944 0.0649
vn 0.0719 -0.9969 0.0305
vn -0.0834 -0.9944 0.0649
vn -0.0834 -0.9944 0.0650
vn -0.0430 -0.9972 -0.0610
vn 0.0816 -0.9964 -0.0233
vn -0.0430 -0.9972 -0.0609
vn 0.0816 -0.9964 -0.0234
vn -0.0559 -0.9950 -0.0830
vn -0.0407 -0.9958 -0.0814
vn 0.1783 -0.9815 0.0693
vn 0.0957 -0.9883 0.1185
vn -0.0398 -0.9943 -0.0990
vn 0.1758 -0.9806 0.0871
vn 0.1941 -0.9685 0.1562
vn -0.0398 -0.9943 -0.0989
vn -0.1151 -0.9928 -0.0333
vn 0.0735 -0.9883 0.1334
vn 0.1759 -0.9806 0.0871
vn 0.1519 -0.9695 0.1922
vn 0.0736 -0.9883 0.1334
vn -0.0249 -0.9997 -0.0079
vn -0.0385 -0.9905 -0.1317
vn 0.0285 -0.9745 0.2224
vn -0.0248 -0.9997 -0.0079
vn 0.0844 -0.9681 0.2357
vn 0.0236 -0.9982 0.0549
vn -0.0758 -0.9774 0.1974
vn 0.0235 -0.9982 0.0549
vn -0.0518 -0.9889 0.1392
vn -0.0759 -0.9774 0.1975
vn -0.1079 -0.9761 0.1887
vn -0.1079 -0.9759 0.1895
vn -0.0747 -0.9876 0.1381
vn -0.1079 -0.9760 0.1894
vn -0.1078 -0.9760 0.1894
vn -0.0792 -0.9678 0.2389
vn -0.0337 -0.9969 0.0710
vn -0.0792 -0.9678 0.2390
vn -0.0391 -0.9685 0.2460
vn -0.0147 -0.9992 0.0374
vn -0.0354 -0.9682 0.2475
vn -0.0147 -0.9992 0.0375
vn -0.0054 -0.9993 0.0368
vn -0.0354 -0.9682 0.2476
vn -0.0156 -0.9733 0.2291
vn -0.0054 -0.9993 0.0369
vn 0.0485 -0.9982 0.0347
vn 0.1449 -0.9798 0.1375
vn 0.0485 -0.9982 0.0346
vn 0.2563 -0.9665 0.0140
vn 0.1665 -0.9823 -0.0858
vn 0.2966 -0.9548 -0.0171
vn -0.1298 -0.9913 0.0198
vn 0.0173 -0.9924 -0.1222
vn 0.2694 -0.9524 -0.1428
vn 0.2442 -0.9618 -0.1239
vn 0.1963 -0.9739 -0.1142
vn -0.0716 -0.9947 -0.0737
vn 0.4008 -0.9102 -0.1047
vn 0.4206 -0.8924 -0.1633
vn 0.4008 -0.9102 -0.1046
vn 0.3294 -0.9344 0.1359
vn 0.1772 -0.9828 0.0525
vn 0.4303 -0.8602 0.2738
vn -0.6130 -0.7801 0.1253
vn -0.7601 -0.6376 0.1251
vn -0.7601 -0.6377 0.1251
vn -0.4930 -0.8619 0.1189
vn -0.6090 -0.7871 0.0984
vn -0.6090 -0.7871 0.0983
vn -0.3857 -0.9171 -0.1012
vn -0.8059 -0.5861 -0.0836
vn -0.1845 -0.9741 -0.1309
vn -0.1521 -0.9851 -0.0798
vn -0.0144 -0.9996 0.0249
vn -0.2087 -0.9778 -0.0176
vn 0.0719 -0.9969 0.0306
vn -0.2087 -0.9778 -0.0177
vn -0.0209 -0.9986 0.0493
vn 0.0957 -0.9883 0.1184
vn -0.1149 -0.9923 0.0462
vn -0.2397 -0.9708 0.0124
vn -0.1148 -0.9923 0.0463
vn -0.0208 -0.9986 0.0493
vn -0.1148 -0.9923 0.0462
vn 0.1098 -0.9907 0.0804
vn -0.0134 -0.9945 0.1039
vn -0.0871 -0.9940 0.0663
vn 0.1099 -0.9907 0.0804
vn 0.0843 -0.9824 0.1667
vn 0.1520 -0.9695 0.1922
vn 0.0102 -0.9980 0.0629
vn -0.0169 -0.9994 0.0315
vn 0.0101 -0.9980 0.0629
vn 0.0132 -0.9953 0.0955
vn 0.0845 -0.9681 0.2357
vn 0.0843 -0.9824 0.1668
vn 0.0039 -0.9998 -0.0213
vn 0.0053 -0.9998 -0.0203
vn 0.0040 -0.9998 -0.0212
vn 0.0211 -0.9902 0.1381
vn 0.0040 -0.9998 -0.0213
vn 0.0032 -0.9997 -0.0234
vn 0.0212 -0.9902 0.1381
vn 0.0132 -0.9953 0.0956
vn -0.0177 -0.9926 0.1205
vn 0.0025 -0.9996 -0.0298
vn -0.0177 -0.9926 0.1204
vn -0.0302 -0.9968 0.0746
vn 0.0024 -0.9996 -0.0298
vn 0.0026 -0.9995 -0.0319
vn -0.0302 -0.9968 0.0745
vn -0.0758 -0.9774 0.1975
vn -0.0222 -0.9993 0.0310
vn 0.0030 -0.9997 -0.0233
vn -0.0747 -0.9876 0.1380
vn -0.0045 -0.9999 0.0147
vn 0.0027 -1.0000 -0.0079
vn -0.0044 -0.9999 0.0146
vn -0.0045 -0.9999 0.0146
vn -0.0046 -1.0000 0.0050
vn 0.0027 -1.0000 -0.0078
vn 0.0029 -1.0000 0.0026
vn 0.0003 -1.0000 0.0029
vn -0.0046 -1.0000 0.0051
vn 0.0029 -1.0000 0.0025
vn 0.0032 -1.0000 0.0048
vn 0.0003 -1.0000 0.0030
vn 0.0348 -0.9994 0.0009
vn 0.0032 -1.0000 0.0046
vn 0.0019 -0.9999 0.0158
vn 0.2051 -0.9781 0.0352
vn 0.0695 -0.9948 0.0742
vn 0.2562 -0.9665 0.0140
vn 0.3116 -0.9425 0.1209
vn 0.0696 -0.9948 0.0743
vn 0.3000 -0.9491 0.0957
vn 0.3116 -0.9425 0.1208
vn 0.4703 -0.8825 -0.0008
vn 0.5520 -0.8320 0.0557
vn 0.4702 -0.8825 -0.0008
vn 0.3424 -0.9368 -0.0717
vn 0.2967 -0.9548 -0.0171
vn 0.4786 -0.8579 -0.1869
vn 0.6401 -0.7668 -0.0471
vn 0.4787 -0.8579 -0.1869
vn 0.2805 -0.9501 -0.1363
vn 0.7021 -0.7092 0.0646
vn 0.6943 -0.7195 0.0169
vn 0.5363 -0.8436 0.0265
vn 0.5521 -0.8319 0.0557
vn 0.6943 -0.7195 0.0170
vn 0.6402 -0.7668 -0.0471
vn 0.5520 -0.8319 0.0557
vn 0.5999 -0.7995 0.0313
vn 0.4364 -0.8995 -0.0228
vn 0.4932 -0.8692 0.0339
vn 0.3851 -0.9229 -0.0015
vn -0.4916 -0.8647 -0.1036
vn -0.9266 -0.2656 -0.2662
vn -0.7858 -0.6184 0.0109
vn -0.6420 -0.7663 0.0228
vn -0.6169 -0.7789 -0.1133
vn -0.4031 -0.9009 -0.1610
vn -0.6169 -0.7788 -0.1133
vn -0.1774 -0.9841 -0.0082
vn -0.3004 -0.9519 0.0599
vn -0.2315 -0.9655 0.1188
vn -0.1424 -0.9858 0.0895
vn -0.4566 -0.8769 0.1501
vn -0.1424 -0.9858 0.0896
vn -0.1423 -0.9858 0.0895
vn -0.0472 -0.9978 0.0473
vn -0.0343 -0.9994 -0.0088
vn -0.1101 -0.9939 0.0056
vn -0.0141 -0.9997 -0.0197
vn -0.0077 -1.0000 -0.0054
vn -0.0141 -0.9997 -0.0196
vn -0.0220 -0.9998 -0.0021
vn 0.0089 -1.0000 -0.0029
vn 0.0007 -0.9999 0.0166
vn -0.0093 -0.9999 0.0097
vn 0.0111 -0.9999 -0.0056
vn 0.0127 -0.9995 0.0283
vn 0.0063 -0.9999 -0.0094
vn 0.0134 -0.9993 0.0344
vn 0.0064 -0.9999 -0.0137
vn 0.0207 -0.9991 0.0379
vn 0.0029 -0.9997 -0.0250
vn 0.0350 -0.9987 0.0378
vn 0.0027 -0.9997 -0.0250
vn -0.0006 -0.9991 -0.0419
vn 0.0350 -0.9987 0.0379
vn 0.0398 -0.9988 0.0279
vn -0.0024 -0.9984 -0.0567
vn 0.0288 -0.9996 0.0060
vn -0.0024 -0.9984 -0.0566
vn -0.0025 -0.9984 -0.0566
vn 0.0040 -0.9980 -0.0629
vn -0.0025 -0.9984 -0.0567
vn 0.0046 -0.9998 -0.0215
vn 0.0010 -0.9984 -0.0558
vn -0.0289 -0.9986 -0.0439
vn -0.0044 -0.9994 -0.0344
vn -0.0381 -0.9969 -0.0687
vn 0.0031 -1.0000 0.0046
vn 0.0031 -1.0000 0.0047
vn 0.0476 -0.9987 -0.0173
vn -0.0381 -0.9969 -0.0686
vn 0.0701 -0.9944 -0.0795
vn 0.3032 -0.9529 0.0025
vn 0.2583 -0.9621 -0.0875
vn 0.0695 -0.9948 0.0743
vn 0.3033 -0.9529 0.0025
vn 0.2584 -0.9621 -0.0875
vn 0.3000 -0.9491 0.0958
vn 0.2569 -0.9658 -0.0343
vn 0.1517 -0.9884 -0.0086
vn 0.3077 -0.9510 0.0309
vn 0.2048 -0.9784 0.0282
vn 0.3422 -0.9395 0.0142
vn 0.4487 -0.8911 -0.0687
vn 0.3077 -0.9510 0.0310
vn 0.2912 -0.9561 -0.0326
vn 0.4486 -0.8911 -0.0687
vn 0.5125 -0.8583 0.0252
vn 0.5075 -0.8490 -0.1471
vn 0.4932 -0.8692 0.0338
vn 0.7230 -0.6872 0.0715
vn 0.4486 -0.8911 -0.0686
vn 0.5571 -0.8302 0.0218
vn -0.7318 -0.6696 0.1267
vn -0.8489 -0.5206 0.0906
vn -0.8582 -0.4578 0.2321
vn -0.6802 -0.7044 0.2027
vn -0.7318 -0.6697 0.1267
vn -0.7753 -0.6265 0.0799
vn -0.8489 -0.5206 0.0907
vn -0.7243 -0.6848 0.0802
vn -0.3842 -0.9209 0.0653
vn -0.3693 -0.9278 0.0523
vn -0.6420 -0.7664 0.0228
vn -0.3693 -0.9278 0.0522
vn -0.0557 -0.9984 0.0115
vn -0.0776 -0.9969 0.0130
vn -0.2559 -0.9662 0.0312
vn -0.0220 -0.9998 -0.0022
vn -0.0160 -0.9998 0.0144
vn -0.0219 -0.9998 -0.0021
vn -0.0069 -0.9997 -0.0235
vn -0.0738 -0.9973 -0.0015
vn -0.0069 -0.9997 -0.0234
vn -0.0160 -0.9998 0.0143
vn -0.0074 -0.9996 -0.0276
vn -0.0094 -0.9999 0.0097
vn -0.0114 -0.9999 -0.0086
vn -0.0057 -1.0000 0.0025
vn -0.0108 -0.9996 -0.0244
vn -0.0096 -0.9997 -0.0227
vn -0.0108 -0.9996 -0.0243
vn -0.0013 -0.9998 -0.0198
vn -0.0096 -0.9997 -0.0228
vn 0.0007 -0.9994 -0.0347
vn 0.0021 -0.9999 -0.0158
vn 0.0007 -0.9994 -0.0346
vn 0.0008 -0.9991 -0.0432
vn 0.0021 -0.9999 -0.0157
vn 0.0007 -0.9999 -0.0103
vn -0.0046 -0.9987 -0.0500
vn 0.0042 -1.0000 0.0051
vn -0.0047 -0.9987 -0.0500
vn -0.0082 -0.9984 -0.0557
vn 0.0140 -0.9996 0.0262
vn -0.0083 -0.9984 -0.0557
vn -0.0066 -0.9984 -0.0565
vn 0.0140 -0.9996 0.0263
vn 0.0253 -0.9987 0.0446
vn -0.0067 -0.9984 -0.0565
vn -0.0066 -0.9988 -0.0478
vn 0.0254 -0.9987 0.0446
vn 0.0284 -0.9980 0.0563
vn -0.0061 -0.9996 -0.0275
vn 0.0135 -0.9985 0.0529
vn -0.0058 -1.0000 -0.0060
vn 0.0136 -0.9985 0.0529
vn 0.0327 -0.9988 0.0361
vn 0.0520 -0.9986 0.0085
vn 0.2049 -0.9784 0.0282
vn 0.0621 -0.9974 -0.0358
vn -0.0018 -0.9995 -0.0312
vn 0.1845 -0.9819 -0.0433
vn 0.1926 -0.9810 0.0237
vn 0.0905 -0.9959 0.0038
vn 0.3538 -0.9341 0.0473
vn 0.1844 -0.9819 -0.0433
vn 0.2998 -0.9540 0.0095
vn 0.1602 -0.9871 -0.0026
vn 0.2998 -0.9539 0.0095
vn 0.5500 -0.8228 0.1431
vn 0.2799 -0.8458 0.4541
vn 0.2108 -0.9514 0.2246
vn 0.5168 -0.8038 0.2947
vn 0.2644 -0.7584 0.5957
vn -0.5223 -0.8273 0.2069
vn -0.7948 -0.5289 0.2976
vn -0.7812 -0.6016 0.1664
vn -0.7812 -0.6017 0.1665
vn -0.3756 -0.9246 0.0628
vn -0.6803 -0.7044 0.2027
vn -0.1539 -0.9878 0.0222
vn -0.3756 -0.9246 0.0627
vn -0.1182 -0.9929 0.0101
vn -0.0444 -0.9990 0.0080
vn -0.0609 -0.9980 -0.0151
vn -0.0445 -0.9990 0.0080
vn -0.1795 -0.9822 -0.0551
vn -0.0018 -0.9997 -0.0253
vn -0.0059 -1.0000 0.0025
vn -0.0048 -0.9998 -0.0202
vn -0.1136 -0.9919 -0.0573
vn 0.0029 -0.9999 -0.0143
vn -0.0048 -0.9998 -0.0201
vn -0.0274 -0.9996 -0.0023
vn 0.0008 -1.0000 -0.0097
vn -0.0274 -0.9996 -0.0022
vn -0.0278 -0.9996 0.0029
vn 0.0005 -1.0000 0.0044
vn -0.0212 -0.9998 0.0058
vn 0.0003 -1.0000 0.0044
vn 0.0051 -0.9999 0.0119
vn -0.0069 -0.9999 0.0117
vn 0.0005 -1.0000 0.0045
vn 0.0057 -0.9999 0.0129
vn 0.0021 -0.9997 0.0234
vn 0.0048 -1.0000 0.0075
vn 0.0021 -0.9997 0.0233
vn 0.0065 -0.9993 0.0368
vn 0.0048 -1.0000 0.0076
vn 0.0024 -1.0000 0.0012
vn 0.0079 -0.9989 0.0455
vn 0.0026 -1.0000 -0.0045
vn 0.0080 -0.9990 0.0445
vn 0.0026 -1.0000 -0.0044
vn -0.0035 -0.9999 -0.0118
vn 0.0221 -0.9991 0.0368
vn -0.0067 -0.9988 -0.0478
vn 0.0273 -0.9995 0.0124
vn 0.0345 -0.9958 -0.0845
vn 0.0274 -0.9995 0.0124
vn 0.0586 -0.9960 -0.0668
vn 0.0274 -0.9995 0.0123
vn 0.0696 -0.9963 -0.0511
vn 0.0273 -0.9995 0.0123
vn 0.0904 -0.9959 0.0038
vn -0.0023 -1.0000 -0.0027
vn 0.0034 -0.9992 -0.0391
vn 0.1601 -0.9871 -0.0026
vn 0.1457 -0.9874 0.0613
vn 0.1926 -0.9810 0.0238
vn 0.0199 -0.9881 0.1526
vn -0.0120 -0.9950 0.0995
vn -0.0186 -0.9720 0.2343
vn -0.0953 -0.9927 0.0745
vn 0.0023 -0.9986 0.0526
vn 0.0365 -0.8984 0.4376
vn -0.0386 -0.9956 0.0848
vn 0.0366 -0.8984 0.4376
vn 0.1534 -0.8628 0.4817
vn 0.0964 -0.9925 0.0757
vn 0.1534 -0.8628 0.4818
vn -0.4180 -0.8944 -0.1589
vn -0.5420 -0.8404 0.0070
vn -0.4110 -0.8888 -0.2028
vn -0.3742 -0.9073 -0.1919
vn -0.3756 -0.9247 0.0627
vn -0.1795 -0.9822 -0.0550
vn -0.3278 -0.9264 -0.1852
vn -0.3331 -0.9394 -0.0813
vn -0.2581 -0.9629 -0.0789
vn -0.3331 -0.9394 -0.0814
vn -0.2356 -0.9659 -0.1073
vn -0.3278 -0.9264 -0.1851
vn -0.2679 -0.9634 -0.0066
vn -0.2357 -0.9659 -0.1073
vn -0.2657 -0.9640 -0.0117
vn -0.0938 -0.9953 0.0246
vn -0.1523 -0.9883 0.0119
vn -0.0142 -0.9994 0.0319
vn -0.1524 -0.9883 0.0119
vn -0.0324 -0.9994 0.0131
vn -0.0142 -0.9994 0.0320
vn 0.0007 -0.9997 0.0252
vn -0.0053 -0.9998 0.0183
vn 0.0007 -0.9997 0.0251
vn -0.0028 -0.9999 0.0114
vn -0.0052 -0.9998 0.0182
vn -0.0052 -0.9998 0.0183
vn 0.0024 -0.9997 0.0237
vn -0.0212 -0.9998 0.0057
vn -0.0057 -1.0000 0.0047
vn 0.0024 -0.9997 0.0236
vn 0.0078 -0.9997 0.0245
vn -0.0079 -1.0000 -0.0014
vn -0.0052 -1.0000 0.0047
vn 0.0201 -0.9997 0.0144
vn -0.0010 -0.9999 -0.0126
vn -0.0079 -1.0000 -0.0015
vn 0.0201 -0.9997 0.0145
vn 0.0230 -0.9997 -0.0031
vn -0.0009 -0.9999 -0.0126
vn 0.0028 -0.9998 -0.0183
vn 0.0137 -0.9998 -0.0177
vn 0.0029 -0.9998 -0.0183
vn 0.0131 -0.9997 -0.0189
vn 0.0136 -0.9998 -0.0177
vn 0.0569 -0.9974 -0.0432
vn 0.0079 -0.9989 0.0454
vn 0.0897 -0.9942 -0.0592
vn 0.0571 -0.9948 0.0838
vn 0.0897 -0.9942 -0.0591
vn 0.0550 -0.9971 0.0527
vn 0.0571 -0.9948 0.0839
vn 0.0035 -0.9992 -0.0391
vn -0.0255 -0.9940 0.1065
vn -0.0036 -0.9972 0.0748
vn 0.0234 -0.9964 0.0815
vn -0.0036 -0.9972 0.0747
vn -0.0121 -0.9950 0.0995
vn -0.0093 -0.9985 0.0542
vn 0.0045 -1.0000 0.0012
vn -0.0035 -0.9972 0.0747
vn 0.0060 -1.0000 0.0052
vn 0.0046 -1.0000 0.0012
vn 0.0038 -1.0000 0.0010
vn -0.0060 -0.9999 -0.0153
vn 0.0066 -0.9996 -0.0291
vn -0.0786 -0.9969 -0.0037
vn -0.0682 -0.9973 -0.0272
vn 0.0091 -0.9997 -0.0236
vn -0.0681 -0.9973 -0.0272
vn 0.0584 -0.9974 -0.0414
vn -0.0953 -0.9927 0.0744
vn 0.1845 -0.9763 -0.1127
vn 0.3168 -0.9481 -0.0267
vn -0.0386 -0.9957 0.0848
vn 0.0964 -0.9925 0.0756
vn -0.2582 -0.9629 -0.0789
vn 0.0815 -0.9838 0.1596
vn 0.1976 -0.9788 0.0535
vn -0.0158 -0.9978 0.0640
vn -0.0787 -0.9968 0.0157
vn 0.1430 -0.9897 -0.0095
vn -0.0159 -0.9978 0.0640
vn -0.0788 -0.9968 0.0157
vn -0.1960 -0.9805 0.0105
vn -0.1668 -0.9826 0.0820
vn -0.0417 -0.9986 0.0322
vn -0.1669 -0.9826 0.0820
vn -0.2509 -0.9679 -0.0130
vn -0.2526 -0.9641 0.0813
vn -0.1926 -0.9812 0.0098
vn -0.1960 -0.9801 0.0306
vn -0.1925 -0.9812 0.0098
vn -0.2679 -0.9634 -0.0067
vn -0.0348 -0.9993 0.0153
vn -0.0487 -0.9988 -0.0051
vn -0.0349 -0.9993 0.0153
vn -0.0051 -0.9999 0.0129
vn -0.0083 -0.9999 -0.0095
vn 0.0001 -0.9999 0.0142
vn -0.0082 -0.9999 -0.0095
vn -0.0023 -1.0000 -0.0081
vn 0.0001 -0.9999 0.0141
vn -0.0004 -0.9999 0.0151
vn -0.0023 -1.0000 -0.0080
vn 0.0018 -1.0000 -0.0059
vn -0.0004 -0.9999 0.0150
vn 0.0142 -0.9997 0.0179
vn 0.0081 -1.0000 0.0008
vn 0.0200 -0.9995 0.0255
vn 0.0100 -0.9999 0.0121
vn 0.0141 -0.9997 0.0179
vn 0.0172 -0.9994 0.0307
vn 0.0199 -0.9995 0.0256
vn 0.0100 -0.9999 0.0120
vn 0.0052 -0.9998 0.0203
vn 0.0199 -0.9995 0.0254
vn 0.0172 -0.9994 0.0308
vn 0.0135 -0.9995 0.0291
vn -0.0022 -1.0000 0.0007
vn 0.0052 -0.9998 0.0204
vn -0.0002 -1.0000 -0.0070
vn 0.0135 -0.9995 0.0290
vn -0.0056 -1.0000 0.0055
vn 0.0070 -0.9999 -0.0099
vn -0.0002 -1.0000 -0.0058
vn 0.0061 -1.0000 0.0052
vn 0.0070 -0.9999 -0.0098
vn -0.0004 -0.9998 -0.0182
vn 0.0079 -0.9973 -0.0723
vn 0.0103 -0.9988 -0.0483
vn 0.0079 -0.9973 -0.0724
vn 0.0110 -0.9986 -0.0520
vn -0.0449 -0.9985 -0.0317
vn -0.0022 -0.9996 -0.0267
vn -0.0355 -0.9990 -0.0269
vn -0.0449 -0.9985 -0.0316
vn -0.0533 -0.9985 -0.0093
vn -0.0516 -0.9986 -0.0075
vn -0.1037 -0.9944 0.0180
vn 0.0045 -0.9999 0.0134
vn -0.0314 -0.9957 0.0875
vn 0.2076 -0.9695 0.1302
vn 0.1171 -0.9830 0.1416
vn 0.2077 -0.9695 0.1302
vn 0.1921 -0.9809 -0.0294
vn -0.5982 -0.7958 -0.0940
vn -0.1643 -0.9828 0.0847
vn -0.6592 -0.7427 0.1177
vn -0.9965 -0.0391 0.0737
vn -0.6592 -0.7427 0.1179
vn -0.2525 -0.9440 0.2123
vn -0.6592 -0.7427 0.1178
vn -0.2852 -0.9535 0.0979
vn -0.1481 -0.9723 0.1811
vn -0.2851 -0.9535 0.0979
vn -0.0936 -0.9945 0.0469
vn -0.1481 -0.9723 0.1810
vn -0.0743 -0.9964 0.0414
vn -0.0084 -0.9999 0.0098
vn -0.2526 -0.9641 0.0814
vn -0.0196 -0.9998 0.0002
vn -0.0084 -0.9999 0.0097
vn -0.0104 -0.9999 0.0060
vn -0.0076 -1.0000 0.0007
vn -0.0104 -0.9999 0.0059
vn 0.0035 -1.0000 -0.0003
vn -0.0083 -0.9999 -0.0096
vn 0.0009 -0.9999 -0.0122
vn 0.0255 -0.9996 -0.0132
vn -0.0082 -0.9999 -0.0096
vn 0.0031 -0.9996 -0.0278
vn 0.0050 -0.9997 -0.0245
vn 0.0031 -0.9996 -0.0279
vn -0.0069 -0.9998 -0.0162
vn -0.0104 -0.9997 -0.0213
vn 0.0008 -0.9999 -0.0105
vn -0.0104 -0.9997 -0.0212
vn -0.0053 -0.9999 -0.0152
vn 0.0008 -0.9999 -0.0104
vn 0.0009 -0.9999 -0.0105
vn -0.0053 -0.9999 -0.0151
vn -0.0010 -1.0000 -0.0069
vn -0.0002 -1.0000 -0.0071
vn -0.0158 -0.9988 -0.0472
vn 0.0008 -0.9989 -0.0473
vn -0.0003 -1.0000 -0.0057
vn -0.0010 -1.0000 -0.0070
vn -0.0158 -0.9988 -0.0473
vn -0.0032 -0.9995 -0.0318
vn -0.0003 -1.0000 -0.0058
vn -0.0175 -0.9996 -0.0200
vn -0.0110 -0.9999 -0.0127
vn 0.0349 -0.9994 0.0082
vn -0.0032 -0.9995 -0.0319
vn 0.0103 -0.9988 -0.0482
vn -0.0154 -0.9998 0.0134
vn -0.0216 -0.9997 0.0066
vn 0.0417 -0.9967 0.0692
vn -0.0153 -0.9994 -0.0313
vn -0.0037 -0.9976 -0.0687
vn -0.0246 -0.9983 0.0521
vn 0.0184 -0.9997 0.0142
vn -0.0277 -0.9996 -0.0055
vn 0.0032 -1.0000 0.0060
vn -0.1113 -0.9936 -0.0192
vn -0.1323 -0.9910 -0.0212
vn -0.1112 -0.9936 -0.0192
vn -0.0711 -0.9970 0.0297
vn -0.1322 -0.9910 -0.0212
vn -0.0810 -0.9962 -0.0331
vn 0.0976 -0.9920 0.0806
vn -0.0810 -0.9962 -0.0330
vn 0.0816 -0.9963 -0.0275
vn 0.0977 -0.9919 0.0806
vn -0.8085 -0.4744 0.3481
vn -0.2127 -0.9575 0.1946
vn -0.2336 -0.9698 0.0698
vn -0.6055 -0.7646 0.2209
vn -0.9965 -0.0390 0.0737
vn -0.8085 -0.4745 0.3481
vn -0.6054 -0.7646 0.2209
vn -0.3123 -0.9500 0.0070
vn -0.1977 -0.9798 0.0303
vn -0.1363 -0.9906 -0.0143
vn -0.1622 -0.9867 -0.0081
vn -0.0224 -0.9997 0.0027
vn -0.0455 -0.9989 -0.0057
vn -0.0224 -0.9997 0.0028
vn 0.0015 -1.0000 -0.0000
vn 0.0014 -1.0000 -0.0093
vn 0.0059 -0.9999 -0.0132
vn 0.0116 -0.9999 -0.0123
vn 0.0205 -0.9997 -0.0102
vn 0.0116 -0.9999 -0.0124
vn 0.0117 -0.9999 0.0034
vn 0.0205 -0.9997 -0.0103
vn 0.0149 -0.9999 0.0008
vn 0.0117 -0.9999 0.0033
vn 0.0160 -0.9996 0.0218
vn 0.0149 -0.9999 0.0009
vn 0.0255 -0.9996 -0.0133
vn 0.0049 -0.9997 -0.0243
vn -0.0161 -0.9997 -0.0188
vn 0.0150 -0.9999 0.0008
vn 0.0205 -0.9997 0.0093
vn -0.0160 -0.9997 -0.0189
vn 0.0049 -0.9997 -0.0245
vn 0.0204 -0.9997 0.0093
vn 0.0220 -0.9997 0.0147
vn 0.0009 -0.9989 -0.0473
vn 0.0028 -0.9999 0.0167
vn -0.0065 -0.9999 0.0121
vn 0.0028 -0.9999 0.0168
vn 0.0139 -0.9993 0.0355
vn 0.0065 -1.0000 -0.0021
vn 0.0139 -0.9993 0.0354
vn -0.0003 -1.0000 -0.0050
vn -0.0216 -0.9997 0.0065
vn 0.0077 -1.0000 -0.0043
vn 0.0289 -0.9995 0.0149
vn 0.0084 -0.9996 0.0279
vn 0.0077 -1.0000 -0.0042
vn 0.0318 -0.9991 0.0285
vn 0.0456 -0.9981 0.0425
vn 0.0082 -0.9997 0.0213
vn 0.0455 -0.9981 0.0425
vn -0.0084 -0.9993 -0.0368
vn 0.0590 -0.9974 0.0417
vn -0.0007 -0.9982 -0.0595
vn -0.0044 -1.0000 -0.0064
vn -0.0007 -0.9982 -0.0596
vn -0.0150 -0.9998 -0.0116
vn -0.0518 -0.9982 -0.0311
vn 0.0184 -0.9997 0.0141
vn -0.1047 -0.9945 -0.0056
vn -0.0434 -0.9969 -0.0649
vn -0.0151 -0.9998 -0.0116
vn -0.0059 -0.9929 -0.1191
vn 0.0666 -0.9910 -0.1159
vn -0.0060 -0.9929 -0.1191
vn 0.1301 -0.9789 -0.1578
vn 0.0667 -0.9910 -0.1159
vn 0.1738 -0.9760 -0.1309
vn -0.3596 -0.9302 -0.0734
vn -0.5549 -0.8261 -0.0980
vn -0.4443 -0.8957 -0.0138
vn -0.4444 -0.8957 -0.0138
vn -0.4566 -0.8896 0.0122
vn -0.3595 -0.9302 -0.0734
vn -0.2128 -0.9575 0.1946
vn -0.5562 -0.8253 -0.0978
vn -0.2255 -0.9728 0.0528
vn -0.2918 -0.9559 0.0323
vn -0.2255 -0.9728 0.0527
vn -0.1440 -0.9895 -0.0136
vn -0.2919 -0.9559 0.0323
vn -0.0647 -0.9977 -0.0204
vn -0.0405 -0.9964 -0.0742
vn -0.0647 -0.9977 -0.0205
vn -0.0260 -0.9968 -0.0755
vn -0.0456 -0.9989 -0.0057
vn 0.0006 -0.9982 -0.0602
vn -0.0260 -0.9968 -0.0754
vn -0.0703 -0.9972 -0.0253
vn -0.0220 -0.9998 0.0012
vn -0.0354 -0.9990 0.0274
vn -0.0219 -0.9998 0.0012
vn -0.0219 -0.9998 0.0011
vn -0.0006 -1.0000 -0.0057
vn 0.0270 -0.9995 0.0163
vn -0.0007 -1.0000 -0.0055
vn 0.0014 -0.9998 -0.0177
vn 0.0271 -0.9995 0.0163
vn 0.0048 -0.9999 0.0154
vn 0.0160 -0.9996 0.0219
vn 0.0048 -0.9999 0.0155
vn -0.0161 -0.9999 0.0027
vn -0.0009 -0.9998 0.0223
vn 0.0063 -0.9995 0.0317
vn 0.0072 -0.9998 0.0171
vn -0.0003 -1.0000 -0.0051
vn -0.0031 -1.0000 0.0034
vn 0.0072 -0.9998 0.0170
vn -0.0009 -0.9997 0.0224
vn -0.0003 -1.0000 -0.0012
vn -0.0031 -1.0000 0.0035
vn -0.0049 -1.0000 0.0061
vn 0.0084 -0.9996 0.0278
vn 0.0001 -0.9999 -0.0160
vn -0.0017 -0.9999 -0.0126
vn -0.0011 -0.9998 -0.0208
vn 0.0081 -0.9997 0.0213
vn 0.0012 -1.0000 -0.0032
vn -0.0011 -0.9998 -0.0207
vn 0.0037 -1.0000 -0.0046
vn 0.0020 -0.9999 -0.0165
vn -0.0004 -1.0000 -0.0003
vn 0.0020 -0.9999 -0.0166
vn 0.0276 -0.9990 0.0351
vn -0.0006 -1.0000 -0.0003
vn -0.0002 -1.0000 0.0059
vn 0.0402 -0.9977 0.0554
vn 0.0008 -0.9996 0.0299
vn 0.0590 -0.9974 0.0418
vn -0.0352 -0.9991 0.0229
vn 0.0008 -0.9996 0.0300
vn -0.0111 -0.9993 0.0353
vn -0.0385 -0.9993 -0.0016
vn -0.0114 -0.9998 0.0146
vn -0.0385 -0.9993 -0.0017
vn 0.0838 -0.9964 -0.0103
vn 0.0767 -0.9963 0.0391
vn 0.1665 -0.9860 -0.0022
vn 0.1602 -0.9843 0.0734
vn 0.1664 -0.9860 -0.0022
vn -0.4771 -0.8787 0.0184
vn -0.5342 -0.8428 -0.0649
vn -0.8754 -0.4704 0.1112
vn -0.5760 -0.8076 0.1269
vn -0.3497 -0.9367 0.0189
vn -0.4770 -0.8787 0.0184
vn -0.3574 -0.9291 0.0951
vn -0.0590 -0.9960 0.0672
vn -0.3574 -0.9291 0.0950
vn -0.1188 -0.9874 0.1045
vn -0.0589 -0.9960 0.0672
vn -0.0590 -0.9960 0.0673
vn 0.0020 -0.9984 0.0568
vn 0.0501 -0.9954 0.0822
vn 0.0021 -0.9984 0.0568
vn -0.0692 -0.9976 -0.0073
vn -0.0144 -0.9998 0.0160
vn -0.0537 -0.9986 0.0008
vn -0.0145 -0.9998 0.0160
vn -0.0602 -0.9982 0.0022
vn 0.0094 -0.9998 0.0146
vn -0.0040 -1.0000 0.0054
vn 0.0095 -0.9998 0.0146
vn -0.0355 -0.9990 0.0274
vn -0.0010 -1.0000 0.0076
vn 0.0032 -0.9999 -0.0110
vn -0.0010 -1.0000 0.0073
vn -0.0063 -1.0000 -0.0025
vn -0.0014 -1.0000 0.0070
vn 0.0059 -0.9999 -0.0124
vn -0.0012 -1.0000 0.0076
vn 0.0063 -0.9995 0.0316
vn 0.0026 -1.0000 0.0038
vn -0.0048 -1.0000 -0.0007
vn -0.0018 -0.9999 -0.0126
vn 0.0027 -1.0000 0.0039
vn -0.0002 -1.0000 0.0014
vn 0.0059 -0.9999 -0.0123
vn 0.0057 -0.9999 0.0088
vn -0.0001 -1.0000 0.0014
vn 0.0039 -0.9999 0.0122
vn 0.0037 -1.0000 -0.0047
vn 0.0064 -0.9999 0.0097
vn 0.0036 -1.0000 -0.0047
vn 0.0001 -0.9999 -0.0157
vn 0.0014 -0.9999 0.0103
vn 0.0063 -0.9999 0.0097
vn 0.0007 -1.0000 0.0052
vn -0.0042 -0.9999 0.0094
vn 0.0072 -0.9999 0.0111
vn -0.0041 -0.9999 0.0094
vn 0.0010 -1.0000 0.0021
vn 0.0101 -0.9999 0.0053
vn 0.0012 -1.0000 -0.0031
vn 0.0009 -1.0000 -0.0035
vn -0.0002 -1.0000 -0.0013
vn 0.0009 -1.0000 -0.0036
vn -0.0006 -1.0000 0.0023
vn -0.0112 -0.9999 -0.0079
vn -0.0059 -0.9999 0.0125
vn -0.0112 -0.9999 -0.0078
vn -0.0216 -0.9998 -0.0010
vn -0.0173 -0.9997 0.0164
vn -0.0215 -0.9998 -0.0010
vn -0.0272 -0.9991 0.0321
vn -0.0174 -0.9997 0.0164
vn 0.0474 -0.9981 0.0384
vn 0.0448 -0.9976 0.0522
vn 0.1369 -0.9876 0.0766
vn 0.1189 -0.9918 0.0467
vn -0.6086 -0.7928 -0.0320
vn -0.9867 0.0268 0.1606
vn -0.9605 -0.2669 0.0790
vn -0.6373 -0.7597 -0.1290
vn -0.6086 -0.7928 -0.0319
vn -0.3250 -0.9395 -0.1079
vn -0.6373 -0.7597 -0.1291
vn -0.4063 -0.9006 -0.1545
vn -0.2046 -0.9758 -0.0773
vn -0.4063 -0.9006 -0.1544
vn -0.2896 -0.9521 -0.0981
vn -0.1188 -0.9874 0.1046
vn 0.0284 -0.9984 0.0487
vn -0.0753 -0.9970 -0.0149
vn -0.2047 -0.9758 -0.0773
vn 0.0019 -0.9990 0.0449
vn -0.0754 -0.9970 -0.0149
vn 0.0321 -0.9994 0.0121
vn -0.0411 -0.9992 -0.0021
vn -0.0221 -0.9996 -0.0165
vn -0.0221 -0.9996 -0.0166
vn -0.0012 -0.9998 -0.0194
vn -0.0064 -1.0000 -0.0025
vn -0.0318 -0.9990 -0.0302
vn -0.0220 -0.9996 -0.0166
vn -0.0181 -0.9995 -0.0249
vn -0.0048 -1.0000 -0.0006
vn -0.0318 -0.9990 -0.0301
vn -0.0137 -0.9999 0.0076
vn -0.0012 -0.9998 -0.0193
vn -0.0063 -1.0000 -0.0026
vn -0.0367 -0.9992 -0.0152
vn -0.0137 -0.9999 0.0075
vn -0.0363 -0.9992 -0.0134
vn -0.0367 -0.9992 -0.0151
vn -0.0001 -1.0000 -0.0018
vn 0.0039 -0.9999 0.0121
vn -0.0021 -1.0000 -0.0042
vn -0.0192 -0.9998 -0.0061
vn -0.0001 -1.0000 -0.0017
vn -0.0021 -1.0000 -0.0041
vn -0.0033 -1.0000 -0.0042
vn 0.0025 -1.0000 0.0035
vn -0.0024 -1.0000 0.0048
vn 0.0010 -1.0000 -0.0078
vn -0.0033 -1.0000 -0.0041
vn 0.0039 -1.0000 0.0043
vn 0.0013 -0.9999 0.0103
vn 0.0018 -1.0000 -0.0073
vn 0.0006 -1.0000 0.0056
vn 0.0018 -1.0000 -0.0072
vn 0.0047 -1.0000 0.0003
vn -0.0009 -1.0000 0.0054
vn 0.0068 -1.0000 0.0063
vn -0.0010 -1.0000 0.0054
vn -0.0036 -1.0000 0.0056
vn 0.0068 -1.0000 0.0064
vn 0.0010 -1.0000 0.0042
vn -0.0018 -1.0000 0.0084
vn -0.0208 -0.9998 -0.0072
vn -0.0266 -0.9996 0.0107
vn -0.0207 -0.9998 -0.0072
vn -0.0608 -0.9981 0.0047
vn -0.0342 -0.9994 -0.0038
vn -0.0609 -0.9981 0.0047
vn -0.0272 -0.9991 0.0322
vn 0.0716 -0.9973 0.0163
vn -0.0342 -0.9994 -0.0037
vn 0.0780 -0.9966 -0.0268
vn 0.1529 -0.9882 -0.0061
vn 0.0779 -0.9966 -0.0268
vn 0.1848 -0.9821 -0.0365
vn 0.1528 -0.9882 -0.0061
vn -0.4968 -0.8617 0.1036
vn -0.5200 -0.8259 0.2179
vn -0.4389 -0.8975 0.0429
vn -0.4214 -0.9014 0.0997
vn -0.9605 -0.2668 0.0790
vn -0.3897 -0.9202 0.0359
vn -0.4214 -0.9014 0.0998
vn -0.2065 -0.9783 -0.0144
vn -0.3897 -0.9202 0.0360
vn -0.2028 -0.9674 -0.1514
vn -0.1277 -0.9799 -0.1531
vn -0.2028 -0.9674 -0.1515
vn -0.2029 -0.9674 -0.1514
vn -0.4064 -0.9006 -0.1545
vn -0.1511 -0.9749 -0.1638
vn -0.2125 -0.9713 -0.1069
vn -0.1511 -0.9749 -0.1637
vn -0.0140 -0.9999 -0.0028
vn -0.1198 -0.9925 -0.0252
vn -0.0141 -0.9999 -0.0028
vn -0.0182 -0.9995 -0.0249
vn 0.0137 -0.9998 0.0148
vn -0.0292 -0.9995 0.0082
vn 0.0138 -0.9998 0.0148
vn -0.1353 -0.9908 -0.0092
vn -0.0043 -0.9994 0.0351
vn -0.0363 -0.9993 -0.0134
vn 0.0008 -1.0000 0.0029
vn -0.0348 -0.9993 0.0098
vn -0.0027 -1.0000 0.0023
vn -0.0035 -1.0000 0.0055
vn 0.0008 -1.0000 0.0030
vn 0.0080 -0.9999 0.0102
vn -0.0035 -1.0000 0.0054
vn -0.0025 -1.0000 0.0023
vn -0.0034 -1.0000 -0.0006
vn 0.0071 -0.9998 0.0182
vn 0.0030 -0.9999 0.0153
vn 0.0005 -1.0000 -0.0047
vn 0.0071 -0.9998 0.0181
vn -0.0024 -0.9998 0.0176
vn -0.0050 -1.0000 0.0054
vn 0.0005 -1.0000 -0.0046
vn -0.0024 -0.9998 0.0177
vn -0.0202 -0.9997 0.0142
vn -0.0056 -0.9997 0.0250
vn -0.0117 -0.9999 -0.0000
vn -0.0056 -0.9997 0.0251
vn 0.0023 -0.9998 0.0208
vn -0.0057 -0.9997 0.0250
vn 0.0036 -1.0000 -0.0088
vn 0.0048 -0.9998 0.0196
vn 0.0036 -1.0000 -0.0089
vn 0.0088 -1.0000 -0.0042
vn 0.0026 -1.0000 0.0060
vn 0.0098 -1.0000 -0.0003
vn -0.0189 -0.9998 0.0049
vn -0.0036 -0.9998 -0.0176
vn -0.0307 -0.9993 -0.0201
vn -0.0135 -0.9946 -0.1032
vn 0.0922 -0.9957 -0.0081
vn 0.0439 -0.9892 -0.1399
vn 0.0922 -0.9957 -0.0080
vn 0.1310 -0.9906 0.0395
vn 0.0439 -0.9892 -0.1400
vn 0.1098 -0.9880 -0.1084
vn 0.1309 -0.9906 0.0395
vn -0.3567 -0.8955 0.2660
vn -0.3742 -0.8988 0.2283
vn -0.4500 -0.8842 0.1253
vn -0.3831 -0.9162 0.1174
vn -0.3696 -0.9069 0.2024
vn -0.3742 -0.8988 0.2282
vn -0.3567 -0.8955 0.2661
vn -0.3522 -0.9090 0.2228
vn -0.3193 -0.9382 0.1334
vn -0.4180 -0.8992 0.1294
vn -0.3384 -0.9410 0.0052
vn -0.4570 -0.8895 -0.0030
vn -0.5060 -0.8599 -0.0680
vn -0.3518 -0.9352 -0.0412
vn -0.5060 -0.8598 -0.0680
vn -0.3518 -0.9352 -0.0413
vn -0.4389 -0.8975 0.0428
vn -0.1568 -0.9876 0.0024
vn -0.4570 -0.8895 -0.0031
vn -0.3991 -0.9096 0.1154
vn -0.1569 -0.9876 0.0024
vn -0.1299 -0.9857 0.1069
vn -0.0987 -0.9737 0.2053
vn -0.1299 -0.9857 0.1070
vn -0.2158 -0.9764 -0.0072
vn -0.0818 -0.9902 0.1130
vn -0.2176 -0.9760 -0.0050
vn -0.2158 -0.9764 -0.0073
vn -0.1273 -0.9919 0.0019
vn -0.0961 -0.9949 0.0311
vn -0.1274 -0.9919 0.0019
vn -0.0106 -0.9990 0.0431
vn -0.0357 -0.9986 0.0391
vn -0.0347 -0.9993 0.0098
vn -0.0533 -0.9986 0.0042
vn -0.0358 -0.9986 0.0391
vn -0.1327 -0.9909 -0.0211
vn -0.0533 -0.9986 0.0041
vn 0.0080 -0.9999 0.0103
vn 0.0289 -0.9994 0.0177
vn 0.0081 -0.9999 0.0103
vn 0.0075 -0.9999 0.0104
vn 0.0192 -0.9996 0.0223
vn 0.0290 -0.9994 0.0177
vn -0.0667 -0.9978 0.0056
vn 0.0192 -0.9996 0.0224
vn 0.0191 -0.9996 0.0224
vn -0.0017 -0.9996 0.0289
vn 0.0030 -0.9999 0.0152
vn 0.0069 -0.9999 -0.0113
vn 0.0111 -0.9999 -0.0024
vn 0.0007 -0.9996 0.0271
vn -0.0018 -0.9996 0.0289
vn 0.0104 -0.9998 -0.0139
vn 0.0008 -0.9996 0.0271
vn 0.0007 -0.9997 0.0246
vn 0.0103 -0.9998 -0.0139
vn -0.0008 -0.9999 -0.0166
vn 0.0008 -0.9997 0.0246
vn -0.0016 -0.9997 0.0246
vn 0.0007 -0.9997 0.0245
vn -0.0116 -0.9997 -0.0228
vn 0.0068 -0.9999 0.0137
vn -0.0116 -0.9997 -0.0227
vn 0.0157 -0.9998 -0.0132
vn 0.0128 -0.9999 -0.0092
vn 0.0265 -0.9996 0.0001
vn -0.0118 -0.9999 -0.0000
vn 0.0016 -0.9999 -0.0148
vn -0.0043 -1.0000 -0.0029
vn 0.0017 -0.9999 -0.0148
vn -0.0003 -1.0000 0.0062
vn -0.0058 -1.0000 -0.0042
vn 0.0087 -1.0000 -0.0042
vn 0.0107 -0.9999 0.0044
vn -0.0004 -1.0000 0.0062
vn -0.0057 -1.0000 -0.0042
vn 0.0764 -0.9969 -0.0168
vn 0.0108 -0.9999 0.0044
vn 0.1453 -0.9860 -0.0816
vn 0.0763 -0.9969 -0.0167
vn 0.2666 -0.9617 -0.0643
vn 0.1549 -0.9401 -0.3037
vn 0.2666 -0.9617 -0.0644
vn 0.1943 -0.9752 -0.1061
vn 0.1550 -0.9401 -0.3036
vn 0.0658 -0.9671 -0.2458
vn 0.1549 -0.9401 -0.3036
vn -0.0079 -0.9935 -0.1137
vn -0.3162 -0.9352 0.1595
vn -0.0371 -0.9788 0.2016
vn -0.2316 -0.9240 0.3044
vn -0.2262 -0.9258 0.3030
vn -0.3748 -0.9262 -0.0421
vn -0.3367 -0.9306 -0.1439
vn -0.1314 -0.9878 -0.0840
vn -0.3366 -0.9306 -0.1439
vn -0.2051 -0.9781 0.0369
vn -0.0724 -0.9941 0.0806
vn 0.0378 -0.9993 -0.0036
vn -0.0723 -0.9941 0.0806
vn 0.0399 -0.9991 0.0105
vn -0.2229 -0.9538 0.2015
vn -0.0471 -0.9960 -0.0762
vn -0.3646 -0.9276 0.0817
vn -0.1480 -0.9868 -0.0661
vn -0.3647 -0.9275 0.0817
vn -0.4322 -0.9018 0.0065
vn -0.1479 -0.9868 -0.0661
vn -0.1308 -0.9850 0.1127
vn -0.4322 -0.9018 0.0066
vn -0.1307 -0.9850 0.1127
vn -0.0019 -0.9959 -0.0901
vn -0.0106 -0.9990 0.0432
vn -0.0011 -0.9991 -0.0425
vn -0.0020 -0.9959 -0.0900
vn -0.1326 -0.9909 -0.0211
vn -0.1783 -0.9834 -0.0343
vn -0.0105 -0.9990 0.0432
vn -0.1421 -0.9893 0.0321
vn -0.0405 -0.9979 0.0502
vn -0.0956 -0.9953 -0.0167
vn -0.0644 -0.9979 -0.0064
vn -0.1163 -0.9927 0.0330
vn 0.0120 -0.9995 -0.0297
vn 0.0111 -0.9999 -0.0023
vn 0.0064 -0.9999 -0.0081
vn -0.0311 -0.9994 -0.0117
vn 0.0034 -0.9996 -0.0289
vn -0.0089 -0.9999 0.0064
vn -0.0077 -0.9999 -0.0097
vn -0.0149 -0.9999 0.0082
vn 0.0023 -1.0000 0.0031
vn -0.0149 -0.9999 0.0083
vn 0.0092 -0.9999 0.0068
vn 0.0120 -0.9997 -0.0218
vn 0.0071 -0.9997 0.0213
vn 0.0119 -0.9997 -0.0218
vn -0.0008 -0.9999 -0.0167
vn -0.0087 -0.9998 -0.0197
vn -0.0142 -0.9998 0.0155
vn 0.0056 -0.9999 0.0159
vn 0.0359 -0.9977 -0.0567
vn 0.0294 -0.9990 -0.0324
vn 0.0359 -0.9977 -0.0566
vn 0.0962 -0.9906 -0.0975
vn 0.0166 -0.9939 -0.1095
vn 0.0022 -0.9974 -0.0716
vn 0.0165 -0.9939 -0.1095
vn 0.0140 -0.9989 -0.0442
vn -0.0502 -0.9951 -0.0848
vn 0.0166 -0.9938 -0.1095
vn 0.0763 -0.9969 -0.0168
vn 0.2071 -0.9775 0.0410
vn 0.1223 -0.9918 -0.0384
vn 0.0764 -0.9969 -0.0167
vn 0.2195 -0.9691 0.1121
vn 0.2527 -0.9676 -0.0026
vn 0.1368 -0.9900 -0.0340
vn 0.2527 -0.9675 -0.0026
vn 0.3005 -0.9536 -0.0184
vn 0.1368 -0.9900 -0.0341
vn -0.0079 -0.9935 -0.1136
vn 0.1942 -0.9752 -0.1061
vn 0.2295 -0.9709 -0.0691
vn 0.2526 -0.9676 -0.0026
vn 0.1874 -0.9800 -0.0672
vn 0.2295 -0.9709 -0.0690
vn -0.1962 -0.9785 0.0636
vn -0.4950 -0.8655 -0.0770
vn -0.4856 -0.8737 0.0292
vn -0.2782 -0.9596 0.0409
vn 0.0134 -0.9992 0.0379
vn -0.2783 -0.9596 0.0409
vn 0.0122 -0.9981 0.0600
vn -0.0540 -0.9924 0.1105
vn -0.0581 -0.9983 0.0024
vn -0.0541 -0.9924 0.1105
vn -0.0001 -0.9993 -0.0369
vn -0.2051 -0.9781 0.0368
vn -0.0685 -0.9973 0.0266
vn -0.0500 -0.9945 0.0915
vn -0.0686 -0.9971 0.0325
vn -0.0499 -0.9945 0.0915
vn 0.0399 -0.9991 0.0104
vn -0.0504 -0.9946 0.0910
vn -0.0499 -0.9946 0.0915
vn -0.0368 -0.9957 0.0848
vn -0.2050 -0.9781 0.0369
vn -0.1162 -0.9927 0.0330
vn -0.0367 -0.9957 0.0848
vn -0.0705 -0.9953 0.0670
vn -0.1162 -0.9927 0.0331
vn -0.0308 -0.9995 0.0053
vn 0.0019 -1.0000 -0.0063
vn -0.0309 -0.9995 -0.0119
vn -0.0207 -0.9997 -0.0161
vn -0.0397 -0.9982 -0.0454
vn 0.0003 -1.0000 0.0040
vn -0.0064 -1.0000 0.0024
vn -0.0148 -0.9998 0.0098
vn -0.0064 -1.0000 0.0025
vn -0.0169 -0.9999 0.0016
vn -0.0148 -0.9998 0.0099
vn -0.0089 -0.9999 0.0065
vn -0.0040 -0.9999 0.0140
vn -0.0168 -0.9999 0.0015
vn -0.0117 -0.9999 0.0075
vn -0.0102 -0.9999 0.0058
vn 0.0008 -1.0000 0.0025
vn -0.0102 -0.9999 0.0059
vn 0.0030 -0.9997 0.0243
vn 0.0123 -0.9997 -0.0231
vn 0.0226 -0.9997 -0.0022
vn 0.0727 -0.9953 -0.0646
vn 0.1154 -0.9893 -0.0887
vn 0.0227 -0.9997 -0.0022
vn 0.0728 -0.9953 -0.0646
vn 0.0934 -0.9955 -0.0183
vn 0.1154 -0.9894 -0.0887
vn -0.0142 -0.9998 0.0154
vn 0.0157 -0.9973 -0.0714
vn 0.0934 -0.9955 -0.0184
vn -0.0396 -0.9966 0.0722
vn 0.0360 -0.9977 -0.0566
vn -0.0228 -0.9959 0.0877
vn -0.0072 -0.9996 0.0270
vn -0.0228 -0.9959 0.0878
vn 0.0841 -0.9950 -0.0542
vn -0.0072 -0.9996 0.0271
vn 0.1635 -0.9857 -0.0400
vn 0.0893 -0.9823 -0.1647
vn 0.1549 -0.9873 -0.0352
vn 0.1222 -0.9918 -0.0384
vn -0.0502 -0.9951 -0.0847
vn 0.1549 -0.9873 -0.0353
vn 0.1320 -0.9883 -0.0768
vn 0.1678 -0.9858 -0.0040
vn 0.1550 -0.9873 -0.0352
vn 0.1789 -0.9838 0.0080
vn 0.2102 -0.9754 -0.0661
vn 0.1677 -0.9858 -0.0040
vn 0.1961 -0.9805 -0.0121
vn 0.1873 -0.9800 -0.0672
vn 0.2102 -0.9754 -0.0660
vn 0.1771 -0.9779 0.1112
vn 0.1548 -0.9823 0.1055
vn 0.1771 -0.9779 0.1113
vn -0.2709 -0.9610 0.0548
vn -0.4575 -0.8876 0.0529
vn -0.4812 -0.8764 0.0203
vn -0.2766 -0.9604 0.0318
vn 0.0039 -0.9982 0.0593
vn -0.2767 -0.9604 0.0318
vn -0.0157 -0.9987 0.0488
vn 0.0361 -0.9947 0.0963
vn 0.0257 -0.9978 0.0603
vn 0.0360 -0.9947 0.0963
vn 0.0434 -0.9980 0.0460
vn -0.0470 -0.9989 -0.0040
vn 0.0435 -0.9980 0.0460
vn -0.0215 -0.9971 0.0731
vn -0.0654 -0.9956 -0.0673
vn -0.0633 -0.9978 -0.0192
vn -0.0429 -0.9983 0.0404
vn -0.0214 -0.9971 0.0731
vn -0.0315 -0.9995 -0.0048
vn -0.0429 -0.9983 0.0405
vn -0.0436 -0.9986 0.0284
vn -0.0103 -0.9999 0.0089
vn -0.0217 -0.9993 0.0305
vn -0.0102 -0.9999 0.0089
vn -0.0166 -0.9998 0.0144
vn -0.0062 -0.9999 0.0144
vn -0.0165 -0.9998 0.0144
vn -0.0105 -0.9999 -0.0049
vn -0.0061 -0.9999 0.0144
vn 0.0128 -0.9999 -0.0011
vn -0.0169 -0.9999 0.0015
vn 0.0172 -0.9997 -0.0173
vn 0.0202 -0.9997 -0.0106
vn 0.0171 -0.9997 -0.0173
vn 0.0008 -1.0000 0.0024
vn 0.0196 -0.9993 -0.0304
vn 0.0204 -0.9997 -0.0106
vn 0.0205 -0.9997 -0.0106
vn 0.0355 -0.9986 -0.0384
vn 0.0198 -0.9993 -0.0301
vn 0.0007 -1.0000 0.0025
vn 0.0195 -0.9993 -0.0304
vn 0.0822 -0.9954 -0.0489
vn 0.0615 -0.9973 -0.0390
vn 0.0821 -0.9954 -0.0489
vn 0.0215 -0.9997 -0.0146
vn 0.0132 -0.9999 -0.0108
vn -0.0325 -0.9980 0.0544
vn -0.0599 -0.9981 0.0154
vn 0.0168 -0.9998 0.0064
vn 0.0310 -0.9967 0.0745
vn -0.0395 -0.9966 0.0722
vn 0.1484 -0.9889 0.0025
vn 0.0167 -0.9998 0.0064
vn 0.1839 -0.9776 0.1020
vn 0.1839 -0.9776 0.1019
vn 0.1766 -0.9823 0.0629
vn 0.1789 -0.9838 0.0081
vn 0.2148 -0.9299 0.2984
vn 0.1764 -0.9527 0.2473
vn 0.2167 -0.9296 0.2983
vn 0.1548 -0.9823 0.1054
vn 0.2167 -0.9296 0.2982
vn 0.1427 -0.9489 0.2814
vn 0.3737 -0.9213 0.1071
vn 0.1426 -0.9489 0.2814
vn 0.2671 -0.9536 0.1391
vn 0.3737 -0.9214 0.1071
vn 0.3901 -0.9186 0.0629
vn 0.6105 -0.7920 0.0092
vn -0.3130 -0.9494 -0.0256
vn -0.5773 -0.8070 -0.1248
vn -0.6299 -0.7756 -0.0406
vn -0.3982 -0.9173 0.0087
vn -0.0289 -0.9987 0.0409
vn -0.0515 -0.9961 0.0720
vn -0.2766 -0.9605 0.0318
vn 0.0327 -0.9991 0.0281
vn -0.0516 -0.9961 0.0720
vn 0.0585 -0.9964 0.0621
vn 0.0016 -0.9999 0.0115
vn 0.0108 -0.9998 0.0186
vn 0.0016 -0.9999 0.0116
vn 0.0025 -0.9987 0.0506
vn 0.0258 -0.9978 0.0603
vn -0.0381 -0.9980 0.0495
vn -0.0414 -0.9991 0.0116
vn -0.0477 -0.9976 0.0492
vn -0.0291 -0.9995 -0.0098
vn -0.0027 -0.9995 0.0322
vn -0.0292 -0.9995 -0.0098
vn 0.0093 -0.9997 -0.0227
vn -0.0028 -0.9995 0.0322
vn -0.0217 -0.9993 0.0306
vn 0.0085 -0.9999 0.0105
vn 0.0104 -0.9998 -0.0140
vn 0.0023 -0.9999 0.0106
vn 0.0069 -1.0000 -0.0021
vn 0.0022 -0.9999 0.0106
vn 0.0301 -0.9994 0.0176
vn 0.0397 -0.9992 -0.0056
vn 0.0301 -0.9994 0.0175
vn 0.0713 -0.9973 -0.0147
vn 0.1075 -0.9934 -0.0405
vn 0.0713 -0.9973 -0.0148
vn 0.0355 -0.9986 -0.0383
vn 0.0771 -0.9942 -0.0743
vn 0.0877 -0.9954 -0.0385
vn 0.0356 -0.9986 -0.0384
vn 0.0615 -0.9973 -0.0391
vn -0.0132 -0.9990 -0.0430
vn 0.0876 -0.9954 -0.0385
vn -0.0782 -0.9961 0.0405
vn 0.0132 -0.9999 -0.0109
vn -0.1235 -0.9909 0.0539
vn -0.0782 -0.9961 0.0406
vn -0.1748 -0.9791 0.1039
vn -0.1235 -0.9909 0.0538
vn -0.0584 -0.9919 0.1126
vn -0.1583 -0.9797 0.1234
vn -0.1583 -0.9797 0.1233
vn 0.0133 -0.9663 0.2570
vn 0.0147 -0.9990 -0.0418
vn -0.1582 -0.9797 0.1234
vn -0.2409 -0.9685 0.0622
vn 0.2670 -0.9536 0.1391
vn 0.0134 -0.9663 0.2571
vn 0.0147 -0.9990 -0.0417
vn 0.2542 -0.9665 -0.0348
vn 0.0133 -0.9663 0.2571
vn 0.3744 -0.9253 -0.0608
vn -0.0268 -0.9996 -0.0015
vn 0.3745 -0.9252 -0.0608
vn 0.1912 -0.9646 -0.1818
vn 0.2543 -0.9665 -0.0348
vn 0.3688 -0.9214 -0.1223
vn 0.1911 -0.9646 -0.1818
vn 0.4570 -0.8855 -0.0840
vn 0.3688 -0.9214 -0.1224
vn 0.2602 -0.9543 -0.1467
vn 0.1914 -0.9811 -0.0272
vn 0.4237 -0.9031 -0.0697
vn 0.4165 -0.9057 -0.0784
vn 0.1793 -0.9832 -0.0337
vn 0.0006 -1.0000 -0.0004
vn 0.0010 -1.0000 0.0086
vn 0.0005 -1.0000 -0.0003
vn -0.0001 -1.0000 -0.0003
vn 0.0004 -1.0000 -0.0003
vn 0.0011 -0.9996 0.0270
vn -0.0003 -1.0000 -0.0001
vn -0.0000 -1.0000 -0.0002
vn 0.0012 -0.9994 0.0351
vn -0.0001 -1.0000 -0.0000
vn -0.0000 -1.0000 -0.0000
vn 0.0005 -0.9999 0.0166
vn -0.0001 -1.0000 0.0002
vn -0.0000 -1.0000 0.0002
vn -0.0000 -1.0000 0.0005
vn 0.0001 -1.0000 -0.0000
vn 0.0002 -1.0000 -0.0000
vn -0.0000 -1.0000 0.0006
vn -0.0008 -1.0000 0.0040
vn -0.1493 -0.9887 -0.0130
vn -0.0008 -1.0000 0.0039
vn -0.1549 -0.9835 0.0937
vn -0.3156 -0.9487 -0.0169
vn -0.3207 -0.9287 0.1861
vn -0.4782 -0.8783 0.0018
vn -0.8275 -0.5320 -0.1798
vn -0.8710 -0.4836 -0.0860
vn -0.4497 -0.8931 0.0115
vn -0.5835 -0.8048 -0.1089
vn -0.4782 -0.8783 0.0017
vn -0.4782 -0.8782 0.0018
vn -0.4823 -0.8755 -0.0294
vn -0.2093 -0.9762 0.0563
vn -0.4782 -0.8782 0.0017
vn -0.2000 -0.9796 -0.0197
vn -0.3960 -0.9104 -0.1197
vn -0.2093 -0.9762 0.0562
vn -0.1768 -0.9822 0.0628
vn -0.3960 -0.9104 -0.1196
vn -0.5835 -0.8048 -0.1090
vn -0.5574 -0.8058 -0.1999
vn -0.3876 -0.9182 -0.0813
vn -0.0803 -0.9967 0.0073
vn -0.3876 -0.9183 -0.0813
vn -0.6090 -0.7879 -0.0912
vn -0.6301 -0.7754 -0.0407
vn 0.0328 -0.9907 0.1323
vn -0.0150 -0.9943 0.1054
vn 0.0327 -0.9907 0.1323
vn 0.0254 -0.9928 0.1170
vn 0.0735 -0.9950 0.0674
vn 0.0585 -0.9964 0.0620
vn 0.0153 -0.9993 0.0337
vn 0.0735 -0.9950 0.0673
vn 0.0449 -0.9985 0.0325
vn -0.0262 -0.9996 0.0040
vn -0.0084 -0.9994 -0.0337
vn -0.0263 -0.9996 0.0040
vn -0.0009 -0.9999 0.0139
vn -0.0291 -0.9995 -0.0097
vn 0.0025 -0.9995 -0.0330
vn -0.0039 -0.9999 0.0103
vn 0.0026 -0.9995 -0.0330
vn -0.0292 -0.9995 -0.0097
vn -0.0009 -0.9999 -0.0162
vn -0.0038 -0.9999 0.0103
vn -0.0170 -0.9997 0.0196
vn -0.0127 -0.9999 0.0032
vn -0.0009 -0.9999 -0.0161
vn -0.0123 -0.9997 0.0200
vn -0.0127 -0.9999 0.0031
vn 0.0364 -0.9993 0.0087
vn -0.0123 -0.9997 0.0201
vn 0.0496 -0.9987 -0.0137
vn 0.0396 -0.9992 -0.0056
vn 0.1322 -0.9911 -0.0130
vn 0.1217 -0.9921 -0.0319
vn 0.1075 -0.9934 -0.0406
vn 0.0637 -0.9979 -0.0085
vn 0.0450 -0.9988 0.0171
vn 0.1076 -0.9934 -0.0405
vn -0.1088 -0.9925 0.0560
vn -0.0989 -0.9948 0.0259
vn -0.1774 -0.9837 0.0297
vn -0.0990 -0.9948 0.0259
vn -0.1672 -0.9859 0.0120
vn -0.1774 -0.9837 0.0298
vn -0.2409 -0.9686 0.0622
vn -0.2608 -0.9653 -0.0169
vn -0.2022 -0.9791 -0.0221
vn -0.1671 -0.9859 0.0120
vn -0.1398 -0.9900 -0.0178
vn -0.2021 -0.9791 -0.0221
vn -0.1265 -0.9780 -0.1661
vn -0.0832 -0.9894 -0.1192
vn -0.1579 -0.9843 -0.0786
vn -0.0831 -0.9894 -0.1192
vn 0.2281 -0.9707 -0.0756
vn -0.1265 -0.9780 -0.1660
vn 0.0899 -0.9838 -0.1552
vn 0.2282 -0.9707 -0.0756
vn 0.3744 -0.9253 -0.0607
vn 0.3718 -0.9283 0.0049
vn 0.0898 -0.9838 -0.1552
vn 0.3357 -0.9380 -0.0869
vn 0.3745 -0.9253 -0.0608
vn 0.3766 -0.9245 -0.0580
vn 0.4889 -0.8723 -0.0050
vn 0.3689 -0.9214 -0.1223
vn 0.2056 -0.9772 -0.0524
vn 0.1960 -0.9805 -0.0129
vn 0.1004 -0.9946 -0.0270
vn 0.1005 -0.9948 -0.0145
vn 0.3798 -0.9225 0.0692
vn 0.1390 -0.9902 -0.0144
vn 0.0289 -0.9863 -0.1626
vn -0.0519 -0.9985 -0.0193
vn 0.0288 -0.9863 -0.1626
vn 0.3357 -0.9379 -0.0869
vn -0.0686 -0.9974 0.0226
vn -0.0520 -0.9985 -0.0193
vn -0.1462 -0.9827 -0.1133
vn -0.2033 -0.9789 0.0190
vn -0.0775 -0.9812 -0.1768
vn -0.1353 -0.9817 -0.1337
vn -0.1353 -0.9818 -0.1336
vn -0.0976 -0.9732 -0.2083
vn -0.1360 -0.9870 -0.0852
vn 0.0292 -0.9889 -0.1459
vn 0.0292 -0.9889 -0.1458
vn 0.1066 -0.9773 -0.1831
vn -0.1361 -0.9870 -0.0853
vn -0.1360 -0.9870 -0.0853
vn -0.2033 -0.9789 0.0189
vn -0.1353 -0.9817 -0.1336
vn -0.0277 -0.9963 -0.0817
vn 0.0291 -0.9889 -0.1459
vn 0.0101 -0.9999 0.0057
vn 0.0582 -0.9962 -0.0648
vn -0.1077 -0.9932 -0.0441
vn -0.0317 -0.9986 0.0433
vn -0.0318 -0.9986 0.0433
vn -0.0594 -0.9980 0.0194
vn -0.0594 -0.9980 0.0193
vn -0.0618 -0.9977 0.0270
vn -0.0816 -0.9962 0.0301
vn 0.0126 -0.9987 0.0499
vn 0.0769 -0.9943 -0.0738
vn 0.0386 -0.9982 -0.0462
vn 0.0769 -0.9943 -0.0739
vn 0.0768 -0.9943 -0.0738
vn -0.0013 -1.0000 -0.0014
vn 0.0931 -0.9936 -0.0642
vn 0.0909 -0.9945 -0.0513
vn -0.0009 -1.0000 -0.0010
vn 0.0743 -0.9958 -0.0540
vn 0.0089 -1.0000 0.0008
vn 0.0473 -0.9985 -0.0269
vn 0.0744 -0.9958 -0.0540
vn 0.0497 -0.9987 -0.0137
vn 0.0088 -1.0000 0.0008
vn 0.0748 -0.9961 -0.0465
vn 0.0216 -0.9995 0.0234
vn 0.0323 -0.9989 -0.0340
vn 0.0089 -1.0000 0.0009
vn -0.0152 -0.9996 0.0241
vn 0.0009 -0.9994 0.0355
vn -0.0093 -0.9993 0.0351
vn -0.0113 -0.9989 -0.0446
vn -0.0186 -0.9998 0.0047
vn -0.0279 -0.9988 -0.0399
vn 0.0172 -0.9997 0.0181
vn 0.0587 -0.9980 -0.0252
vn 0.0009 -0.9994 0.0354
vn 0.0087 -0.9990 -0.0433
vn 0.0899 -0.9946 -0.0527
vn 0.0901 -0.9915 -0.0937
vn -0.0279 -0.9988 -0.0398
vn -0.0015 -0.9996 -0.0294
vn 0.0758 -0.9967 -0.0294
vn -0.0015 -0.9996 -0.0293
vn -0.0033 -0.9998 -0.0197
vn -0.0055 -0.9999 -0.0157
vn -0.0066 -0.9999 -0.0126
vn -0.0110 -0.9989 -0.0454
vn 0.0003 -0.9998 -0.0186
vn -0.0110 -0.9989 -0.0455
vn 0.0230 -0.9992 -0.0337
vn 0.0141 -0.9999 -0.0090
vn 0.0230 -0.9992 -0.0336
vn 0.0678 -0.9975 -0.0204
vn 0.0714 -0.9974 -0.0042
vn 0.0678 -0.9975 -0.0205
vn 0.0749 -0.9961 -0.0465
vn 0.0776 -0.9967 -0.0255
vn 0.0715 -0.9974 -0.0042
vn 0.0620 -0.9980 0.0098
vn 0.0777 -0.9967 -0.0255
vn -0.0329 -0.9991 0.0253
vn 0.0619 -0.9980 0.0098
vn -0.0600 -0.9978 0.0291
vn -0.0013 -1.0000 -0.0010
vn -0.0530 -0.9972 0.0532
vn -0.0410 -0.9991 0.0047
vn 0.1774 -0.9839 -0.0209
vn 0.2057 -0.9780 -0.0336
vn 0.1773 -0.9839 -0.0209
vn -0.0402 -0.9991 -0.0124
vn 0.2057 -0.9780 -0.0335
vn 0.2111 -0.9770 -0.0290
vn 0.1066 -0.9773 -0.1830
vn 0.2224 -0.9750 0.0028
vn 0.1793 -0.9835 -0.0248
vn 0.2224 -0.9749 0.0028
vn -0.1861 -0.9820 -0.0309
vn 0.2222 -0.9750 0.0017
vn -0.1198 -0.9913 0.0553
vn -0.2448 -0.9689 0.0350
vn -0.1198 -0.9913 0.0552
vn -0.3079 -0.9493 0.0626
vn -0.0629 -0.9941 0.0879
vn -0.3080 -0.9493 0.0626
vn -0.1277 -0.9913 0.0324
vn 0.1626 -0.9865 0.0214
vn 0.1938 -0.9785 -0.0707
vn 0.1004 -0.9948 -0.0145
vn 0.2775 -0.9539 -0.1145
vn 0.3813 -0.9110 -0.1568
vn 0.2775 -0.9539 -0.1144
vn 0.3487 -0.9265 -0.1413
vn 0.3531 -0.9235 -0.1500
vn 0.1362 -0.9839 -0.1155
vn 0.1199 -0.9909 -0.0609
vn 0.3856 -0.9050 -0.1799
vn 0.1645 -0.9810 -0.1033
vn -0.1660 -0.9861 -0.0011
vn -0.1322 -0.9910 -0.0228
vn 0.3813 -0.9110 -0.1569
vn -0.0890 -0.9957 0.0258
vn -0.1991 -0.9740 0.1084
vn -0.1991 -0.9740 0.1083
vn -0.1699 -0.9840 0.0539
vn -0.2741 -0.9612 0.0299
vn -0.0640 -0.9944 0.0846
vn -0.0641 -0.9944 0.0846
vn -0.0435 -0.9946 0.0947
vn -0.2741 -0.9612 0.0300
vn -0.1661 -0.9861 -0.0011
vn -0.0369 -0.9987 0.0357
vn 0.1049 -0.9944 0.0131
vn 0.1050 -0.9944 0.0131
vn 0.0925 -0.9955 0.0204
vn -0.0436 -0.9946 0.0947
vn -0.0369 -0.9987 0.0356
vn 0.1805 -0.9823 0.0497
vn 0.1805 -0.9823 0.0498
vn 0.0857 -0.9924 -0.0885
vn 0.0856 -0.9924 -0.0885
vn 0.0306 -0.9991 -0.0289
vn 0.0124 -0.9989 0.0449
vn 0.0307 -0.9991 -0.0289
vn -0.0728 -0.9973 0.0019
vn -0.0313 -0.9967 0.0745
vn -0.0729 -0.9973 0.0019
vn -0.1288 -0.9876 -0.0894
vn -0.0008 -0.9996 -0.0287
vn 0.0258 -0.9967 0.0770
vn -0.0852 -0.9940 -0.0693
vn -0.0852 -0.9939 -0.0693
vn -0.0656 -0.9914 -0.1132
vn -0.0022 -0.9996 -0.0264
vn -0.0007 -0.9996 -0.0287
vn 0.0982 -0.9948 -0.0262
vn 0.1286 -0.9917 0.0045
vn -0.0576 -0.9983 -0.0122
vn -0.0657 -0.9914 -0.1132
vn -0.0577 -0.9983 -0.0122
vn 0.0513 -0.9984 -0.0230
vn 0.0513 -0.9984 -0.0229
vn 0.0764 -0.9971 -0.0033
vn 0.0745 -0.9968 -0.0283
vn 0.0765 -0.9971 -0.0033
vn 0.0702 -0.9975 0.0117
vn 0.0744 -0.9968 -0.0283
vn -0.0146 -0.9990 -0.0415
vn -0.0146 -0.9990 -0.0414
vn -0.0106 -0.9999 0.0062
vn 0.0031 -0.9998 -0.0192
vn -0.0100 -0.9987 -0.0491
vn -0.0304 -0.9985 -0.0455
vn -0.0248 -0.9995 0.0181
vn 0.0329 -0.9987 -0.0399
vn 0.0342 -0.9987 0.0373
vn 0.0016 -0.9985 -0.0546
vn 0.0136 -0.9998 -0.0119
vn 0.0345 -0.9994 -0.0049
vn 0.0329 -0.9987 -0.0398
vn -0.0055 -0.9999 -0.0156
vn 0.0575 -0.9978 0.0317
vn 0.0093 -0.9999 0.0044
vn 0.0291 -0.9995 0.0134
vn 0.0575 -0.9978 0.0318
vn -0.0008 -1.0000 -0.0030
vn 0.0563 -0.9974 -0.0446
vn 0.0347 -0.9987 0.0362
vn 0.0417 -0.9989 -0.0219
vn 0.1146 -0.9894 -0.0896
vn 0.0124 -0.9959 -0.0891
vn 0.0195 -0.9961 -0.0861
vn 0.1076 -0.9918 -0.0686
vn 0.1145 -0.9894 -0.0896
vn -0.0681 -0.9961 -0.0558
vn -0.4497 -0.8931 0.0116
vn -0.3535 -0.9336 -0.0580
vn -0.2000 -0.9796 -0.0198
vn 0.1111 -0.9892 -0.0955
vn -0.2001 -0.9796 -0.0197
vn 0.0302 -0.9986 0.0440
vn 0.0301 -0.9986 0.0440
vn 0.0899 -0.9946 -0.0526
vn -0.3050 -0.9271 -0.2180
vn -0.9109 -0.3323 -0.2445
vn -0.9110 -0.3323 -0.2445
vn -0.8927 -0.3948 -0.2174
vn -0.4264 -0.9011 -0.0786
vn -0.8188 -0.5653 -0.0999
vn -0.4265 -0.9011 -0.0786
vn -0.0130 -0.9993 0.0360
vn -0.1073 -0.9916 -0.0724
vn -0.4568 -0.8688 -0.1909
vn 0.0688 -0.9963 0.0519
vn 0.0195 -0.9961 -0.0860
vn -0.0131 -0.9969 -0.0777
vn -0.1406 -0.9695 -0.2007
vn -0.0130 -0.9969 -0.0777
vn 0.0291 -0.9995 0.0135
vn 0.0390 -0.9989 0.0279
vn 0.0688 -0.9963 0.0520
vn -0.0081 -1.0000 -0.0020
vn -0.0838 -0.9964 -0.0102
vn 0.0118 -0.9996 0.0247
vn 0.0198 -0.9990 0.0389
vn 0.0117 -0.9996 0.0247
vn 0.0270 -0.9971 0.0709
vn 0.0072 -0.9987 0.0502
vn 0.0269 -0.9971 0.0709
vn -0.0051 -0.9984 0.0561
vn 0.0004 -0.9988 0.0490
vn -0.0005 -0.9992 0.0411
vn -0.0009 -0.9986 0.0520
vn 0.0627 -0.9970 0.0453
vn 0.0028 -0.9972 0.0750
vn -0.0106 -0.9999 0.0063
vn -0.0005 -0.9992 0.0412
vn 0.1265 -0.9847 0.1199
vn 0.0496 -0.9930 0.1073
vn 0.0496 -0.9930 0.1072
vn 0.1120 -0.9799 0.1651
vn 0.0470 -0.9973 0.0559
vn 0.0495 -0.9930 0.1073
vn 0.0325 -0.9994 0.0098
vn 0.0199 -0.9919 0.1254
vn 0.1120 -0.9799 0.1650
vn 0.0158 -0.9998 0.0095
vn 0.0167 -0.9998 0.0081
vn 0.1040 -0.9926 0.0629
vn 0.1048 -0.9943 0.0197
vn 0.1046 -0.9945 0.0083
vn 0.1262 -0.9884 0.0849
vn 0.1045 -0.9945 0.0083
vn 0.1041 -0.9926 0.0629
vn -0.0440 -0.9975 0.0557
vn -0.0355 -0.9856 0.1651
vn -0.1821 -0.9810 0.0672
vn -0.1304 -0.9816 0.1398
vn -0.0441 -0.9975 0.0557
vn -0.0772 -0.9967 0.0234
vn -0.0637 -0.9969 0.0458
vn -0.0772 -0.9967 0.0235
vn 0.1411 -0.9893 -0.0375
vn 0.1558 -0.9871 -0.0380
vn 0.1411 -0.9893 -0.0376
vn 0.1412 -0.9893 -0.0376
vn 0.3697 -0.9224 -0.1119
vn 0.3842 -0.9179 -0.0988
vn 0.3757 -0.9212 -0.1007
vn 0.1712 -0.9845 -0.0391
vn 0.4165 -0.9057 -0.0783
vn 0.3843 -0.9179 -0.0987
vn -0.0134 -0.9999 0.0039
vn -0.0135 -0.9999 0.0039
vn -0.0439 -0.9960 0.0778
vn 0.0014 -0.9996 0.0274
vn 0.0010 -1.0000 0.0087
vn -0.0256 -0.9877 0.1542
vn -0.0256 -0.9877 0.1543
vn 0.0428 -0.9919 0.1198
vn 0.0428 -0.9919 0.1199
vn 0.0480 -0.9988 0.0089
vn 0.0001 -1.0000 0.0006
vn 0.0059 -1.0000 -0.0023
vn -0.0001 -1.0000 -0.0001
vn 0.0059 -1.0000 -0.0024
vn 0.0015 -1.0000 -0.0061
vn 0.0168 -0.9998 0.0082
vn 0.0012 -1.0000 -0.0087
vn 0.0014 -0.9999 -0.0163
vn 0.0044 -0.9990 -0.0449
vn -0.0001 -1.0000 -0.0080
vn 0.0324 -0.9994 0.0098
vn 0.0278 -0.9996 0.0052
vn -0.0022 -1.0000 -0.0000
vn -0.0077 -0.9988 -0.0475
vn -0.0013 -0.9986 0.0520
vn -0.0001 -1.0000 -0.0040
vn 0.0010 -0.9987 -0.0506
vn -0.0000 -1.0000 -0.0040
vn 0.0024 -1.0000 -0.0000
vn 0.0039 -1.0000 0.0006
vn 0.0001 -0.9987 -0.0502
vn 0.0008 -0.9989 -0.0465
vn 0.0011 -0.9989 -0.0465
vn -0.0000 -1.0000 -0.0001
vn 0.0007 -0.9987 -0.0502
vn -0.0002 -0.9987 -0.0502
vn 0.0039 -1.0000 0.0005
vn -0.0079 -0.9999 -0.0088
vn -0.0213 -0.9998 -0.0049
vn -0.0213 -0.9998 -0.0050
vn 0.0009 -0.9991 -0.0416
vn 0.0072 -0.9987 0.0503
vn -0.0183 -0.9996 0.0226
vn 0.0015 -0.9991 -0.0416
vn 0.0001 -1.0000 -0.0001
vn 0.0005 -0.9991 -0.0416
vn -0.0798 -0.9968 -0.0032
vn -0.0183 -0.9996 0.0225
vn -0.2118 -0.9663 0.1463
vn -0.0774 -0.9960 0.0445
vn -0.0839 -0.9964 -0.0102
vn -0.3276 -0.9409 -0.0855
vn -0.5869 -0.8050 -0.0870
vn -0.5831 -0.7786 0.2321
vn -0.0839 -0.9964 -0.0101
vn -0.5545 -0.7428 -0.3753
vn -0.5545 -0.7427 -0.3753
vn -0.8218 -0.4348 -0.3682
vn -0.9099 -0.4085 -0.0727
vn -0.4569 -0.8688 -0.1908
vn -0.5545 -0.7428 -0.3752
vn -0.4569 -0.8688 -0.1909
vn -0.8218 -0.4349 -0.3682
vn -0.8399 -0.4506 -0.3025
vn -0.7472 -0.5659 0.3485
vn -0.7101 -0.6648 0.2320
vn -0.3939 -0.8984 0.1944
vn -0.9099 -0.4084 -0.0727
vn -0.5831 -0.7786 0.2320
vn -0.5869 -0.8050 -0.0869
vn -0.2959 -0.9551 0.0172
vn -0.7101 -0.6648 0.2321
vn -0.4738 -0.8498 0.2310
vn -0.0060 -1.0000 -0.0004
vn -0.5831 -0.7785 0.2321
vn -0.0000 -1.0000 0.0001
vn -0.0067 -0.9999 -0.0126
vn 0.1793 -0.9835 -0.0249
vn 0.0378 -0.9993 -0.0037
vn -0.3694 -0.9278 0.0522
vn 0.2194 -0.9566 0.1920
vn 0.1597 -0.9789 -0.1276
vn -0.0763 -0.7086 0.7015
vn 0.0906 -0.7658 0.6367
vn -0.0764 -0.7086 0.7015
vn 0.2948 -0.8258 0.4808
vt 0.966460 0.362350
vt 0.852800 0.864840
vt 0.967020 0.375560
vt 0.853960 0.856430
vt 0.961870 0.375300
vt 0.961330 0.362960
vt 0.965530 0.395650
vt 0.854750 0.843310
vt 0.959640 0.390130
vt 0.956790 0.409980
vt 0.953260 0.399000
vt 0.944660 0.416610
vt 0.944790 0.403440
vt 0.958730 0.425980
vt 0.849430 0.823770
vt 0.943480 0.430370
vt 0.915480 0.407730
vt 0.924160 0.422680
vt 0.915900 0.423650
vt 0.909970 0.409990
vt 0.926590 0.411600
vt 0.920600 0.403080
vt 0.924060 0.441820
vt 0.933250 0.429770
vt 0.931770 0.444680
vt 0.918060 0.439940
vt 0.934900 0.416450
vt 0.951550 0.387580
vt 0.955710 0.384340
vt 0.956670 0.375240
vt 0.951100 0.376060
vt 0.924150 0.348540
vt 0.919490 0.349500
vt 0.915740 0.345240
vt 0.919450 0.340540
vt 0.919560 0.355690
vt 0.913660 0.351540
vt 0.924260 0.356500
vt 0.923310 0.388000
vt 0.919770 0.384370
vt 0.921930 0.377180
vt 0.926990 0.379000
vt 0.915880 0.385640
vt 0.915380 0.377800
vt 0.917220 0.393890
vt 0.903800 0.411560
vt 0.896380 0.413360
vt 0.892080 0.397980
vt 0.898900 0.398630
vt 0.891070 0.421920
vt 0.904700 0.427380
vt 0.899350 0.431260
vt 0.910760 0.425480
vt 0.884460 0.407720
vt 0.884960 0.396230
vt 0.882930 0.417830
vt 0.899460 0.446860
vt 0.901940 0.439160
vt 0.907560 0.439360
vt 0.904790 0.450330
vt 0.893960 0.437670
vt 0.805720 0.303440
vt 0.800530 0.306270
vt 0.795400 0.303650
vt 0.797910 0.298090
vt 0.802140 0.311650
vt 0.793450 0.310080
vt 0.808810 0.310110
vt 0.895050 0.305260
vt 0.904310 0.320060
vt 0.888640 0.319490
vt 0.887200 0.311040
vt 0.900740 0.327010
vt 0.890550 0.328490
vt 0.912500 0.313760
vt 0.904470 0.300810
vt 0.911740 0.287570
vt 0.916750 0.285120
vt 0.926600 0.301820
vt 0.915000 0.299700
vt 0.924810 0.283990
vt 0.932670 0.296050
vt 0.911310 0.270470
vt 0.849650 0.328740
vt 0.846300 0.335610
vt 0.836860 0.326020
vt 0.842650 0.320810
vt 0.859850 0.339300
vt 0.862130 0.333940
vt 0.833070 0.338060
vt 0.830440 0.330880
vt 0.845150 0.343510
vt 0.834650 0.345280
vt 0.859890 0.345350
vt 0.877760 0.267240
vt 0.877210 0.273690
vt 0.872660 0.275740
vt 0.868350 0.267530
vt 0.885070 0.279630
vt 0.886650 0.270850
vt 0.876260 0.283020
vt 0.898430 0.271910
vt 0.901270 0.260670
vt 0.899430 0.289650
vt 0.895210 0.281430
vt 0.834190 0.449200
vt 0.828460 0.445570
vt 0.829990 0.439020
vt 0.837490 0.439650
vt 0.822700 0.449170
vt 0.820830 0.440830
vt 0.825940 0.456330
vt 0.854420 0.312340
vt 0.856860 0.317480
vt 0.855630 0.323620
vt 0.847950 0.316160
vt 0.865840 0.317360
vt 0.860700 0.308440
vt 0.865990 0.327100
vt 0.871030 0.485570
vt 0.870950 0.477450
vt 0.878040 0.468600
vt 0.881420 0.476090
vt 0.864890 0.476820
vt 0.858160 0.489950
vt 0.871540 0.465250
vt 0.860030 0.203660
vt 0.878340 0.224140
vt 0.859300 0.225640
vt 0.852220 0.212010
vt 0.879150 0.245430
vt 0.867640 0.243020
vt 0.881910 0.204260
vt 0.868900 0.188090
vt 0.855980 0.517980
vt 0.853770 0.504560
vt 0.869990 0.496640
vt 0.873580 0.505430
vt 0.835780 0.519120
vt 0.843160 0.528950
vt 0.838010 0.501620
vt 0.847920 0.489240
vt 0.828430 0.511260
vt 0.729980 0.160120
vt 0.734260 0.165880
vt 0.731360 0.171430
vt 0.723620 0.166170
vt 0.741830 0.166010
vt 0.740400 0.175010
vt 0.739690 0.156830
vt 0.767910 0.122200
vt 0.788000 0.118600
vt 0.789580 0.136930
vt 0.774580 0.139570
vt 0.770060 0.100030
vt 0.758870 0.109890
vt 0.808370 0.121770
vt 0.793280 0.100230
vt 0.812810 0.111650
vt 0.806780 0.138960
vt 0.779390 0.091170
vt 0.694850 0.201680
vt 0.700530 0.190470
vt 0.713570 0.196090
vt 0.706440 0.206990
vt 0.713170 0.180880
vt 0.720780 0.187200
vt 0.685190 0.188890
vt 0.681300 0.198710
vt 0.699450 0.179880
vt 0.686220 0.180870
vt 0.707530 0.174300
vt 0.686170 0.171850
vt 0.693960 0.172240
vt 0.698950 0.167970
vt 0.688040 0.162500
vt 0.695820 0.551250
vt 0.698990 0.545420
vt 0.707710 0.545660
vt 0.706990 0.555210
vt 0.694530 0.538910
vt 0.704460 0.536300
vt 0.685780 0.543890
vt 0.751520 0.627780
vt 0.727790 0.630280
vt 0.736420 0.612600
vt 0.752500 0.612570
vt 0.737280 0.648130
vt 0.753330 0.640940
vt 0.710730 0.621420
vt 0.719080 0.608240
vt 0.710530 0.643940
vt 0.697430 0.632030
vt 0.718820 0.656590
vt 0.634800 0.562100
vt 0.614120 0.542590
vt 0.628150 0.541370
vt 0.641890 0.555740
vt 0.605500 0.522920
vt 0.618150 0.523400
vt 0.595060 0.534240
vt 0.590620 0.519430
vt 0.612900 0.556840
vt 0.628490 0.569320
vt 0.596060 0.546260
vt 0.582380 0.571970
vt 0.576470 0.565500
vt 0.577370 0.559030
vt 0.589040 0.564750
vt 0.568040 0.566650
vt 0.566560 0.555950
vt 0.573730 0.575970
vt 0.534610 0.578830
vt 0.532060 0.566630
vt 0.543530 0.567560
vt 0.545990 0.579900
vt 0.524170 0.562110
vt 0.536710 0.555200
vt 0.520740 0.575080
vt 0.530540 0.114250
vt 0.538940 0.108840
vt 0.548390 0.112370
vt 0.535510 0.121560
vt 0.540690 0.101480
vt 0.527380 0.104810
vt 0.550390 0.100750
vt 0.517940 0.545680
vt 0.531160 0.544230
vt 0.505590 0.558330
vt 0.506910 0.573270
vt 0.503640 0.546500
vt 0.484950 0.148950
vt 0.504340 0.144130
vt 0.495280 0.162790
vt 0.483010 0.162410
vt 0.514940 0.151450
vt 0.520160 0.130930
vt 0.528740 0.137570
vt 0.507690 0.165850
vt 0.498580 0.130300
vt 0.484930 0.135710
vt 0.515080 0.120940
vt 0.400630 0.066060
vt 0.407420 0.074120
vt 0.405940 0.082850
vt 0.391070 0.076770
vt 0.422170 0.071230
vt 0.411740 0.059110
vt 0.417490 0.086160
vt 0.330280 0.052930
vt 0.354500 0.052280
vt 0.347310 0.071700
vt 0.331590 0.066370
vt 0.341080 0.032300
vt 0.327270 0.033980
vt 0.368080 0.042970
vt 0.357290 0.027530
vt 0.288980 0.278250
vt 0.281590 0.265320
vt 0.302370 0.259720
vt 0.304170 0.274850
vt 0.287400 0.245800
vt 0.301890 0.246890
vt 0.267240 0.254960
vt 0.271700 0.243000
vt 0.267660 0.277330
vt 0.273540 0.287920
vt 0.257520 0.270520
vt 0.249610 0.285430
vt 0.259640 0.285230
vt 0.260160 0.296180
vt 0.248720 0.298010
vt 0.216730 0.332760
vt 0.218740 0.324110
vt 0.227420 0.325200
vt 0.227210 0.335440
vt 0.213860 0.316470
vt 0.205710 0.323490
vt 0.222960 0.312220
vt 0.176900 0.051020
vt 0.163220 0.048240
vt 0.158580 0.039860
vt 0.151900 0.988230
vt 0.170800 0.037030
vt 0.162040 0.990650
vt 0.150850 0.051490
vt 0.147110 0.042420
vt 0.142510 0.985030
vt 0.169090 0.058740
vt 0.194560 0.310960
vt 0.183570 0.297820
vt 0.200550 0.287240
vt 0.206070 0.302410
vt 0.180220 0.279230
vt 0.199450 0.273140
vt 0.173340 0.313680
vt 0.187070 0.323350
vt 0.161300 0.293900
vt 0.158880 0.308530
vt 0.163050 0.281210
vt 0.155960 0.141600
vt 0.159700 0.136430
vt 0.165150 0.139420
vt 0.161430 0.147810
vt 0.158370 0.129610
vt 0.151970 0.131870
vt 0.165210 0.127830
vt 0.150240 0.072450
vt 0.159240 0.073040
vt 0.164030 0.080970
vt 0.154740 0.081980
vt 0.162850 0.067440
vt 0.172260 0.076910
vt 0.149260 0.062330
vt 0.135740 0.477960
vt 0.123270 0.460970
vt 0.142500 0.455800
vt 0.145960 0.474590
vt 0.127630 0.440230
vt 0.140000 0.442310
vt 0.107580 0.448920
vt 0.109810 0.436050
vt 0.137800 0.522800
vt 0.130660 0.521500
vt 0.125660 0.514760
vt 0.136660 0.511650
vt 0.124970 0.528980
vt 0.138020 0.532230
vt 0.117560 0.520330
vt 0.142330 0.266810
vt 0.121770 0.259800
vt 0.127140 0.245100
vt 0.144520 0.253720
vt 0.121580 0.278220
vt 0.142920 0.280140
vt 0.106800 0.243860
vt 0.115690 0.233020
vt 0.102350 0.264990
vt 0.105170 0.278810
vt 0.097610 0.251960
vt 0.096020 0.528490
vt 0.088190 0.524530
vt 0.095320 0.505920
vt 0.101170 0.511120
vt 0.081850 0.515340
vt 0.087530 0.499660
vt 0.083130 0.540880
vt 0.073450 0.532850
vt 0.092330 0.542080
vt 0.073630 0.219250
vt 0.070430 0.210170
vt 0.077150 0.202820
vt 0.082570 0.213070
vt 0.063380 0.208770
vt 0.062960 0.221580
vt 0.066460 0.197060
vt 0.039220 0.191380
vt 0.042080 0.174770
vt 0.058920 0.180560
vt 0.053960 0.193500
vt 0.056790 0.161020
vt 0.066560 0.169290
vt 0.036510 0.157840
vt 0.021230 0.180140
vt 0.019760 0.161860
vt 0.049430 0.150330
vt 0.021950 0.192170
vt 0.959070 0.311920
vt 0.846200 0.898140
vt 0.962100 0.325630
vt 0.849800 0.889080
vt 0.958380 0.326140
vt 0.955130 0.312800
vt 0.963930 0.337620
vt 0.851110 0.880890
vt 0.959860 0.338180
vt 0.955620 0.338690
vt 0.954230 0.326830
vt 0.960660 0.350470
vt 0.965320 0.349750
vt 0.851830 0.872890
vt 0.956130 0.350980
vt 0.951420 0.351300
vt 0.950840 0.339220
vt 0.956310 0.363490
vt 0.951330 0.363840
vt 0.946420 0.363900
vt 0.946780 0.351520
vt 0.945890 0.376400
vt 0.940790 0.375920
vt 0.941680 0.363710
vt 0.945070 0.389420
vt 0.939410 0.388910
vt 0.934220 0.386710
vt 0.936040 0.375090
vt 0.937100 0.403030
vt 0.930640 0.399820
vt 0.926170 0.394670
vt 0.929790 0.384040
vt 0.931850 0.373740
vt 0.927430 0.372530
vt 0.932330 0.364430
vt 0.927660 0.364120
vt 0.936940 0.363830
vt 0.936890 0.353120
vt 0.932240 0.354210
vt 0.941810 0.352100
vt 0.940730 0.340850
vt 0.935480 0.342380
vt 0.945960 0.339790
vt 0.944010 0.328930
vt 0.938520 0.330390
vt 0.949320 0.327800
vt 0.946470 0.315930
vt 0.941110 0.317980
vt 0.951070 0.314030
vt 0.946460 0.299590
vt 0.942250 0.303100
vt 0.950290 0.296990
vt 0.943510 0.279660
vt 0.939850 0.283940
vt 0.954280 0.295220
vt 0.839300 0.907940
vt 0.947900 0.277130
vt 0.829990 0.916960
vt 0.941590 0.445040
vt 0.954130 0.442660
vt 0.843630 0.814280
vt 0.947360 0.462110
vt 0.835400 0.804170
vt 0.937980 0.460910
vt 0.928950 0.459180
vt 0.922880 0.475050
vt 0.930790 0.478450
vt 0.921460 0.456770
vt 0.915980 0.471710
vt 0.915300 0.454480
vt 0.909930 0.468370
vt 0.909920 0.452600
vt 0.904570 0.465000
vt 0.912860 0.439290
vt 0.899690 0.460820
vt 0.892740 0.472120
vt 0.897170 0.477410
vt 0.894720 0.455870
vt 0.888860 0.465710
vt 0.888970 0.447610
vt 0.884140 0.458190
vt 0.882250 0.443450
vt 0.877100 0.454820
vt 0.887130 0.431800
vt 0.879850 0.428530
vt 0.875420 0.440340
vt 0.872210 0.426340
vt 0.868380 0.437740
vt 0.874730 0.415400
vt 0.866480 0.413740
vt 0.864410 0.424500
vt 0.876200 0.404820
vt 0.867490 0.402720
vt 0.876570 0.393410
vt 0.867260 0.391230
vt 0.875680 0.381430
vt 0.865530 0.379250
vt 0.884370 0.383970
vt 0.883920 0.372390
vt 0.874440 0.370370
vt 0.891620 0.385680
vt 0.891810 0.374500
vt 0.898320 0.386660
vt 0.898730 0.376080
vt 0.904440 0.386790
vt 0.904700 0.376750
vt 0.905720 0.397400
vt 0.911490 0.396420
vt 0.910080 0.386740
vt 0.910040 0.377320
vt 0.910930 0.368210
vt 0.905610 0.367140
vt 0.916150 0.369370
vt 0.917400 0.361480
vt 0.912230 0.359390
vt 0.921860 0.370990
vt 0.923010 0.363870
vt 0.928290 0.356000
vt 0.927320 0.346440
vt 0.931120 0.344300
vt 0.927750 0.334550
vt 0.923130 0.337140
vt 0.932730 0.332380
vt 0.928560 0.323110
vt 0.921920 0.325500
vt 0.934990 0.320390
vt 0.930710 0.310610
vt 0.922410 0.313060
vt 0.937290 0.306890
vt 0.936450 0.289080
vt 0.927240 0.275130
vt 0.930740 0.267760
vt 0.919480 0.251870
vt 0.915420 0.260690
vt 0.934570 0.261300
vt 0.923990 0.243690
vt 0.939220 0.257500
vt 0.818060 0.925050
vt 0.930250 0.238680
vt 0.805290 0.930930
vt 0.921820 0.221390
vt 0.793040 0.935330
vt 0.914000 0.226840
vt 0.938920 0.482210
vt 0.825250 0.794900
vt 0.928490 0.501820
vt 0.813420 0.786820
vt 0.921100 0.496850
vt 0.909370 0.514820
vt 0.916570 0.520650
vt 0.800880 0.779250
vt 0.913950 0.491950
vt 0.902660 0.508950
vt 0.907580 0.487140
vt 0.896720 0.502950
vt 0.902040 0.482380
vt 0.891560 0.496960
vt 0.887370 0.490640
vt 0.877910 0.512610
vt 0.884070 0.483710
vt 0.863120 0.526810
vt 0.883600 0.519230
vt 0.870510 0.534370
vt 0.850890 0.538830
vt 0.858690 0.547940
vt 0.839530 0.550840
vt 0.847440 0.561470
vt 0.831880 0.540190
vt 0.820410 0.551190
vt 0.827960 0.563530
vt 0.825270 0.529330
vt 0.814180 0.538890
vt 0.818330 0.520040
vt 0.807810 0.528100
vt 0.809720 0.511380
vt 0.800200 0.517610
vt 0.819390 0.504210
vt 0.811640 0.495890
vt 0.801850 0.501230
vt 0.829500 0.496000
vt 0.822040 0.489550
vt 0.839540 0.485720
vt 0.832190 0.481100
vt 0.848690 0.473460
vt 0.841590 0.470470
vt 0.856540 0.475710
vt 0.863780 0.463590
vt 0.856620 0.461160
vt 0.870050 0.452000
vt 0.863100 0.449390
vt 0.856320 0.446780
vt 0.849850 0.458650
vt 0.861230 0.435430
vt 0.853900 0.433440
vt 0.849880 0.444330
vt 0.856730 0.422800
vt 0.848440 0.421910
vt 0.846730 0.431620
vt 0.858110 0.412590
vt 0.849140 0.412680
vt 0.858580 0.402110
vt 0.849030 0.403360
vt 0.857840 0.391130
vt 0.847880 0.393810
vt 0.855560 0.380380
vt 0.845430 0.384590
vt 0.851550 0.371130
vt 0.841830 0.375790
vt 0.862990 0.368650
vt 0.861190 0.361060
vt 0.848470 0.363530
vt 0.873780 0.361420
vt 0.873470 0.355000
vt 0.860810 0.355550
vt 0.883540 0.362560
vt 0.883550 0.354880
vt 0.892100 0.364370
vt 0.892550 0.355470
vt 0.899380 0.366190
vt 0.900090 0.356660
vt 0.906240 0.357960
vt 0.907380 0.349000
vt 0.900870 0.347120
vt 0.909370 0.341070
vt 0.901350 0.337310
vt 0.911790 0.333230
vt 0.915890 0.327880
vt 0.892690 0.338030
vt 0.892930 0.346860
vt 0.883450 0.340330
vt 0.883720 0.347510
vt 0.882670 0.333760
vt 0.872680 0.337730
vt 0.872960 0.343100
vt 0.880670 0.326210
vt 0.872580 0.331520
vt 0.879050 0.317470
vt 0.872360 0.323530
vt 0.877550 0.308440
vt 0.870810 0.313770
vt 0.885630 0.303420
vt 0.882810 0.296130
vt 0.875340 0.300820
vt 0.892730 0.297780
vt 0.890030 0.290390
vt 0.887190 0.284230
vt 0.879660 0.289490
vt 0.891500 0.275820
vt 0.892160 0.265880
vt 0.883720 0.260560
vt 0.891690 0.252850
vt 0.890580 0.235680
vt 0.903840 0.247710
vt 0.908160 0.236150
vt 0.896050 0.220350
vt 0.903520 0.209540
vt 0.890800 0.192610
vt 0.913260 0.204370
vt 0.781150 0.940380
vt 0.901460 0.186470
vt 0.769980 0.948710
vt 0.896730 0.532080
vt 0.903690 0.538320
vt 0.788300 0.772100
vt 0.889940 0.554430
vt 0.775900 0.765770
vt 0.883690 0.547960
vt 0.890080 0.525750
vt 0.877420 0.541430
vt 0.865390 0.556090
vt 0.870730 0.563010
vt 0.853220 0.570780
vt 0.857400 0.577640
vt 0.838770 0.584470
vt 0.842030 0.591100
vt 0.834760 0.575410
vt 0.819220 0.587350
vt 0.822490 0.596670
vt 0.815110 0.575360
vt 0.799760 0.584860
vt 0.802090 0.596680
vt 0.808800 0.561330
vt 0.796590 0.569760
vt 0.802770 0.547570
vt 0.791490 0.554770
vt 0.797280 0.535130
vt 0.786550 0.541340
vt 0.790610 0.523240
vt 0.780880 0.528610
vt 0.783640 0.510930
vt 0.774680 0.515970
vt 0.792690 0.506220
vt 0.786300 0.494710
vt 0.776860 0.499080
vt 0.796190 0.490650
vt 0.791230 0.480660
vt 0.781030 0.484560
vt 0.806250 0.486500
vt 0.801370 0.477000
vt 0.816220 0.481710
vt 0.811340 0.473090
vt 0.826070 0.475170
vt 0.821060 0.468230
vt 0.835480 0.466360
vt 0.830090 0.461620
vt 0.843770 0.455610
vt 0.838270 0.452280
vt 0.843750 0.441900
vt 0.838990 0.430300
vt 0.829380 0.430300
vt 0.839440 0.421680
vt 0.828970 0.422060
vt 0.839340 0.413370
vt 0.828500 0.414070
vt 0.838790 0.404980
vt 0.827830 0.406050
vt 0.837460 0.396160
vt 0.826500 0.397780
vt 0.834950 0.387280
vt 0.823720 0.389670
vt 0.831610 0.378750
vt 0.820540 0.381930
vt 0.828610 0.370740
vt 0.817880 0.374050
vt 0.838650 0.367730
vt 0.836670 0.360220
vt 0.826720 0.363230
vt 0.846790 0.356790
vt 0.845500 0.349950
vt 0.835370 0.352920
vt 0.860430 0.350240
vt 0.873330 0.348870
vt 0.825450 0.355810
vt 0.824550 0.348540
vt 0.813090 0.350750
vt 0.814180 0.358390
vt 0.823360 0.341740
vt 0.812240 0.343270
vt 0.821870 0.335030
vt 0.811520 0.336260
vt 0.819690 0.327510
vt 0.810460 0.329520
vt 0.827200 0.323630
vt 0.824160 0.316480
vt 0.817420 0.320280
vt 0.833130 0.318550
vt 0.829950 0.311270
vt 0.838400 0.313220
vt 0.835400 0.305690
vt 0.843690 0.308720
vt 0.841010 0.300900
vt 0.850010 0.304850
vt 0.847140 0.297290
vt 0.857020 0.301030
vt 0.853650 0.293810
vt 0.864460 0.297490
vt 0.860940 0.289910
vt 0.867660 0.305140
vt 0.872400 0.293640
vt 0.868210 0.286180
vt 0.864100 0.278400
vt 0.856730 0.281680
vt 0.860070 0.269610
vt 0.852600 0.272550
vt 0.855230 0.259310
vt 0.847700 0.262600
vt 0.863520 0.256950
vt 0.857910 0.244690
vt 0.849290 0.247820
vt 0.873240 0.256970
vt 0.850390 0.230270
vt 0.841620 0.235180
vt 0.843130 0.217530
vt 0.833410 0.223740
vt 0.834530 0.206150
vt 0.824820 0.213830
vt 0.843120 0.198830
vt 0.831230 0.184830
vt 0.824130 0.195480
vt 0.849970 0.188070
vt 0.837500 0.170050
vt 0.856430 0.172030
vt 0.843240 0.154490
vt 0.862830 0.160550
vt 0.848640 0.143920
vt 0.876850 0.176190
vt 0.886180 0.169450
vt 0.760280 0.958890
vt 0.870600 0.152790
vt 0.749030 0.966290
vt 0.860820 0.583580
vt 0.750340 0.756220
vt 0.845150 0.597300
vt 0.736670 0.753560
vt 0.875560 0.569470
vt 0.763280 0.760390
vt 0.828140 0.611030
vt 0.721710 0.752140
vt 0.825350 0.603880
vt 0.806930 0.614890
vt 0.810050 0.624020
vt 0.705920 0.751930
vt 0.804400 0.606270
vt 0.786290 0.614830
vt 0.788590 0.625360
vt 0.784500 0.603600
vt 0.768270 0.608920
vt 0.768790 0.622120
vt 0.784250 0.590710
vt 0.769160 0.594130
vt 0.783560 0.575500
vt 0.769910 0.579660
vt 0.780030 0.560810
vt 0.767890 0.565400
vt 0.775690 0.546820
vt 0.764690 0.551390
vt 0.770840 0.533500
vt 0.760670 0.537810
vt 0.765210 0.520790
vt 0.755320 0.525200
vt 0.758820 0.509060
vt 0.749060 0.513750
vt 0.767930 0.503740
vt 0.760730 0.493030
vt 0.751040 0.498130
vt 0.770920 0.488700
vt 0.765510 0.478890
vt 0.755190 0.483070
vt 0.776100 0.475210
vt 0.771730 0.465710
vt 0.760740 0.469400
vt 0.786730 0.471280
vt 0.782550 0.462170
vt 0.797200 0.467750
vt 0.793300 0.458740
vt 0.807190 0.464340
vt 0.803670 0.455350
vt 0.816850 0.460730
vt 0.813400 0.452380
vt 0.811040 0.443620
vt 0.800600 0.446570
vt 0.809150 0.435140
vt 0.798140 0.438160
vt 0.819500 0.432330
vt 0.818300 0.424030
vt 0.807410 0.426940
vt 0.817340 0.416010
vt 0.805610 0.419120
vt 0.816190 0.408350
vt 0.803800 0.411630
vt 0.814620 0.400870
vt 0.801890 0.404200
vt 0.812020 0.393400
vt 0.799800 0.396630
vt 0.809450 0.385600
vt 0.797730 0.388770
vt 0.807150 0.377490
vt 0.795890 0.380560
vt 0.805250 0.369140
vt 0.794280 0.372050
vt 0.815780 0.366030
vt 0.803570 0.360650
vt 0.792580 0.363290
vt 0.802090 0.352430
vt 0.791120 0.354380
vt 0.800910 0.344510
vt 0.789860 0.345820
vt 0.800180 0.337340
vt 0.789390 0.337740
vt 0.799860 0.330510
vt 0.789690 0.330300
vt 0.800200 0.323930
vt 0.790550 0.323370
vt 0.809690 0.323000
vt 0.809240 0.316510
vt 0.801000 0.317490
vt 0.815850 0.313590
vt 0.813080 0.306770
vt 0.821360 0.309460
vt 0.817710 0.302370
vt 0.826820 0.304240
vt 0.822720 0.296820
vt 0.832110 0.298390
vt 0.827720 0.290730
vt 0.837620 0.292980
vt 0.833190 0.285000
vt 0.843610 0.288760
vt 0.839080 0.279890
vt 0.850050 0.285220
vt 0.845720 0.276000
vt 0.840440 0.266310
vt 0.833510 0.271150
vt 0.834260 0.256730
vt 0.827330 0.262940
vt 0.841650 0.251830
vt 0.833800 0.240760
vt 0.827020 0.247800
vt 0.825150 0.230900
vt 0.818700 0.239650
vt 0.816050 0.222540
vt 0.809450 0.232400
vt 0.806820 0.215320
vt 0.799870 0.225580
vt 0.815670 0.204880
vt 0.805110 0.197850
vt 0.797130 0.208920
vt 0.812530 0.186220
vt 0.800250 0.179250
vt 0.794170 0.191840
vt 0.818590 0.172770
vt 0.804980 0.163730
vt 0.823530 0.152060
vt 0.827710 0.137020
vt 0.831740 0.127990
vt 0.836210 0.120810
vt 0.720680 0.974060
vt 0.818050 0.105430
vt 0.704550 0.974160
vt 0.854390 0.136490
vt 0.735520 0.970970
vt 0.791910 0.635830
vt 0.690120 0.753060
vt 0.774360 0.646130
vt 0.674840 0.754590
vt 0.770480 0.634090
vt 0.758220 0.654790
vt 0.660750 0.755330
vt 0.742160 0.662500
vt 0.646990 0.755120
vt 0.724700 0.669940
vt 0.632470 0.753710
vt 0.706100 0.676820
vt 0.617570 0.751230
vt 0.699750 0.664100
vt 0.680640 0.670320
vt 0.687250 0.682870
vt 0.602970 0.748060
vt 0.691610 0.652000
vt 0.672810 0.658700
vt 0.681690 0.640400
vt 0.664880 0.647440
vt 0.671520 0.628470
vt 0.657210 0.635310
vt 0.684410 0.620680
vt 0.670920 0.608380
vt 0.660470 0.615400
vt 0.694920 0.611310
vt 0.679990 0.600660
vt 0.702790 0.600660
vt 0.687390 0.591910
vt 0.708850 0.589700
vt 0.693590 0.582730
vt 0.724460 0.594710
vt 0.727530 0.581820
vt 0.713180 0.578590
vt 0.739790 0.597010
vt 0.741700 0.582930
vt 0.754520 0.596490
vt 0.755770 0.582040
vt 0.755280 0.568210
vt 0.742460 0.569610
vt 0.753340 0.554520
vt 0.741670 0.556500
vt 0.750260 0.541330
vt 0.739500 0.543870
vt 0.745300 0.528960
vt 0.735110 0.531860
vt 0.739120 0.517500
vt 0.729090 0.520700
vt 0.732280 0.506670
vt 0.722340 0.510090
vt 0.741930 0.502890
vt 0.735180 0.491970
vt 0.725440 0.496050
vt 0.745060 0.487650
vt 0.739570 0.477470
vt 0.729370 0.481720
vt 0.750000 0.473420
vt 0.745180 0.463740
vt 0.734420 0.467640
vt 0.756380 0.460250
vt 0.752130 0.451030
vt 0.740700 0.454460
vt 0.767490 0.456620
vt 0.763530 0.447730
vt 0.778650 0.453180
vt 0.775080 0.444460
vt 0.789830 0.449860
vt 0.786720 0.441440
vt 0.783640 0.433170
vt 0.771500 0.436120
vt 0.795850 0.430110
vt 0.793390 0.422240
vt 0.780810 0.425390
vt 0.791050 0.414670
vt 0.778140 0.417680
vt 0.788990 0.407230
vt 0.775940 0.410030
vt 0.787230 0.399650
vt 0.774280 0.402480
vt 0.785510 0.391870
vt 0.773110 0.394530
vt 0.784210 0.383450
vt 0.772620 0.385770
vt 0.783070 0.374540
vt 0.772480 0.376220
vt 0.781930 0.365050
vt 0.772220 0.365890
vt 0.780800 0.355250
vt 0.771550 0.355150
vt 0.779660 0.345750
vt 0.770540 0.344580
vt 0.779480 0.336850
vt 0.769950 0.335090
vt 0.779970 0.328910
vt 0.770190 0.326840
vt 0.781100 0.321530
vt 0.771380 0.319140
vt 0.782800 0.314210
vt 0.773010 0.311690
vt 0.791970 0.316610
vt 0.784550 0.307220
vt 0.775060 0.304160
vt 0.786700 0.300110
vt 0.777540 0.296550
vt 0.789510 0.293450
vt 0.780630 0.289070
vt 0.793170 0.287370
vt 0.784200 0.281910
vt 0.801550 0.293030
vt 0.805910 0.288300
vt 0.797600 0.282060
vt 0.808810 0.299520
vt 0.812890 0.295010
vt 0.817240 0.289610
vt 0.810320 0.283040
vt 0.821950 0.283520
vt 0.815400 0.276750
vt 0.827520 0.277240
vt 0.821110 0.269970
vt 0.814010 0.263370
vt 0.808160 0.270600
vt 0.820510 0.255630
vt 0.812770 0.248700
vt 0.806450 0.256710
vt 0.803810 0.241690
vt 0.797910 0.249680
vt 0.793830 0.234720
vt 0.787920 0.242630
vt 0.783310 0.228580
vt 0.776770 0.236610
vt 0.790000 0.219240
vt 0.779780 0.213920
vt 0.772700 0.223360
vt 0.787010 0.203250
vt 0.776660 0.198680
vt 0.769600 0.209270
vt 0.782980 0.186950
vt 0.771810 0.183290
vt 0.766190 0.194740
vt 0.788000 0.174130
vt 0.775560 0.170680
vt 0.791250 0.158610
vt 0.777160 0.156280
vt 0.763690 0.155580
vt 0.763580 0.168420
vt 0.760280 0.141910
vt 0.747340 0.144650
vt 0.751270 0.155900
vt 0.753880 0.128560
vt 0.740710 0.133670
vt 0.745320 0.117420
vt 0.732420 0.124240
vt 0.735300 0.108350
vt 0.723090 0.116190
vt 0.747280 0.100070
vt 0.734490 0.092080
vt 0.724050 0.100680
vt 0.757690 0.091610
vt 0.743920 0.083360
vt 0.766150 0.082760
vt 0.751860 0.074510
vt 0.772580 0.073330
vt 0.664090 0.966860
vt 0.758050 0.064880
vt 0.651280 0.965410
vt 0.786610 0.082160
vt 0.676500 0.969100
vt 0.800990 0.092360
vt 0.689430 0.971680
vt 0.661610 0.675670
vt 0.668510 0.688260
vt 0.588710 0.744820
vt 0.650330 0.692940
vt 0.574830 0.742170
vt 0.644010 0.680700
vt 0.653520 0.664020
vt 0.634450 0.669140
vt 0.646860 0.652740
vt 0.629780 0.657150
vt 0.641500 0.639640
vt 0.626660 0.641940
vt 0.635130 0.625020
vt 0.620360 0.628040
vt 0.648930 0.621430
vt 0.637820 0.607540
vt 0.625920 0.612190
vt 0.648080 0.601920
vt 0.634830 0.588750
vt 0.625670 0.594730
vt 0.657140 0.595480
vt 0.643010 0.582300
vt 0.665270 0.588660
vt 0.650410 0.575760
vt 0.672340 0.581320
vt 0.657190 0.569160
vt 0.678690 0.573680
vt 0.664100 0.562760
vt 0.684640 0.566010
vt 0.671060 0.556210
vt 0.698980 0.573500
vt 0.703190 0.564160
vt 0.690360 0.558470
vt 0.716120 0.567610
vt 0.718290 0.556900
vt 0.729330 0.569520
vt 0.730020 0.557470
vt 0.728530 0.545340
vt 0.717980 0.545960
vt 0.724700 0.533970
vt 0.714430 0.535380
vt 0.718830 0.523230
vt 0.708390 0.525290
vt 0.712130 0.512950
vt 0.701690 0.515380
vt 0.705310 0.502580
vt 0.694900 0.505300
vt 0.715460 0.499760
vt 0.709040 0.489350
vt 0.698730 0.492330
vt 0.719200 0.485870
vt 0.713560 0.475640
vt 0.703130 0.479170
vt 0.723970 0.471810
vt 0.718670 0.461710
vt 0.708040 0.465650
vt 0.729470 0.458100
vt 0.724800 0.448460
vt 0.713560 0.452000
vt 0.736450 0.445460
vt 0.732500 0.436470
vt 0.720600 0.439200
vt 0.748130 0.442300
vt 0.744200 0.433570
vt 0.759660 0.439130
vt 0.755910 0.430590
vt 0.768000 0.428120
vt 0.764940 0.419990
vt 0.751580 0.422170
vt 0.762290 0.412330
vt 0.748290 0.414120
vt 0.760800 0.404730
vt 0.747180 0.405910
vt 0.760820 0.396660
vt 0.748360 0.396960
vt 0.761760 0.387210
vt 0.751500 0.386900
vt 0.762850 0.376690
vt 0.753980 0.376170
vt 0.763690 0.365660
vt 0.755120 0.365220
vt 0.763190 0.354670
vt 0.754450 0.354750
vt 0.761470 0.343690
vt 0.752430 0.344480
vt 0.760030 0.333960
vt 0.749820 0.334140
vt 0.759650 0.325260
vt 0.748360 0.324950
vt 0.760660 0.317390
vt 0.749310 0.316430
vt 0.762690 0.309570
vt 0.751800 0.308220
vt 0.765210 0.301530
vt 0.755230 0.299730
vt 0.768170 0.293170
vt 0.758740 0.290720
vt 0.771360 0.284740
vt 0.761980 0.281460
vt 0.774870 0.276650
vt 0.765250 0.272190
vt 0.779170 0.269250
vt 0.769350 0.263690
vt 0.788630 0.275520
vt 0.794000 0.269860
vt 0.785230 0.262770
vt 0.802760 0.276680
vt 0.800470 0.263720
vt 0.791830 0.256560
vt 0.781560 0.249490
vt 0.775250 0.256260
vt 0.770090 0.244150
vt 0.763590 0.251990
vt 0.758080 0.240900
vt 0.750930 0.250140
vt 0.765440 0.231950
vt 0.754660 0.228740
vt 0.746830 0.238640
vt 0.762310 0.218940
vt 0.752240 0.215430
vt 0.744420 0.225700
vt 0.759570 0.205070
vt 0.749690 0.201430
vt 0.742640 0.211660
vt 0.755860 0.191130
vt 0.745790 0.187650
vt 0.739910 0.197370
vt 0.760780 0.180270
vt 0.750190 0.177760
vt 0.752280 0.167000
vt 0.735960 0.183660
vt 0.726990 0.178870
vt 0.730140 0.192760
vt 0.719310 0.173550
vt 0.711740 0.167340
vt 0.716410 0.159840
vt 0.708420 0.152640
vt 0.702450 0.160110
vt 0.724170 0.152750
vt 0.717400 0.145400
vt 0.735340 0.147790
vt 0.728620 0.138900
vt 0.720270 0.130980
vt 0.709000 0.138420
vt 0.711130 0.123950
vt 0.699560 0.132130
vt 0.701400 0.117650
vt 0.689830 0.126260
vt 0.712850 0.108990
vt 0.701950 0.102610
vt 0.691270 0.111530
vt 0.712080 0.093650
vt 0.699460 0.087400
vt 0.690580 0.096420
vt 0.721340 0.084920
vt 0.707810 0.078400
vt 0.729960 0.075990
vt 0.715650 0.069370
vt 0.737280 0.066940
vt 0.722430 0.060190
vt 0.743150 0.057370
vt 0.638450 0.964970
vt 0.728070 0.050550
vt 0.625830 0.965380
vt 0.626710 0.686090
vt 0.632060 0.697580
vt 0.560740 0.740260
vt 0.613620 0.701500
vt 0.546420 0.738710
vt 0.609370 0.689770
vt 0.618440 0.673650
vt 0.604330 0.676280
vt 0.613460 0.657690
vt 0.599340 0.660170
vt 0.611190 0.643460
vt 0.595560 0.646530
vt 0.605160 0.631640
vt 0.590410 0.634690
vt 0.598120 0.620030
vt 0.584190 0.623200
vt 0.612060 0.616410
vt 0.602880 0.605130
vt 0.590020 0.608720
vt 0.615160 0.600420
vt 0.603890 0.589390
vt 0.593080 0.594230
vt 0.613130 0.583290
vt 0.600950 0.572920
vt 0.592870 0.579550
vt 0.621310 0.576540
vt 0.607560 0.565270
vt 0.593590 0.556110
vt 0.579590 0.549860
vt 0.580250 0.540030
vt 0.566130 0.535900
vt 0.566660 0.546060
vt 0.579000 0.528710
vt 0.564410 0.525040
vt 0.575960 0.516150
vt 0.561750 0.513330
vt 0.572260 0.503020
vt 0.558590 0.501210
vt 0.585560 0.505240
vt 0.581450 0.491920
vt 0.568750 0.490920
vt 0.598620 0.506810
vt 0.593660 0.493080
vt 0.611040 0.507550
vt 0.605610 0.493890
vt 0.622810 0.507020
vt 0.617200 0.493580
vt 0.629740 0.521910
vt 0.638360 0.536800
vt 0.640810 0.519230
vt 0.634160 0.505590
vt 0.648940 0.532590
vt 0.658910 0.544760
vt 0.650150 0.550200
vt 0.659280 0.528390
vt 0.651700 0.516280
vt 0.668190 0.539760
vt 0.678430 0.549880
vt 0.677400 0.534720
vt 0.669780 0.524480
vt 0.687530 0.530540
vt 0.680360 0.520920
vt 0.697940 0.527490
vt 0.691050 0.517940
vt 0.684220 0.507760
vt 0.673390 0.510420
vt 0.677660 0.497030
vt 0.666980 0.499280
vt 0.688240 0.494970
vt 0.682200 0.484110
vt 0.671750 0.485890
vt 0.692560 0.482130
vt 0.686970 0.471300
vt 0.676640 0.472920
vt 0.697330 0.469100
vt 0.692160 0.458340
vt 0.681950 0.460060
vt 0.702600 0.455710
vt 0.698200 0.445090
vt 0.687950 0.447050
vt 0.708990 0.442230
vt 0.705750 0.431800
vt 0.695200 0.433710
vt 0.716700 0.429510
vt 0.714360 0.418670
vt 0.703790 0.420370
vt 0.727910 0.427310
vt 0.724840 0.417170
vt 0.739370 0.424690
vt 0.735860 0.415620
vt 0.734780 0.405810
vt 0.724270 0.406130
vt 0.737040 0.395310
vt 0.726260 0.394510
vt 0.741190 0.384750
vt 0.729660 0.383590
vt 0.744250 0.374640
vt 0.731910 0.373810
vt 0.745010 0.364810
vt 0.732560 0.364650
vt 0.744110 0.355180
vt 0.731600 0.355530
vt 0.741820 0.345490
vt 0.729780 0.346120
vt 0.738830 0.335610
vt 0.727350 0.335850
vt 0.737180 0.325380
vt 0.726280 0.325130
vt 0.737800 0.315790
vt 0.726920 0.314600
vt 0.740630 0.306840
vt 0.729720 0.304680
vt 0.744930 0.298170
vt 0.734290 0.296010
vt 0.749100 0.289160
vt 0.738530 0.287600
vt 0.752350 0.279620
vt 0.741520 0.278930
vt 0.755350 0.269640
vt 0.743860 0.269730
vt 0.758510 0.260240
vt 0.746040 0.260160
vt 0.734640 0.259740
vt 0.731940 0.269170
vt 0.739370 0.248940
vt 0.729080 0.247420
vt 0.723700 0.258040
vt 0.736340 0.236250
vt 0.726580 0.233460
vt 0.719030 0.244600
vt 0.734880 0.222110
vt 0.725600 0.218490
vt 0.717150 0.229690
vt 0.733230 0.207390
vt 0.723720 0.202440
vt 0.716550 0.213190
vt 0.708010 0.224120
vt 0.698930 0.217360
vt 0.687990 0.212470
vt 0.690050 0.228300
vt 0.680520 0.223360
vt 0.699030 0.234660
vt 0.692140 0.244810
vt 0.682750 0.239520
vt 0.708970 0.240290
vt 0.702340 0.249820
vt 0.697030 0.258560
vt 0.686650 0.254360
vt 0.713100 0.254780
vt 0.707990 0.262800
vt 0.703970 0.270860
vt 0.692660 0.267300
vt 0.719920 0.267110
vt 0.716480 0.274560
vt 0.713510 0.282130
vt 0.700610 0.279040
vt 0.729630 0.277440
vt 0.726650 0.285030
vt 0.722790 0.292820
vt 0.710570 0.290160
vt 0.698470 0.287700
vt 0.707890 0.299720
vt 0.696300 0.297540
vt 0.718970 0.302190
vt 0.716400 0.312600
vt 0.705600 0.310470
vt 0.694760 0.308640
vt 0.704650 0.322000
vt 0.693860 0.320320
vt 0.715250 0.323800
vt 0.715920 0.334990
vt 0.704610 0.333690
vt 0.693790 0.332120
vt 0.705410 0.344790
vt 0.694010 0.343670
vt 0.717200 0.345730
vt 0.718560 0.355560
vt 0.706030 0.355220
vt 0.694430 0.354630
vt 0.706520 0.365080
vt 0.694570 0.365140
vt 0.719180 0.364900
vt 0.718890 0.374180
vt 0.706210 0.374850
vt 0.694490 0.375540
vt 0.705510 0.385110
vt 0.694000 0.386250
vt 0.717360 0.384030
vt 0.715220 0.395230
vt 0.704090 0.396310
vt 0.693280 0.397670
vt 0.703280 0.408390
vt 0.692950 0.409680
vt 0.713670 0.407040
vt 0.682620 0.398740
vt 0.682540 0.410660
vt 0.682880 0.387160
vt 0.672130 0.387780
vt 0.671920 0.399490
vt 0.683240 0.376050
vt 0.672380 0.376280
vt 0.683360 0.365080
vt 0.672550 0.364830
vt 0.683280 0.353970
vt 0.672530 0.353290
vt 0.683100 0.342530
vt 0.672300 0.341540
vt 0.682920 0.330770
vt 0.672000 0.329690
vt 0.682960 0.318890
vt 0.671920 0.317850
vt 0.683590 0.307210
vt 0.672390 0.306120
vt 0.684820 0.295970
vt 0.673540 0.294660
vt 0.686690 0.285710
vt 0.675590 0.284020
vt 0.689160 0.276330
vt 0.678520 0.273860
vt 0.682060 0.263840
vt 0.672280 0.260420
vt 0.668390 0.271120
vt 0.676980 0.250030
vt 0.667730 0.245640
vt 0.662940 0.256780
vt 0.673640 0.234630
vt 0.663880 0.230630
vt 0.658440 0.242040
vt 0.669940 0.219400
vt 0.658540 0.216740
vt 0.653490 0.227900
vt 0.675960 0.208810
vt 0.663460 0.206170
vt 0.667720 0.196070
vt 0.655260 0.194000
vt 0.651270 0.204250
vt 0.670890 0.186700
vt 0.658460 0.183950
vt 0.673180 0.177650
vt 0.660930 0.174000
vt 0.674450 0.167980
vt 0.662910 0.163790
vt 0.677200 0.157970
vt 0.665930 0.153580
vt 0.681930 0.148880
vt 0.671050 0.143850
vt 0.692460 0.154160
vt 0.699400 0.146130
vt 0.689340 0.140340
vt 0.679130 0.134760
vt 0.668860 0.129430
vt 0.660240 0.139050
vt 0.679880 0.120060
vt 0.669530 0.114890
vt 0.658610 0.124720
vt 0.680550 0.105470
vt 0.669440 0.100290
vt 0.658900 0.110200
vt 0.678440 0.090670
vt 0.665460 0.085960
vt 0.657860 0.095690
vt 0.686290 0.081560
vt 0.672310 0.076590
vt 0.693690 0.072500
vt 0.679070 0.067340
vt 0.700790 0.063430
vt 0.685550 0.058160
vt 0.707170 0.054270
vt 0.691480 0.048900
vt 0.712500 0.044710
vt 0.613360 0.967010
vt 0.696260 0.039410
vt 0.600930 0.969640
vt 0.592440 0.692120
vt 0.595930 0.704910
vt 0.532600 0.737210
vt 0.579470 0.707430
vt 0.519630 0.735750
vt 0.575970 0.693110
vt 0.589840 0.677930
vt 0.574200 0.678810
vt 0.585550 0.662820
vt 0.570700 0.665280
vt 0.580540 0.649560
vt 0.565810 0.652630
vt 0.575450 0.637600
vt 0.560680 0.640240
vt 0.569950 0.625970
vt 0.555400 0.628280
vt 0.563920 0.614670
vt 0.549630 0.616530
vt 0.577330 0.611960
vt 0.570050 0.601080
vt 0.556980 0.603550
vt 0.581520 0.597860
vt 0.572330 0.587470
vt 0.562030 0.590620
vt 0.582850 0.584490
vt 0.564570 0.577440
vt 0.555340 0.579140
vt 0.559790 0.566560
vt 0.551290 0.566960
vt 0.556830 0.554830
vt 0.547090 0.554440
vt 0.554940 0.544070
vt 0.543450 0.543450
vt 0.552840 0.533420
vt 0.540090 0.532920
vt 0.550470 0.522700
vt 0.537220 0.522100
vt 0.547920 0.511450
vt 0.534770 0.510720
vt 0.545130 0.499760
vt 0.532320 0.499010
vt 0.542560 0.488260
vt 0.529990 0.487260
vt 0.555530 0.489730
vt 0.553000 0.478480
vt 0.540410 0.476960
vt 0.565630 0.479620
vt 0.563220 0.468340
vt 0.551240 0.467260
vt 0.578130 0.480070
vt 0.575140 0.468590
vt 0.590040 0.480390
vt 0.587020 0.468600
vt 0.601520 0.481040
vt 0.598540 0.468510
vt 0.612690 0.480870
vt 0.609500 0.468400
vt 0.623880 0.479910
vt 0.620360 0.467800
vt 0.628460 0.492370
vt 0.639500 0.490720
vt 0.635010 0.478490
vt 0.645160 0.503550
vt 0.656110 0.501470
vt 0.650460 0.489250
vt 0.662580 0.513360
vt 0.661180 0.487650
vt 0.656200 0.475650
vt 0.645900 0.477050
vt 0.666350 0.474360
vt 0.661840 0.462350
vt 0.651780 0.463530
vt 0.671800 0.461390
vt 0.667920 0.449070
vt 0.657790 0.449970
vt 0.677860 0.448300
vt 0.674950 0.435890
vt 0.664790 0.436660
vt 0.684920 0.435050
vt 0.683250 0.422830
vt 0.672970 0.423590
vt 0.693370 0.421830
vt 0.672010 0.411420
vt 0.661500 0.411990
vt 0.662590 0.424320
vt 0.661150 0.399920
vt 0.650510 0.400120
vt 0.650890 0.412430
vt 0.661380 0.388050
vt 0.650720 0.388050
vt 0.661740 0.376310
vt 0.651210 0.376140
vt 0.661990 0.364550
vt 0.651630 0.364250
vt 0.661950 0.352700
vt 0.651480 0.352300
vt 0.661540 0.340810
vt 0.650800 0.340420
vt 0.661030 0.328890
vt 0.650090 0.328470
vt 0.660870 0.316990
vt 0.649940 0.316350
vt 0.661340 0.305030
vt 0.650600 0.303990
vt 0.662680 0.293180
vt 0.652240 0.291770
vt 0.665070 0.281940
vt 0.654970 0.279730
vt 0.658710 0.268140
vt 0.649460 0.265380
vt 0.645310 0.277640
vt 0.653840 0.253570
vt 0.644380 0.250970
vt 0.640120 0.262930
vt 0.648710 0.239290
vt 0.638140 0.237450
vt 0.634310 0.249040
vt 0.642400 0.225980
vt 0.630970 0.224610
vt 0.627090 0.235990
vt 0.646850 0.214940
vt 0.635100 0.213490
vt 0.639250 0.202750
vt 0.627010 0.201420
vt 0.623120 0.212050
vt 0.643250 0.192420
vt 0.630890 0.191110
vt 0.646790 0.182020
vt 0.634480 0.180990
vt 0.649260 0.171320
vt 0.637090 0.170790
vt 0.651140 0.160210
vt 0.639240 0.159040
vt 0.654550 0.149520
vt 0.643250 0.146840
vt 0.649490 0.135240
vt 0.639360 0.132240
vt 0.632690 0.145080
vt 0.648350 0.120530
vt 0.638150 0.117160
vt 0.629420 0.129620
vt 0.648190 0.105910
vt 0.636920 0.102720
vt 0.627990 0.114040
vt 0.645360 0.092320
vt 0.632350 0.089600
vt 0.625330 0.099550
vt 0.651920 0.082230
vt 0.638350 0.079890
vt 0.658020 0.072450
vt 0.644040 0.069640
vt 0.664170 0.063030
vt 0.649670 0.059590
vt 0.670080 0.053650
vt 0.654950 0.049820
vt 0.675400 0.044310
vt 0.659330 0.040210
vt 0.679540 0.034970
vt 0.588540 0.972630
vt 0.662770 0.030630
vt 0.576030 0.974930
vt 0.560740 0.694540
vt 0.563970 0.709590
vt 0.507320 0.734400
vt 0.548870 0.711240
vt 0.495210 0.733020
vt 0.545740 0.696160
vt 0.558310 0.680310
vt 0.542780 0.681990
vt 0.555010 0.667260
vt 0.539440 0.668790
vt 0.550550 0.654610
vt 0.535320 0.655900
vt 0.545680 0.642000
vt 0.530590 0.643000
vt 0.540440 0.629580
vt 0.525370 0.630050
vt 0.534800 0.617180
vt 0.519840 0.616870
vt 0.529070 0.604220
vt 0.514510 0.603200
vt 0.543300 0.604750
vt 0.537440 0.591850
vt 0.523850 0.590450
vt 0.550150 0.592100
vt 0.510010 0.588660
vt 0.496250 0.587130
vt 0.500320 0.601930
vt 0.493220 0.572180
vt 0.479790 0.571340
vt 0.482810 0.586100
vt 0.491060 0.558210
vt 0.477130 0.557650
vt 0.489070 0.545880
vt 0.474810 0.544990
vt 0.487010 0.533960
vt 0.472710 0.532930
vt 0.501220 0.534940
vt 0.498930 0.523160
vt 0.485120 0.522110
vt 0.514640 0.534940
vt 0.512020 0.523230
vt 0.527350 0.533780
vt 0.524560 0.522590
vt 0.522260 0.510920
vt 0.509920 0.511400
vt 0.520090 0.498940
vt 0.508030 0.499300
vt 0.517940 0.486840
vt 0.506010 0.487200
vt 0.515920 0.474910
vt 0.503860 0.475280
vt 0.527970 0.475610
vt 0.526910 0.464320
vt 0.514530 0.463590
vt 0.539120 0.465780
vt 0.538140 0.453970
vt 0.526020 0.452760
vt 0.549890 0.455350
vt 0.548470 0.442130
vt 0.536880 0.441200
vt 0.561390 0.456400
vt 0.559660 0.442970
vt 0.572740 0.456780
vt 0.570650 0.443540
vt 0.584080 0.456720
vt 0.581510 0.443590
vt 0.595350 0.456180
vt 0.592260 0.443150
vt 0.606280 0.455630
vt 0.602840 0.442370
vt 0.616750 0.454880
vt 0.613120 0.441440
vt 0.626980 0.453770
vt 0.623310 0.440490
vt 0.631230 0.466560
vt 0.641660 0.464900
vt 0.637210 0.452200
vt 0.647600 0.451100
vt 0.644090 0.438440
vt 0.633680 0.439510
vt 0.654420 0.437530
vt 0.652140 0.424970
vt 0.641590 0.425600
vt 0.640230 0.412740
vt 0.629680 0.412960
vt 0.631170 0.426310
vt 0.639790 0.400110
vt 0.629050 0.399820
vt 0.640080 0.387850
vt 0.629320 0.387310
vt 0.640750 0.375860
vt 0.630230 0.375460
vt 0.641330 0.363990
vt 0.631230 0.363850
vt 0.641160 0.352040
vt 0.630640 0.352300
vt 0.640080 0.340430
vt 0.629260 0.340960
vt 0.639270 0.328310
vt 0.628530 0.328430
vt 0.639200 0.315790
vt 0.628780 0.315350
vt 0.640140 0.302980
vt 0.630070 0.301920
vt 0.642140 0.290200
vt 0.632360 0.288530
vt 0.635810 0.275520
vt 0.626250 0.273640
vt 0.622680 0.286960
vt 0.630470 0.260880
vt 0.620270 0.259150
vt 0.616480 0.271880
vt 0.623530 0.247390
vt 0.612480 0.245960
vt 0.609620 0.257830
vt 0.615750 0.234400
vt 0.604270 0.232790
vt 0.601430 0.244460
vt 0.619310 0.223110
vt 0.607480 0.221400
vt 0.610920 0.210120
vt 0.598720 0.207820
vt 0.595650 0.219480
vt 0.614500 0.199400
vt 0.601850 0.196760
vt 0.618040 0.189200
vt 0.605160 0.186390
vt 0.621500 0.179370
vt 0.608650 0.176520
vt 0.624520 0.169230
vt 0.612580 0.166610
vt 0.628070 0.157900
vt 0.617150 0.155590
vt 0.622540 0.142940
vt 0.612560 0.139920
vt 0.606080 0.152160
vt 0.619700 0.126630
vt 0.610090 0.122920
vt 0.602990 0.135540
vt 0.617520 0.110610
vt 0.607010 0.106720
vt 0.600330 0.118710
vt 0.613290 0.095930
vt 0.601820 0.091840
vt 0.596750 0.102630
vt 0.619330 0.086240
vt 0.606740 0.082020
vt 0.625190 0.076910
vt 0.612270 0.072830
vt 0.631010 0.066920
vt 0.618630 0.063140
vt 0.636270 0.056540
vt 0.623300 0.052870
vt 0.640750 0.046370
vt 0.626860 0.042740
vt 0.644190 0.036410
vt 0.629490 0.032680
vt 0.646800 0.026580
vt 0.563750 0.975430
vt 0.631430 0.022550
vt 0.551640 0.974650
vt 0.531020 0.697710
vt 0.533990 0.712670
vt 0.483210 0.731510
vt 0.519170 0.713630
vt 0.471230 0.729670
vt 0.516470 0.699010
vt 0.527820 0.683550
vt 0.513330 0.684910
vt 0.524380 0.670110
vt 0.509970 0.671200
vt 0.520400 0.656850
vt 0.506180 0.657620
vt 0.515800 0.643510
vt 0.501810 0.643820
vt 0.510570 0.629970
vt 0.496660 0.629820
vt 0.505190 0.616150
vt 0.491090 0.615470
vt 0.486520 0.601060
vt 0.473670 0.600400
vt 0.477970 0.614970
vt 0.470040 0.585290
vt 0.457750 0.584180
vt 0.461390 0.599200
vt 0.466680 0.570600
vt 0.453760 0.570050
vt 0.463610 0.557070
vt 0.450240 0.556770
vt 0.460800 0.544290
vt 0.447070 0.544010
vt 0.458350 0.532000
vt 0.444140 0.531670
vt 0.456220 0.520200
vt 0.441210 0.519790
vt 0.470860 0.521140
vt 0.469320 0.509710
vt 0.454300 0.508920
vt 0.483580 0.510420
vt 0.481980 0.498920
vt 0.467690 0.498470
vt 0.497230 0.511260
vt 0.495550 0.499360
vt 0.493590 0.487570
vt 0.480230 0.487490
vt 0.491470 0.475820
vt 0.478400 0.476040
vt 0.489640 0.464200
vt 0.476540 0.464670
vt 0.502190 0.463730
vt 0.500710 0.452140
vt 0.487910 0.452540
vt 0.513460 0.452130
vt 0.512310 0.440060
vt 0.499520 0.440130
vt 0.524810 0.440470
vt 0.523600 0.427590
vt 0.511260 0.427540
vt 0.535500 0.427950
vt 0.534260 0.414230
vt 0.522520 0.414390
vt 0.546930 0.428410
vt 0.545510 0.414260
vt 0.558000 0.428960
vt 0.556460 0.414440
vt 0.568800 0.429330
vt 0.567220 0.414610
vt 0.579430 0.429370
vt 0.577820 0.414600
vt 0.589920 0.429020
vt 0.588280 0.414360
vt 0.600310 0.428320
vt 0.598650 0.413920
vt 0.610570 0.427570
vt 0.608960 0.413440
vt 0.620810 0.426870
vt 0.619280 0.413220
vt 0.618490 0.399450
vt 0.608130 0.399310
vt 0.618550 0.386460
vt 0.608020 0.386020
vt 0.619410 0.374300
vt 0.608440 0.373710
vt 0.620570 0.363370
vt 0.608740 0.363000
vt 0.619620 0.352970
vt 0.608460 0.352670
vt 0.618520 0.341390
vt 0.607980 0.340780
vt 0.618110 0.328310
vt 0.607930 0.327550
vt 0.618690 0.314600
vt 0.608680 0.313530
vt 0.620180 0.300700
vt 0.610320 0.299270
vt 0.612970 0.285240
vt 0.603000 0.283490
vt 0.600420 0.297600
vt 0.606340 0.270140
vt 0.595800 0.268290
vt 0.592800 0.281610
vt 0.598780 0.256260
vt 0.587630 0.254360
vt 0.585120 0.266310
vt 0.590230 0.242850
vt 0.579040 0.240790
vt 0.576620 0.252420
vt 0.592820 0.231150
vt 0.581450 0.229200
vt 0.583970 0.217230
vt 0.572410 0.215300
vt 0.570050 0.227340
vt 0.586670 0.205160
vt 0.574900 0.202810
vt 0.589420 0.193500
vt 0.577330 0.190470
vt 0.592340 0.182550
vt 0.579780 0.178460
vt 0.595730 0.172510
vt 0.583250 0.167740
vt 0.600360 0.162750
vt 0.588590 0.157750
vt 0.595750 0.147100
vt 0.585470 0.141930
vt 0.577290 0.152320
vt 0.593140 0.130770
vt 0.583550 0.126570
vt 0.575000 0.137950
vt 0.591000 0.114450
vt 0.582190 0.110630
vt 0.574870 0.123040
vt 0.586910 0.098630
vt 0.577620 0.095040
vt 0.573940 0.107390
vt 0.590710 0.087600
vt 0.580320 0.083770
vt 0.594620 0.077290
vt 0.583240 0.073120
vt 0.599880 0.067280
vt 0.587500 0.062940
vt 0.605620 0.057960
vt 0.591680 0.053380
vt 0.609710 0.048490
vt 0.595100 0.044220
vt 0.612610 0.038860
vt 0.597730 0.035000
vt 0.614780 0.029050
vt 0.599700 0.025580
vt 0.616200 0.019030
vt 0.539400 0.973650
vt 0.600900 0.015900
vt 0.526810 0.973580
vt 0.585280 0.013400
vt 0.513950 0.974920
vt 0.584130 0.022500
vt 0.502060 0.700050
vt 0.504350 0.714410
vt 0.459260 0.727630
vt 0.489580 0.714820
vt 0.447330 0.725500
vt 0.487750 0.700750
vt 0.499300 0.686010
vt 0.485520 0.686790
vt 0.496370 0.672200
vt 0.483300 0.673050
vt 0.492960 0.658360
vt 0.480650 0.659240
vt 0.488720 0.644240
vt 0.476830 0.645110
vt 0.483580 0.629770
vt 0.471790 0.630320
vt 0.465840 0.614870
vt 0.455220 0.614950
vt 0.460750 0.631010
vt 0.449650 0.598010
vt 0.438540 0.599330
vt 0.444740 0.615060
vt 0.444970 0.583740
vt 0.432670 0.584780
vt 0.440810 0.570220
vt 0.427830 0.571000
vt 0.436800 0.557070
vt 0.423400 0.557780
vt 0.433300 0.544390
vt 0.419420 0.545050
vt 0.429910 0.532170
vt 0.415720 0.532630
vt 0.426540 0.520290
vt 0.412360 0.520320
vt 0.423660 0.508370
vt 0.409620 0.507960
vt 0.438700 0.508540
vt 0.436850 0.497460
vt 0.421680 0.496600
vt 0.452590 0.498010
vt 0.451070 0.487110
vt 0.435570 0.486540
vt 0.466040 0.487310
vt 0.464390 0.476150
vt 0.449580 0.476110
vt 0.462660 0.465030
vt 0.448450 0.464800
vt 0.461490 0.453320
vt 0.448050 0.452930
vt 0.474840 0.453030
vt 0.473810 0.440890
vt 0.460910 0.441080
vt 0.486680 0.440530
vt 0.485910 0.428110
vt 0.473230 0.428410
vt 0.498600 0.427750
vt 0.497900 0.415000
vt 0.485460 0.415320
vt 0.510330 0.414660
vt 0.509490 0.401550
vt 0.497320 0.401960
vt 0.521460 0.401040
vt 0.520460 0.387510
vt 0.508670 0.388170
vt 0.533070 0.400490
vt 0.531950 0.386730
vt 0.544320 0.400100
vt 0.543270 0.386310
vt 0.555250 0.400080
vt 0.554360 0.386200
vt 0.566050 0.400180
vt 0.565310 0.386500
vt 0.576730 0.400200
vt 0.576150 0.386720
vt 0.587310 0.399960
vt 0.586860 0.386660
vt 0.597770 0.399580
vt 0.597510 0.386290
vt 0.597460 0.374000
vt 0.586710 0.374290
vt 0.597320 0.362720
vt 0.586690 0.362310
vt 0.597440 0.351590
vt 0.586710 0.350370
vt 0.597470 0.339490
vt 0.586930 0.338010
vt 0.597720 0.326210
vt 0.587380 0.324760
vt 0.598630 0.312080
vt 0.588480 0.310510
vt 0.590300 0.295890
vt 0.580140 0.294240
vt 0.578230 0.309030
vt 0.582510 0.279750
vt 0.572170 0.278190
vt 0.569910 0.292740
vt 0.574370 0.264590
vt 0.563760 0.263130
vt 0.561780 0.276910
vt 0.565580 0.250700
vt 0.554580 0.249690
vt 0.552980 0.262320
vt 0.567830 0.238930
vt 0.556500 0.237640
vt 0.558480 0.225910
vt 0.546720 0.225200
vt 0.544920 0.237110
vt 0.560820 0.213780
vt 0.549040 0.212830
vt 0.563390 0.201200
vt 0.551750 0.200140
vt 0.565940 0.188260
vt 0.554520 0.187220
vt 0.568420 0.175290
vt 0.556940 0.174180
vt 0.571470 0.163130
vt 0.559530 0.161360
vt 0.566050 0.149210
vt 0.555140 0.147650
vt 0.547900 0.160940
vt 0.565290 0.134930
vt 0.557050 0.132070
vt 0.545520 0.145420
vt 0.567150 0.119540
vt 0.560310 0.116430
vt 0.549890 0.128780
vt 0.566220 0.104010
vt 0.558520 0.101770
vt 0.554210 0.114110
vt 0.568350 0.091890
vt 0.558860 0.089760
vt 0.569850 0.080400
vt 0.558950 0.078290
vt 0.571580 0.069380
vt 0.559480 0.067350
vt 0.574450 0.059130
vt 0.560710 0.056650
vt 0.577350 0.049630
vt 0.562550 0.046710
vt 0.579970 0.040470
vt 0.564370 0.037390
vt 0.582270 0.031490
vt 0.566250 0.028560
vt 0.567920 0.019910
vt 0.550760 0.017740
vt 0.549250 0.026140
vt 0.569210 0.011310
vt 0.500960 0.977830
vt 0.552120 0.009490
vt 0.487480 0.981910
vt 0.533870 0.007870
vt 0.473240 0.986290
vt 0.532500 0.015840
vt 0.473440 0.701110
vt 0.474820 0.715160
vt 0.435360 0.723480
vt 0.460140 0.715220
vt 0.423390 0.721590
vt 0.459170 0.701120
vt 0.471670 0.687080
vt 0.457840 0.686950
vt 0.469800 0.673230
vt 0.456340 0.672830
vt 0.468230 0.659820
vt 0.454960 0.658750
vt 0.465110 0.645740
vt 0.452790 0.645010
vt 0.449120 0.630640
vt 0.436970 0.629920
vt 0.440060 0.644150
vt 0.432860 0.615680
vt 0.419880 0.616240
vt 0.423890 0.630070
vt 0.427080 0.601080
vt 0.414330 0.602110
vt 0.420640 0.586320
vt 0.408050 0.587750
vt 0.415110 0.572320
vt 0.402210 0.573590
vt 0.410140 0.558810
vt 0.397020 0.559770
vt 0.405800 0.545720
vt 0.392530 0.546300
vt 0.401990 0.532850
vt 0.388670 0.533060
vt 0.398700 0.520060
vt 0.385380 0.519930
vt 0.396000 0.507270
vt 0.382770 0.506800
vt 0.394100 0.494550
vt 0.380870 0.493800
vt 0.407580 0.495610
vt 0.406200 0.483150
vt 0.392840 0.481830
vt 0.420370 0.484970
vt 0.419980 0.473430
vt 0.405680 0.470830
vt 0.434780 0.475450
vt 0.434470 0.463850
vt 0.420450 0.461790
vt 0.434530 0.451650
vt 0.421090 0.449670
vt 0.434930 0.439180
vt 0.421700 0.437280
vt 0.447950 0.440550
vt 0.448230 0.427810
vt 0.435540 0.426520
vt 0.460720 0.428320
vt 0.460940 0.415200
vt 0.448710 0.414690
vt 0.473150 0.415460
vt 0.473130 0.402100
vt 0.461190 0.401820
vt 0.485160 0.402160
vt 0.485010 0.388580
vt 0.473300 0.388370
vt 0.496810 0.388530
vt 0.496280 0.374670
vt 0.484920 0.374460
vt 0.507730 0.374570
vt 0.507220 0.360190
vt 0.496320 0.360080
vt 0.519220 0.374020
vt 0.518350 0.360290
vt 0.530840 0.373290
vt 0.530070 0.360480
vt 0.542470 0.373030
vt 0.542100 0.360720
vt 0.554030 0.373140
vt 0.554050 0.361040
vt 0.565210 0.373640
vt 0.565390 0.361420
vt 0.576050 0.374060
vt 0.576190 0.361870
vt 0.576180 0.349580
vt 0.565390 0.349180
vt 0.576270 0.336920
vt 0.565580 0.336210
vt 0.576930 0.323450
vt 0.566450 0.322360
vt 0.567930 0.307680
vt 0.557620 0.306550
vt 0.555960 0.321430
vt 0.559630 0.291430
vt 0.549240 0.290470
vt 0.547270 0.305520
vt 0.551220 0.275980
vt 0.540390 0.275400
vt 0.538630 0.289690
vt 0.541870 0.261810
vt 0.530530 0.261430
vt 0.529230 0.274910
vt 0.543280 0.249220
vt 0.531720 0.248810
vt 0.533040 0.236620
vt 0.521020 0.236030
vt 0.519870 0.248360
vt 0.534710 0.224510
vt 0.522620 0.223560
vt 0.536940 0.212060
vt 0.524590 0.211060
vt 0.539510 0.199480
vt 0.526890 0.198440
vt 0.542130 0.186800
vt 0.529320 0.185850
vt 0.544370 0.174080
vt 0.531990 0.172950
vt 0.536730 0.159520
vt 0.526020 0.156530
vt 0.520000 0.170080
vt 0.537200 0.142150
vt 0.542970 0.125570
vt 0.516800 0.183350
vt 0.504540 0.180320
vt 0.492490 0.177600
vt 0.502170 0.193980
vt 0.490230 0.191540
vt 0.514400 0.196390
vt 0.512330 0.209440
vt 0.500310 0.207370
vt 0.488440 0.205290
vt 0.498700 0.220600
vt 0.486870 0.218800
vt 0.510580 0.222240
vt 0.509080 0.235010
vt 0.497230 0.233710
vt 0.485430 0.232080
vt 0.496020 0.246640
vt 0.484240 0.245210
vt 0.507930 0.247660
vt 0.507060 0.260450
vt 0.495200 0.259560
vt 0.518890 0.261000
vt 0.517840 0.274410
vt 0.506200 0.273760
vt 0.494460 0.272980
vt 0.505010 0.287720
vt 0.493410 0.286790
vt 0.516460 0.288450
vt 0.514840 0.302770
vt 0.503480 0.301880
vt 0.527680 0.289080
vt 0.525980 0.303630
vt 0.524090 0.318190
vt 0.512990 0.317080
vt 0.536800 0.304570
vt 0.534890 0.319370
vt 0.533120 0.333880
vt 0.522120 0.332490
vt 0.545510 0.320490
vt 0.544010 0.334990
vt 0.542700 0.348530
vt 0.531100 0.347650
vt 0.554780 0.335710
vt 0.554270 0.348890
vt 0.519800 0.346520
vt 0.508790 0.345540
vt 0.510930 0.331300
vt 0.499700 0.330460
vt 0.497690 0.345010
vt 0.501670 0.316080
vt 0.490370 0.315240
vt 0.488540 0.329790
vt 0.492010 0.300920
vt 0.480590 0.299940
vt 0.479120 0.314370
vt 0.481750 0.285740
vt 0.470200 0.284500
vt 0.469240 0.298830
vt 0.482670 0.271860
vt 0.470980 0.270430
vt 0.483420 0.258320
vt 0.471570 0.256810
vt 0.472320 0.243660
vt 0.460140 0.242300
vt 0.459480 0.255360
vt 0.473530 0.230470
vt 0.461440 0.229040
vt 0.474970 0.217080
vt 0.462880 0.215620
vt 0.476530 0.203490
vt 0.464320 0.202070
vt 0.478210 0.189820
vt 0.465710 0.188570
vt 0.480310 0.176170
vt 0.467430 0.175470
vt 0.469670 0.162620
vt 0.455860 0.162590
vt 0.453980 0.175030
vt 0.471440 0.150390
vt 0.457830 0.150430
vt 0.472220 0.137990
vt 0.459400 0.138290
vt 0.470950 0.124280
vt 0.459050 0.125360
vt 0.482980 0.121650
vt 0.481290 0.108010
vt 0.469530 0.110210
vt 0.496280 0.117130
vt 0.494300 0.104340
vt 0.511600 0.110260
vt 0.509180 0.099470
vt 0.524280 0.094870
vt 0.521820 0.084090
vt 0.507270 0.088360
vt 0.537500 0.090740
vt 0.535320 0.080180
vt 0.548990 0.089100
vt 0.547540 0.078130
vt 0.547250 0.067200
vt 0.534500 0.069210
vt 0.547420 0.056090
vt 0.534420 0.057660
vt 0.548060 0.045390
vt 0.534070 0.045940
vt 0.548220 0.035160
vt 0.533040 0.034660
vt 0.531920 0.024370
vt 0.515910 0.024830
vt 0.518950 0.036600
vt 0.513940 0.014740
vt 0.497440 0.015460
vt 0.500760 0.027110
vt 0.515170 0.006330
vt 0.458460 0.989500
vt 0.498250 0.005020
vt 0.444950 0.991180
vt 0.445020 0.700920
vt 0.445580 0.715220
vt 0.411440 0.719800
vt 0.431080 0.714930
vt 0.399490 0.718050
vt 0.430900 0.700590
vt 0.444150 0.686570
vt 0.430400 0.686160
vt 0.443110 0.672270
vt 0.429630 0.671810
vt 0.441970 0.658050
vt 0.428430 0.657710
vt 0.426670 0.643930
vt 0.412210 0.643870
vt 0.414230 0.657530
vt 0.409560 0.630380
vt 0.394800 0.630910
vt 0.397670 0.643990
vt 0.405720 0.616940
vt 0.391250 0.617850
vt 0.400600 0.603200
vt 0.386770 0.604310
vt 0.394900 0.589040
vt 0.381680 0.590260
vt 0.389220 0.574730
vt 0.376290 0.575880
vt 0.383970 0.560610
vt 0.371070 0.561500
vt 0.379330 0.546790
vt 0.366320 0.547270
vt 0.375460 0.533200
vt 0.362480 0.533320
vt 0.372290 0.519730
vt 0.359350 0.519550
vt 0.369680 0.506310
vt 0.356870 0.505800
vt 0.367840 0.493070
vt 0.355120 0.492210
vt 0.366590 0.479850
vt 0.353880 0.478680
vt 0.379580 0.480870
vt 0.378920 0.468000
vt 0.365860 0.466730
vt 0.392160 0.469130
vt 0.392190 0.456660
vt 0.378680 0.455320
vt 0.406280 0.458910
vt 0.407160 0.447030
vt 0.392950 0.444770
vt 0.408030 0.435020
vt 0.394050 0.432780
vt 0.409180 0.422760
vt 0.395690 0.420540
vt 0.422510 0.424820
vt 0.423650 0.411970
vt 0.410860 0.410010
vt 0.436260 0.413590
vt 0.437310 0.400120
vt 0.425190 0.398610
vt 0.449270 0.401240
vt 0.450000 0.387160
vt 0.438390 0.386050
vt 0.461640 0.387860
vt 0.462260 0.373520
vt 0.450920 0.372670
vt 0.473600 0.374070
vt 0.474290 0.359220
vt 0.463200 0.358610
vt 0.485340 0.359710
vt 0.486680 0.344620
vt 0.475660 0.344090
vt 0.477420 0.329090
vt 0.466360 0.328230
vt 0.464650 0.343360
vt 0.467960 0.313370
vt 0.456800 0.312210
vt 0.455350 0.327150
vt 0.457970 0.297640
vt 0.446590 0.296340
vt 0.445620 0.310880
vt 0.458750 0.283210
vt 0.447210 0.281930
vt 0.459260 0.268980
vt 0.447330 0.267730
vt 0.447100 0.253990
vt 0.434550 0.252800
vt 0.435110 0.266580
vt 0.447740 0.240920
vt 0.435050 0.239520
vt 0.449060 0.227720
vt 0.436180 0.226360
vt 0.450440 0.214460
vt 0.437480 0.213320
vt 0.451750 0.201140
vt 0.438680 0.200350
vt 0.452660 0.187860
vt 0.439400 0.187350
vt 0.440680 0.174500
vt 0.427580 0.173450
vt 0.426080 0.186180
vt 0.442640 0.162010
vt 0.429610 0.161200
vt 0.444830 0.149750
vt 0.431780 0.149140
vt 0.446440 0.137940
vt 0.432930 0.137770
vt 0.446500 0.125830
vt 0.433340 0.126390
vt 0.446250 0.112940
vt 0.434010 0.113720
vt 0.458050 0.111700
vt 0.457980 0.097450
vt 0.447040 0.098890
vt 0.468860 0.095960
vt 0.469220 0.081020
vt 0.458420 0.082270
vt 0.480260 0.094310
vt 0.480800 0.080490
vt 0.493030 0.091900
vt 0.493530 0.079380
vt 0.507280 0.076460
vt 0.507700 0.064120
vt 0.494860 0.066430
vt 0.521070 0.072710
vt 0.521090 0.060750
vt 0.520670 0.048590
vt 0.507230 0.051450
vt 0.505060 0.039110
vt 0.491630 0.040460
vt 0.494730 0.053350
vt 0.485940 0.027180
vt 0.471640 0.027530
vt 0.479050 0.041440
vt 0.482820 0.015450
vt 0.468190 0.014880
vt 0.483400 0.003950
vt 0.432980 0.992090
vt 0.468890 0.002930
vt 0.421290 0.993010
vt 0.416730 0.700210
vt 0.416560 0.714590
vt 0.387460 0.716410
vt 0.402000 0.713960
vt 0.375320 0.714950
vt 0.402480 0.699750
vt 0.416450 0.685830
vt 0.402360 0.685530
vt 0.415620 0.671570
vt 0.401480 0.671400
vt 0.399820 0.657550
vt 0.385380 0.657690
vt 0.387260 0.671350
vt 0.382940 0.644550
vt 0.368310 0.645240
vt 0.370850 0.658220
vt 0.380020 0.631610
vt 0.365470 0.632370
vt 0.376750 0.618610
vt 0.362460 0.619410
vt 0.372930 0.605300
vt 0.358990 0.606150
vt 0.368440 0.591450
vt 0.355100 0.592430
vt 0.363470 0.577100
vt 0.350660 0.578240
vt 0.358350 0.562520
vt 0.345820 0.563480
vt 0.353640 0.547890
vt 0.341290 0.548390
vt 0.349820 0.533410
vt 0.337490 0.533330
vt 0.346760 0.519140
vt 0.334560 0.518640
vt 0.344390 0.505030
vt 0.332230 0.504210
vt 0.342670 0.491110
vt 0.330520 0.489960
vt 0.341570 0.477260
vt 0.329590 0.475830
vt 0.341130 0.463420
vt 0.329400 0.461610
vt 0.353250 0.465220
vt 0.353260 0.451640
vt 0.341280 0.449500
vt 0.365630 0.453640
vt 0.366220 0.440480
vt 0.353880 0.438000
vt 0.379120 0.442770
vt 0.380440 0.430260
vt 0.367530 0.427380
vt 0.382430 0.417660
vt 0.369610 0.414070
vt 0.385420 0.404790
vt 0.372920 0.400380
vt 0.398020 0.407740
vt 0.400930 0.394110
vt 0.389110 0.390990
vt 0.412940 0.396550
vt 0.415120 0.382410
vt 0.403570 0.379800
vt 0.426710 0.384490
vt 0.428370 0.369760
vt 0.417090 0.367660
vt 0.439640 0.371470
vt 0.441150 0.356350
vt 0.430120 0.354670
vt 0.452160 0.357660
vt 0.453720 0.342360
vt 0.442770 0.341030
vt 0.444330 0.325850
vt 0.433230 0.324300
vt 0.431760 0.339440
vt 0.434310 0.309500
vt 0.422780 0.307920
vt 0.421930 0.322520
vt 0.435090 0.294950
vt 0.423280 0.293540
vt 0.435420 0.280690
vt 0.423290 0.279510
vt 0.422690 0.265530
vt 0.409770 0.264710
vt 0.410660 0.278270
vt 0.421870 0.251760
vt 0.408990 0.251110
vt 0.422060 0.238280
vt 0.409210 0.237200
vt 0.422980 0.224970
vt 0.409960 0.223340
vt 0.424090 0.211830
vt 0.410760 0.209810
vt 0.425170 0.198990
vt 0.411590 0.196720
vt 0.412660 0.183800
vt 0.398670 0.180810
vt 0.397980 0.193660
vt 0.414190 0.171520
vt 0.399970 0.168670
vt 0.416230 0.159720
vt 0.401960 0.157370
vt 0.418060 0.148000
vt 0.402970 0.146260
vt 0.418460 0.137000
vt 0.403150 0.135400
vt 0.419450 0.126110
vt 0.404980 0.124180
vt 0.421300 0.113820
vt 0.408360 0.111770
vt 0.424390 0.100280
vt 0.412310 0.098950
vt 0.435890 0.099980
vt 0.437750 0.085470
vt 0.427690 0.086540
vt 0.447930 0.083860
vt 0.447400 0.069050
vt 0.437720 0.070040
vt 0.458390 0.067930
vt 0.456420 0.055080
vt 0.444280 0.055370
vt 0.470480 0.067120
vt 0.469510 0.054810
vt 0.482600 0.067360
vt 0.482610 0.054470
vt 0.465840 0.042400
vt 0.451980 0.042450
vt 0.458410 0.028300
vt 0.445320 0.028120
vt 0.454220 0.014390
vt 0.440600 0.014100
vt 0.454120 0.002270
vt 0.409500 0.994220
vt 0.438800 0.001950
vt 0.397290 0.995670
vt 0.388140 0.699300
vt 0.387420 0.713330
vt 0.363060 0.713780
vt 0.372770 0.712460
vt 0.350600 0.712740
vt 0.373780 0.698750
vt 0.388220 0.685260
vt 0.373950 0.684960
vt 0.372830 0.671440
vt 0.358220 0.671640
vt 0.359510 0.684700
vt 0.356140 0.658910
vt 0.341150 0.659470
vt 0.343260 0.671930
vt 0.353690 0.646170
vt 0.339000 0.646990
vt 0.351080 0.633360
vt 0.336780 0.634260
vt 0.348320 0.620380
vt 0.334370 0.621260
vt 0.345250 0.607100
vt 0.331770 0.607920
vt 0.341820 0.593390
vt 0.328800 0.594110
vt 0.337920 0.579090
vt 0.325430 0.579580
vt 0.333550 0.564080
vt 0.321580 0.564400
vt 0.329270 0.548530
vt 0.317550 0.548430
vt 0.325560 0.532930
vt 0.313770 0.532460
vt 0.322540 0.517950
vt 0.310660 0.517240
vt 0.320260 0.503320
vt 0.308540 0.502330
vt 0.318750 0.488680
vt 0.307240 0.487330
vt 0.318030 0.474180
vt 0.306670 0.472490
vt 0.317980 0.459770
vt 0.306760 0.457950
vt 0.318570 0.445320
vt 0.307520 0.443500
vt 0.329760 0.447340
vt 0.330830 0.432880
vt 0.319780 0.430750
vt 0.342130 0.435380
vt 0.343880 0.421150
vt 0.332600 0.418390
vt 0.355360 0.424160
vt 0.357780 0.410060
vt 0.346410 0.406660
vt 0.361260 0.395680
vt 0.349440 0.392300
vt 0.365100 0.382060
vt 0.352670 0.378570
vt 0.377440 0.386570
vt 0.380350 0.372540
vt 0.368110 0.368650
vt 0.392050 0.376480
vt 0.394330 0.361830
vt 0.382590 0.358380
vt 0.405770 0.365000
vt 0.407700 0.350090
vt 0.396160 0.347130
vt 0.418990 0.352630
vt 0.420640 0.337530
vt 0.409280 0.335210
vt 0.410340 0.320490
vt 0.398380 0.318090
vt 0.397500 0.332510
vt 0.410940 0.306080
vt 0.398600 0.303890
vt 0.411050 0.291950
vt 0.398120 0.290000
vt 0.397240 0.276410
vt 0.383640 0.273320
vt 0.384910 0.287290
vt 0.396380 0.262840
vt 0.382480 0.259320
vt 0.396120 0.249370
vt 0.382470 0.245620
vt 0.396630 0.235310
vt 0.383810 0.231720
vt 0.397200 0.220940
vt 0.383970 0.217400
vt 0.397530 0.207020
vt 0.383820 0.203410
vt 0.383780 0.190000
vt 0.368820 0.186100
vt 0.369260 0.199370
vt 0.384140 0.177320
vt 0.368780 0.173530
vt 0.385010 0.165480
vt 0.369290 0.161660
vt 0.386070 0.154100
vt 0.369490 0.150580
vt 0.386410 0.143420
vt 0.369510 0.139110
vt 0.387210 0.132300
vt 0.371880 0.126850
vt 0.390810 0.120380
vt 0.375670 0.114350
vt 0.394830 0.107790
vt 0.379810 0.101890
vt 0.399280 0.095080
vt 0.384460 0.089090
vt 0.367150 0.080420
vt 0.363320 0.094220
vt 0.372850 0.066940
vt 0.384660 0.055730
vt 0.398330 0.048050
vt 0.385310 0.035340
vt 0.412440 0.043850
vt 0.401420 0.030560
vt 0.422900 0.056490
vt 0.429570 0.070780
vt 0.433400 0.055700
vt 0.425770 0.042160
vt 0.438750 0.041740
vt 0.431470 0.027760
vt 0.416880 0.028130
vt 0.425830 0.014270
vt 0.409460 0.015140
vt 0.422380 0.002620
vt 0.384260 0.997100
vt 0.404820 0.003860
vt 0.370020 0.998040
vt 0.359330 0.698060
vt 0.358060 0.711460
vt 0.337970 0.711660
vt 0.343160 0.710020
vt 0.325090 0.710370
vt 0.344530 0.697300
vt 0.344800 0.684560
vt 0.329450 0.684420
vt 0.329100 0.696300
vt 0.328110 0.672490
vt 0.312790 0.672100
vt 0.313540 0.683500
vt 0.326190 0.660050
vt 0.311350 0.660030
vt 0.324420 0.647560
vt 0.309930 0.647700
vt 0.322570 0.634840
vt 0.308560 0.635080
vt 0.320650 0.621820
vt 0.307070 0.622050
vt 0.318490 0.608430
vt 0.305470 0.608570
vt 0.316040 0.594480
vt 0.303520 0.594560
vt 0.313210 0.579890
vt 0.301200 0.579940
vt 0.309880 0.564530
vt 0.298440 0.564610
vt 0.306140 0.548380
vt 0.295140 0.548540
vt 0.302160 0.531820
vt 0.290710 0.531540
vt 0.298920 0.516430
vt 0.287130 0.515950
vt 0.297030 0.501290
vt 0.285880 0.499980
vt 0.295970 0.485790
vt 0.284850 0.484090
vt 0.295480 0.470750
vt 0.284310 0.469030
vt 0.295630 0.456210
vt 0.284430 0.454530
vt 0.296480 0.441860
vt 0.285340 0.440340
vt 0.297910 0.427500
vt 0.286830 0.426270
vt 0.308820 0.429000
vt 0.310630 0.414440
vt 0.299790 0.413090
vt 0.321510 0.416170
vt 0.323750 0.401380
vt 0.312770 0.399670
vt 0.335010 0.403740
vt 0.337620 0.389280
vt 0.326090 0.386740
vt 0.340340 0.375240
vt 0.328540 0.372220
vt 0.343130 0.361690
vt 0.331050 0.357830
vt 0.355670 0.365300
vt 0.358160 0.351610
vt 0.346060 0.348030
vt 0.370360 0.354880
vt 0.372220 0.340780
vt 0.360040 0.337570
vt 0.384300 0.344020
vt 0.385470 0.329540
vt 0.373210 0.326550
vt 0.385930 0.315300
vt 0.373310 0.312380
vt 0.385760 0.301260
vt 0.372740 0.298320
vt 0.371490 0.284210
vt 0.358470 0.280760
vt 0.359800 0.295120
vt 0.370110 0.269710
vt 0.357080 0.266160
vt 0.368940 0.254900
vt 0.356070 0.251290
vt 0.368880 0.240200
vt 0.355690 0.236840
vt 0.369720 0.226660
vt 0.355430 0.223060
vt 0.369650 0.213040
vt 0.354960 0.209470
vt 0.354150 0.195830
vt 0.339300 0.193490
vt 0.340630 0.207340
vt 0.353530 0.182620
vt 0.337820 0.180330
vt 0.353160 0.170230
vt 0.336720 0.168280
vt 0.352930 0.158680
vt 0.336150 0.157060
vt 0.352950 0.147470
vt 0.336750 0.145800
vt 0.353770 0.135460
vt 0.339440 0.132560
vt 0.356760 0.122020
vt 0.342670 0.117400
vt 0.360030 0.108050
vt 0.344800 0.102100
vt 0.346220 0.086550
vt 0.330910 0.081240
vt 0.330350 0.097010
vt 0.316990 0.078960
vt 0.316640 0.093890
vt 0.316780 0.065030
vt 0.301520 0.064060
vt 0.302380 0.078100
vt 0.315830 0.051060
vt 0.300350 0.049930
vt 0.313270 0.034140
vt 0.298760 0.034240
vt 0.309860 0.012470
vt 0.287360 0.995100
vt 0.296610 0.013900
vt 0.275350 0.994890
vt 0.323180 0.011170
vt 0.299350 0.995270
vt 0.336890 0.010140
vt 0.311700 0.995550
vt 0.351650 0.009050
vt 0.324850 0.996170
vt 0.368180 0.007720
vt 0.339280 0.997130
vt 0.374800 0.021810
vt 0.392330 0.017660
vt 0.386530 0.005830
vt 0.354960 0.997960
vt 0.327870 0.708310
vt 0.311790 0.709020
vt 0.312170 0.706180
vt 0.298050 0.707800
vt 0.313330 0.694900
vt 0.297250 0.693320
vt 0.296100 0.703990
vt 0.283890 0.706940
vt 0.297530 0.682430
vt 0.281320 0.681050
vt 0.280770 0.691460
vt 0.297140 0.671330
vt 0.281400 0.670340
vt 0.296360 0.659620
vt 0.281520 0.658830
vt 0.295440 0.647460
vt 0.281300 0.646640
vt 0.294600 0.634820
vt 0.280910 0.634010
vt 0.293680 0.621780
vt 0.280380 0.621020
vt 0.292540 0.608270
vt 0.279790 0.607640
vt 0.291120 0.594270
vt 0.278760 0.593680
vt 0.289210 0.579670
vt 0.277190 0.579190
vt 0.286910 0.564540
vt 0.275230 0.564190
vt 0.284130 0.548850
vt 0.272780 0.548820
vt 0.279600 0.532180
vt 0.268970 0.532170
vt 0.276250 0.514710
vt 0.265890 0.513760
vt 0.275100 0.498250
vt 0.264270 0.496770
vt 0.273740 0.482360
vt 0.262450 0.481000
vt 0.272940 0.467310
vt 0.261430 0.465910
vt 0.273070 0.452960
vt 0.261360 0.451490
vt 0.273920 0.439010
vt 0.262150 0.437740
vt 0.275430 0.425270
vt 0.263640 0.424360
vt 0.277350 0.411660
vt 0.265530 0.411240
vt 0.288710 0.412240
vt 0.290860 0.398060
vt 0.279490 0.397970
vt 0.301890 0.398570
vt 0.303980 0.383940
vt 0.292890 0.383930
vt 0.314950 0.384900
vt 0.317270 0.370200
vt 0.306040 0.369360
vt 0.319170 0.355920
vt 0.307510 0.355290
vt 0.320960 0.342190
vt 0.308710 0.341650
vt 0.333490 0.344160
vt 0.334820 0.330820
vt 0.322060 0.328900
vt 0.347640 0.334060
vt 0.348250 0.320250
vt 0.335260 0.317420
vt 0.360730 0.323420
vt 0.360610 0.309310
vt 0.347920 0.306310
vt 0.346930 0.292160
vt 0.333840 0.289880
vt 0.334950 0.303740
vt 0.345550 0.277760
vt 0.332450 0.275700
vt 0.344260 0.263310
vt 0.331120 0.261450
vt 0.343190 0.248890
vt 0.330050 0.247580
vt 0.342370 0.234890
vt 0.329170 0.234000
vt 0.341680 0.221110
vt 0.328290 0.220650
vt 0.327120 0.206900
vt 0.314580 0.207880
vt 0.315360 0.221300
vt 0.325050 0.192490
vt 0.311880 0.193620
vt 0.321980 0.178780
vt 0.307680 0.179630
vt 0.319830 0.166330
vt 0.304850 0.166170
vt 0.319530 0.154460
vt 0.305410 0.152100
vt 0.321700 0.141660
vt 0.308390 0.137490
vt 0.326490 0.127690
vt 0.312570 0.123340
vt 0.328950 0.112680
vt 0.315230 0.108990
vt 0.301670 0.107100
vt 0.299180 0.121840
vt 0.302620 0.092380
vt 0.288480 0.092400
vt 0.288470 0.107050
vt 0.287640 0.078240
vt 0.273150 0.079750
vt 0.274650 0.093990
vt 0.286250 0.063990
vt 0.271560 0.065340
vt 0.284660 0.049500
vt 0.269530 0.050320
vt 0.284260 0.034380
vt 0.269730 0.034870
vt 0.283030 0.015890
vt 0.262960 0.994610
vt 0.269160 0.018050
vt 0.250200 0.994270
vt 0.279650 0.701720
vt 0.269380 0.706450
vt 0.262940 0.699050
vt 0.254630 0.706410
vt 0.264010 0.689020
vt 0.247790 0.686080
vt 0.246660 0.696210
vt 0.240210 0.706930
vt 0.264830 0.678840
vt 0.248670 0.675770
vt 0.265880 0.668440
vt 0.250430 0.665250
vt 0.266840 0.657040
vt 0.252130 0.654490
vt 0.267310 0.645160
vt 0.253070 0.643070
vt 0.267340 0.632710
vt 0.253590 0.630970
vt 0.267260 0.619860
vt 0.254060 0.618370
vt 0.267030 0.606500
vt 0.254250 0.605170
vt 0.266360 0.592670
vt 0.253960 0.591430
vt 0.265150 0.578210
vt 0.253070 0.577070
vt 0.263370 0.563210
vt 0.251690 0.562050
vt 0.261390 0.547950
vt 0.249900 0.546350
vt 0.258350 0.531080
vt 0.247400 0.529860
vt 0.255600 0.513220
vt 0.244860 0.512760
vt 0.253390 0.496300
vt 0.242370 0.496000
vt 0.251030 0.480120
vt 0.239910 0.479510
vt 0.249830 0.464810
vt 0.238260 0.463800
vt 0.249570 0.450260
vt 0.237710 0.449240
vt 0.250080 0.436490
vt 0.237850 0.435360
vt 0.251310 0.423280
vt 0.238750 0.422070
vt 0.253070 0.410530
vt 0.240250 0.409320
vt 0.255300 0.397980
vt 0.242580 0.397170
vt 0.267650 0.398120
vt 0.269680 0.385020
vt 0.257440 0.385420
vt 0.281520 0.384340
vt 0.283090 0.370810
vt 0.271150 0.372140
vt 0.294680 0.369670
vt 0.295760 0.355970
vt 0.283950 0.357580
vt 0.296450 0.342610
vt 0.284230 0.344670
vt 0.296540 0.329820
vt 0.283770 0.332300
vt 0.309320 0.328540
vt 0.309150 0.315640
vt 0.295930 0.317340
vt 0.322280 0.315650
vt 0.321600 0.302290
vt 0.308140 0.302600
vt 0.320330 0.288540
vt 0.306350 0.289210
vt 0.318710 0.274540
vt 0.317290 0.260490
vt 0.316330 0.247050
vt 0.315790 0.234170
vt 0.301910 0.234810
vt 0.302000 0.222940
vt 0.288140 0.223910
vt 0.287890 0.234950
vt 0.301560 0.210730
vt 0.288080 0.212800
vt 0.299390 0.197770
vt 0.286610 0.200450
vt 0.295100 0.183010
vt 0.283290 0.185910
vt 0.292480 0.167570
vt 0.281000 0.169660
vt 0.293230 0.152070
vt 0.281430 0.153400
vt 0.295860 0.136620
vt 0.283610 0.137590
vt 0.286320 0.122040
vt 0.273590 0.124260
vt 0.271260 0.140060
vt 0.275300 0.108850
vt 0.261960 0.112700
vt 0.260300 0.128240
vt 0.261070 0.097650
vt 0.247450 0.104230
vt 0.247690 0.118590
vt 0.258940 0.082830
vt 0.245800 0.087760
vt 0.257300 0.067590
vt 0.244130 0.070580
vt 0.255460 0.051780
vt 0.242290 0.053800
vt 0.255480 0.035890
vt 0.241360 0.037770
vt 0.255010 0.020550
vt 0.237070 0.994110
vt 0.240850 0.023100
vt 0.223950 0.994010
vt 0.232060 0.683340
vt 0.230770 0.693370
vt 0.226120 0.708010
vt 0.215140 0.690610
vt 0.212300 0.709670
vt 0.216610 0.680650
vt 0.233430 0.673000
vt 0.218320 0.670440
vt 0.235270 0.662390
vt 0.220330 0.659940
vt 0.237140 0.651680
vt 0.222390 0.649250
vt 0.238660 0.640580
vt 0.224320 0.638250
vt 0.239810 0.628840
vt 0.226010 0.626730
vt 0.240760 0.616420
vt 0.227390 0.614520
vt 0.241380 0.603490
vt 0.228400 0.601720
vt 0.241460 0.589950
vt 0.228940 0.588260
vt 0.241080 0.575770
vt 0.228980 0.574250
vt 0.240100 0.560830
vt 0.228450 0.559480
vt 0.238470 0.545110
vt 0.227100 0.543880
vt 0.236280 0.528740
vt 0.225070 0.527610
vt 0.233850 0.511950
vt 0.222680 0.510990
vt 0.231230 0.495210
vt 0.219980 0.494320
vt 0.228660 0.478750
vt 0.217210 0.477900
vt 0.226680 0.462980
vt 0.214960 0.462160
vt 0.225720 0.448290
vt 0.213580 0.447520
vt 0.225580 0.434380
vt 0.213150 0.433610
vt 0.226220 0.421060
vt 0.213500 0.420290
vt 0.227370 0.408200
vt 0.214060 0.407360
vt 0.229100 0.396030
vt 0.215220 0.395180
vt 0.230980 0.384660
vt 0.216730 0.383790
vt 0.244710 0.385260
vt 0.246290 0.373820
vt 0.232680 0.373840
vt 0.259030 0.373120
vt 0.259750 0.361370
vt 0.247300 0.362860
vt 0.272020 0.359530
vt 0.272100 0.347370
vt 0.259790 0.350350
vt 0.271090 0.336130
vt 0.258960 0.339560
vt 0.269010 0.325250
vt 0.257120 0.329150
vt 0.282300 0.320810
vt 0.280270 0.309630
vt 0.266370 0.314920
vt 0.294410 0.305050
vt 0.292060 0.292350
vt 0.277510 0.298620
vt 0.263360 0.305360
vt 0.251200 0.308260
vt 0.254200 0.318690
vt 0.240990 0.309090
vt 0.244070 0.320950
vt 0.238510 0.296370
vt 0.228340 0.295650
vt 0.231740 0.310190
vt 0.239510 0.281700
vt 0.228750 0.279300
vt 0.246610 0.265650
vt 0.233930 0.263740
vt 0.252710 0.251170
vt 0.237370 0.250720
vt 0.255050 0.239840
vt 0.238130 0.239830
vt 0.256340 0.229970
vt 0.238390 0.229900
vt 0.272960 0.232820
vt 0.273560 0.222660
vt 0.256490 0.220800
vt 0.273500 0.212620
vt 0.257240 0.211510
vt 0.272910 0.201510
vt 0.258020 0.200650
vt 0.270870 0.187370
vt 0.257380 0.187530
vt 0.269360 0.171750
vt 0.256540 0.173360
vt 0.269500 0.155840
vt 0.256780 0.158760
vt 0.258330 0.143900
vt 0.243880 0.148390
vt 0.242300 0.162060
vt 0.246330 0.133730
vt 0.231500 0.138390
vt 0.228450 0.152550
vt 0.234070 0.123690
vt 0.221100 0.127160
vt 0.217050 0.141870
vt 0.234680 0.108340
vt 0.222810 0.111950
vt 0.234150 0.091660
vt 0.223150 0.094670
vt 0.232240 0.073690
vt 0.221400 0.076380
vt 0.229810 0.056050
vt 0.218160 0.058360
vt 0.227810 0.040010
vt 0.214750 0.042150
vt 0.226790 0.025700
vt 0.211080 0.993860
vt 0.212880 0.027940
vt 0.198640 0.993260
vt 0.201240 0.678010
vt 0.199580 0.688050
vt 0.198690 0.712100
vt 0.184340 0.685310
vt 0.185460 0.715220
vt 0.186130 0.675300
vt 0.203270 0.667840
vt 0.188310 0.665160
vt 0.205490 0.657470
vt 0.190710 0.654830
vt 0.207780 0.646840
vt 0.193320 0.644220
vt 0.210050 0.635870
vt 0.195960 0.633230
vt 0.212200 0.624430
vt 0.198530 0.621820
vt 0.214100 0.612410
vt 0.200910 0.609880
vt 0.215600 0.599720
vt 0.202910 0.597330
vt 0.216540 0.586340
vt 0.204280 0.584090
vt 0.216900 0.572350
vt 0.204960 0.570260
vt 0.216790 0.557820
vt 0.204980 0.555870
vt 0.215690 0.542460
vt 0.204250 0.540890
vt 0.213830 0.526390
vt 0.202540 0.525090
vt 0.211390 0.509870
vt 0.200020 0.508710
vt 0.208550 0.493280
vt 0.196950 0.492160
vt 0.205510 0.476900
vt 0.193590 0.475770
vt 0.203010 0.461280
vt 0.190800 0.460190
vt 0.201380 0.446690
vt 0.188860 0.445720
vt 0.200620 0.432840
vt 0.187950 0.432080
vt 0.200520 0.419460
vt 0.187540 0.418720
vt 0.200790 0.406560
vt 0.187430 0.405610
vt 0.201350 0.394090
vt 0.187630 0.392650
vt 0.202390 0.382100
vt 0.188530 0.379980
vt 0.204060 0.370810
vt 0.190100 0.367530
vt 0.218520 0.373030
vt 0.220390 0.362730
vt 0.206080 0.359920
vt 0.234220 0.363510
vt 0.235450 0.353560
vt 0.222500 0.353060
vt 0.247770 0.352390
vt 0.247480 0.342270
vt 0.236460 0.343940
vt 0.246420 0.331980
vt 0.236560 0.334150
vt 0.235300 0.323160
vt 0.224660 0.344150
vt 0.212010 0.340670
vt 0.208620 0.349860
vt 0.199410 0.332700
vt 0.195140 0.343720
vt 0.181980 0.336500
vt 0.168940 0.329280
vt 0.178990 0.350020
vt 0.166120 0.344670
vt 0.192170 0.355410
vt 0.176760 0.363650
vt 0.164140 0.359680
vt 0.175300 0.377410
vt 0.162670 0.374570
vt 0.151870 0.355710
vt 0.150540 0.371480
vt 0.153330 0.339910
vt 0.140030 0.336350
vt 0.139310 0.352290
vt 0.155550 0.324170
vt 0.141130 0.320960
vt 0.142180 0.306380
vt 0.124760 0.305870
vt 0.125470 0.319740
vt 0.142860 0.292910
vt 0.123670 0.292230
vt 0.106930 0.292830
vt 0.108340 0.306470
vt 0.091450 0.294510
vt 0.092790 0.308060
vt 0.089950 0.281470
vt 0.073780 0.283280
vt 0.076170 0.296270
vt 0.088490 0.269250
vt 0.071980 0.271760
vt 0.085160 0.257390
vt 0.070470 0.260730
vt 0.080590 0.245280
vt 0.068130 0.248680
vt 0.090540 0.238870
vt 0.084870 0.225730
vt 0.075780 0.231910
vt 0.099140 0.229850
vt 0.093030 0.217790
vt 0.107110 0.221280
vt 0.100670 0.209920
vt 0.114750 0.212150
vt 0.107780 0.201020
vt 0.124150 0.223010
vt 0.130570 0.211540
vt 0.122130 0.201560
vt 0.134850 0.232610
vt 0.141390 0.219350
vt 0.147830 0.240270
vt 0.152490 0.226330
vt 0.164180 0.242600
vt 0.166070 0.229680
vt 0.163110 0.255420
vt 0.162980 0.268420
vt 0.181190 0.253120
vt 0.182020 0.240970
vt 0.180750 0.266030
vt 0.199750 0.260310
vt 0.200280 0.248190
vt 0.219120 0.254410
vt 0.219620 0.243480
vt 0.217670 0.266480
vt 0.216270 0.280970
vt 0.217880 0.297210
vt 0.220540 0.232650
vt 0.201740 0.236740
vt 0.222040 0.222000
vt 0.202170 0.225730
vt 0.239100 0.220000
vt 0.240860 0.209710
vt 0.223870 0.211660
vt 0.242340 0.199470
vt 0.225480 0.201010
vt 0.242460 0.187710
vt 0.225520 0.189820
vt 0.242100 0.175120
vt 0.225040 0.178260
vt 0.226240 0.166000
vt 0.210820 0.169220
vt 0.208470 0.182790
vt 0.213810 0.155620
vt 0.202640 0.156700
vt 0.199350 0.170960
vt 0.206190 0.142960
vt 0.198060 0.142590
vt 0.194640 0.157000
vt 0.210330 0.128670
vt 0.202510 0.128250
vt 0.213030 0.113240
vt 0.205130 0.113180
vt 0.213710 0.096270
vt 0.205650 0.096660
vt 0.211720 0.078440
vt 0.203290 0.080170
vt 0.207260 0.060810
vt 0.197920 0.063530
vt 0.201890 0.044450
vt 0.190040 0.047550
vt 0.198960 0.030570
vt 0.186360 0.992780
vt 0.184830 0.033590
vt 0.174080 0.992150
vt 0.171320 0.672380
vt 0.169490 0.682520
vt 0.172500 0.718530
vt 0.155070 0.679300
vt 0.159520 0.721270
vt 0.156870 0.669110
vt 0.173620 0.662220
vt 0.159230 0.658930
vt 0.176230 0.651870
vt 0.162020 0.648510
vt 0.179080 0.641210
vt 0.165040 0.637810
vt 0.182010 0.630200
vt 0.168330 0.626720
vt 0.184950 0.618790
vt 0.171710 0.615220
vt 0.187910 0.606880
vt 0.175020 0.603390
vt 0.190360 0.594420
vt 0.177820 0.591170
vt 0.192070 0.581450
vt 0.179890 0.578460
vt 0.193100 0.567970
vt 0.181220 0.565300
vt 0.193330 0.553830
vt 0.181790 0.551700
vt 0.192780 0.539040
vt 0.181390 0.537440
vt 0.191130 0.523610
vt 0.179880 0.522480
vt 0.188600 0.507530
vt 0.177180 0.506690
vt 0.185200 0.491050
vt 0.173480 0.490290
vt 0.181450 0.474540
vt 0.169330 0.473590
vt 0.178310 0.458890
vt 0.165680 0.457570
vt 0.176120 0.444590
vt 0.163420 0.443540
vt 0.175060 0.431180
vt 0.162160 0.430250
vt 0.174690 0.417990
vt 0.161690 0.416960
vt 0.174270 0.404650
vt 0.161490 0.403450
vt 0.174400 0.391090
vt 0.161730 0.389280
vt 0.149500 0.386920
vt 0.148950 0.401890
vt 0.137430 0.384140
vt 0.136760 0.399610
vt 0.138390 0.368350
vt 0.125980 0.365670
vt 0.125070 0.381380
vt 0.126370 0.349890
vt 0.112890 0.348900
vt 0.113080 0.363930
vt 0.126010 0.334370
vt 0.111470 0.334220
vt 0.109690 0.320120
vt 0.094380 0.321780
vt 0.096910 0.335550
vt 0.080090 0.324420
vt 0.082530 0.338280
vt 0.077880 0.310140
vt 0.064390 0.313400
vt 0.066300 0.327600
vt 0.061920 0.299330
vt 0.047630 0.305700
vt 0.049900 0.318340
vt 0.057520 0.286260
vt 0.043470 0.292500
vt 0.054730 0.274220
vt 0.040350 0.277950
vt 0.054220 0.262300
vt 0.040100 0.263160
vt 0.053950 0.249610
vt 0.040130 0.249260
vt 0.053070 0.236130
vt 0.039520 0.235840
vt 0.065190 0.235350
vt 0.051210 0.222020
vt 0.038440 0.221650
vt 0.051300 0.207460
vt 0.037870 0.206730
vt 0.023050 0.207040
vt 0.024470 0.222030
vt 0.026110 0.236050
vt 0.027510 0.249610
vt 0.028370 0.264160
vt 0.028740 0.281580
vt 0.029170 0.299970
vt 0.029990 0.312270
vt 0.031120 0.323390
vt 0.032420 0.334230
vt 0.051250 0.331160
vt 0.033670 0.344670
vt 0.052260 0.343160
vt 0.034590 0.355040
vt 0.052790 0.354700
vt 0.034980 0.365420
vt 0.052920 0.365890
vt 0.034930 0.375950
vt 0.052410 0.377040
vt 0.034520 0.386940
vt 0.051390 0.388330
vt 0.033850 0.398550
vt 0.049630 0.400040
vt 0.032950 0.410610
vt 0.047640 0.412190
vt 0.031810 0.422840
vt 0.045660 0.424180
vt 0.030280 0.434990
vt 0.043650 0.435760
vt 0.028360 0.446280
vt 0.041770 0.446930
vt 0.025980 0.456740
vt 0.040390 0.457440
vt 0.023010 0.466330
vt 0.039530 0.468230
vt 0.019660 0.475660
vt 0.037710 0.478980
vt 0.016340 0.485190
vt 0.034750 0.488780
vt 0.013190 0.495400
vt 0.029840 0.498840
vt 0.010350 0.506620
vt 0.025650 0.510410
vt 0.008090 0.519040
vt 0.021110 0.523160
vt 0.006850 0.534780
vt 0.017770 0.537670
vt 0.006430 0.551760
vt 0.017000 0.554060
vt 0.004960 0.566800
vt 0.015290 0.570540
vt 0.002430 0.584780
vt 0.012450 0.587080
vt 0.001950 0.603820
vt 0.011710 0.604600
vt 0.002810 0.620720
vt 0.011210 0.621330
vt 0.002660 0.635310
vt 0.014000 0.757940
vt 0.009590 0.636220
vt 0.020450 0.755010
vt 0.009160 0.092980
vt 0.005010 0.072570
vt 0.004240 0.947900
vt 0.014600 0.071400
vt 0.013070 0.952310
vt 0.018810 0.091190
vt 0.012440 0.111790
vt 0.022830 0.109630
vt 0.015280 0.129350
vt 0.026880 0.126670
vt 0.017820 0.146180
vt 0.031210 0.143020
vt 0.043480 0.137010
vt 0.038120 0.122200
vt 0.055460 0.129880
vt 0.049270 0.116740
vt 0.061860 0.141050
vt 0.074790 0.131720
vt 0.067400 0.122210
vt 0.068810 0.150330
vt 0.081610 0.140210
vt 0.076520 0.158760
vt 0.088250 0.148120
vt 0.085040 0.167090
vt 0.094740 0.156580
vt 0.077580 0.176920
vt 0.071300 0.186760
vt 0.087250 0.186020
vt 0.093580 0.176840
vt 0.081690 0.194430
vt 0.088780 0.205560
vt 0.094940 0.197410
vt 0.101440 0.188430
vt 0.108450 0.178970
vt 0.101250 0.166970
vt 0.115300 0.191080
vt 0.123280 0.181420
vt 0.116530 0.170260
vt 0.130050 0.191120
vt 0.138510 0.183060
vt 0.132100 0.174650
vt 0.137110 0.199920
vt 0.144960 0.190990
vt 0.146720 0.207370
vt 0.153150 0.197230
vt 0.157300 0.213290
vt 0.162990 0.202220
vt 0.169180 0.217070
vt 0.174220 0.205940
vt 0.184310 0.217980
vt 0.188180 0.207830
vt 0.182270 0.229310
vt 0.203820 0.215770
vt 0.206280 0.205690
vt 0.207640 0.195030
vt 0.192100 0.196890
vt 0.195720 0.184900
vt 0.185410 0.184150
vt 0.179710 0.195580
vt 0.190340 0.171100
vt 0.182900 0.169820
vt 0.176640 0.181700
vt 0.188110 0.156630
vt 0.182040 0.155480
vt 0.176990 0.167560
vt 0.191840 0.142060
vt 0.186130 0.141460
vt 0.195640 0.127270
vt 0.189400 0.126990
vt 0.197990 0.112650
vt 0.190980 0.112540
vt 0.197820 0.097200
vt 0.190000 0.098230
vt 0.194950 0.082020
vt 0.186580 0.084780
vt 0.188810 0.067250
vt 0.180500 0.072050
vt 0.177990 0.087830
vt 0.169210 0.091160
vt 0.182200 0.099810
vt 0.174810 0.101940
vt 0.159700 0.092520
vt 0.167780 0.104340
vt 0.152440 0.093770
vt 0.159780 0.106440
vt 0.146120 0.083030
vt 0.140300 0.072620
vt 0.137970 0.085000
vt 0.131880 0.074490
vt 0.145150 0.095620
vt 0.137420 0.097890
vt 0.129680 0.087380
vt 0.151590 0.107560
vt 0.143860 0.109100
vt 0.135960 0.111330
vt 0.129240 0.100690
vt 0.148290 0.120660
vt 0.155570 0.119060
vt 0.140530 0.122350
vt 0.132320 0.124420
vt 0.127060 0.113830
vt 0.144870 0.133710
vt 0.136770 0.135880
vt 0.127910 0.138250
vt 0.123350 0.127210
vt 0.141050 0.147240
vt 0.149280 0.144590
vt 0.131940 0.149880
vt 0.122100 0.153250
vt 0.117900 0.141800
vt 0.136030 0.160610
vt 0.145680 0.157390
vt 0.126450 0.164690
vt 0.111100 0.158300
vt 0.141550 0.169490
vt 0.151500 0.164300
vt 0.147890 0.176690
vt 0.157380 0.169450
vt 0.154330 0.182630
vt 0.163300 0.173660
vt 0.161330 0.187560
vt 0.169680 0.177730
vt 0.169600 0.191950
vt 0.171270 0.164750
vt 0.165800 0.161640
vt 0.176860 0.153900
vt 0.171790 0.152520
vt 0.180640 0.140880
vt 0.175270 0.140630
vt 0.183410 0.126880
vt 0.177610 0.127150
vt 0.184340 0.113130
vt 0.177950 0.114160
vt 0.170800 0.115770
vt 0.172060 0.127520
vt 0.163130 0.117680
vt 0.170350 0.140570
vt 0.166880 0.150600
vt 0.160390 0.158320
vt 0.154220 0.153520
vt 0.106440 0.147680
vt 0.101310 0.138220
vt 0.112870 0.131770
vt 0.107400 0.122010
vt 0.095000 0.130190
vt 0.117740 0.117200
vt 0.110570 0.107360
vt 0.099680 0.114000
vt 0.120280 0.103470
vt 0.111660 0.093110
vt 0.101370 0.098420
vt 0.121100 0.089830
vt 0.114220 0.079880
vt 0.104140 0.083770
vt 0.123320 0.076880
vt 0.118690 0.067470
vt 0.108560 0.070690
vt 0.128360 0.064590
vt 0.125280 0.055860
vt 0.114550 0.058820
vt 0.138220 0.062340
vt 0.136490 0.053110
vt 0.134330 0.045200
vt 0.132080 0.980850
vt 0.122500 0.047860
vt 0.122120 0.976920
vt 0.142690 0.665360
vt 0.140990 0.675580
vt 0.146470 0.723120
vt 0.127080 0.671110
vt 0.133220 0.724050
vt 0.128860 0.660920
vt 0.145160 0.655060
vt 0.131410 0.650630
vt 0.148100 0.644600
vt 0.134560 0.640020
vt 0.151410 0.633800
vt 0.138080 0.629130
vt 0.155000 0.622610
vt 0.141800 0.617900
vt 0.158630 0.611200
vt 0.145690 0.606440
vt 0.162220 0.599470
vt 0.149590 0.594760
vt 0.165400 0.587420
vt 0.153080 0.583000
vt 0.167880 0.575080
vt 0.155820 0.571080
vt 0.169540 0.562400
vt 0.157930 0.558920
vt 0.170330 0.549410
vt 0.159130 0.546860
vt 0.170220 0.536000
vt 0.159440 0.534580
vt 0.168890 0.521800
vt 0.158390 0.521720
vt 0.166050 0.506420
vt 0.155670 0.507500
vt 0.161940 0.490350
vt 0.150660 0.491950
vt 0.157390 0.473490
vt 0.153280 0.456420
vt 0.151090 0.442770
vt 0.149820 0.429530
vt 0.138040 0.428640
vt 0.149110 0.415840
vt 0.136720 0.414270
vt 0.124060 0.411820
vt 0.125410 0.426660
vt 0.124250 0.396680
vt 0.111390 0.394050
vt 0.110670 0.408650
vt 0.112310 0.379080
vt 0.098970 0.377680
vt 0.097900 0.391960
vt 0.099440 0.363360
vt 0.085040 0.364150
vt 0.084650 0.377340
vt 0.098790 0.349360
vt 0.083940 0.351290
vt 0.068920 0.353140
vt 0.069360 0.365180
vt 0.067740 0.340810
vt 0.069160 0.377390
vt 0.068000 0.389900
vt 0.083290 0.390770
vt 0.081710 0.403950
vt 0.065780 0.402300
vt 0.096510 0.405940
vt 0.095140 0.419230
vt 0.079580 0.416510
vt 0.110300 0.422850
vt 0.093120 0.431920
vt 0.077110 0.428670
vt 0.090380 0.443940
vt 0.074560 0.439870
vt 0.061080 0.426180
vt 0.058840 0.437230
vt 0.063360 0.414350
vt 0.056790 0.447580
vt 0.072020 0.450530
vt 0.069660 0.461330
vt 0.055350 0.457950
vt 0.086950 0.455100
vt 0.083250 0.466350
vt 0.079850 0.478480
vt 0.067480 0.472940
vt 0.096230 0.473210
vt 0.101630 0.461500
vt 0.091520 0.485200
vt 0.076890 0.493200
vt 0.101410 0.493050
vt 0.108120 0.481900
vt 0.108480 0.501530
vt 0.117250 0.492850
vt 0.113420 0.509950
vt 0.123070 0.503920
vt 0.106940 0.518400
vt 0.103770 0.532810
vt 0.113580 0.529080
vt 0.112050 0.539570
vt 0.109920 0.549920
vt 0.100680 0.545120
vt 0.123920 0.546360
vt 0.124750 0.537740
vt 0.121750 0.555670
vt 0.118180 0.565700
vt 0.106370 0.560040
vt 0.133820 0.560950
vt 0.136370 0.550810
vt 0.130290 0.571530
vt 0.126020 0.582590
vt 0.113690 0.576030
vt 0.141380 0.577540
vt 0.144820 0.566200
vt 0.137270 0.589030
vt 0.133010 0.600660
vt 0.121150 0.594180
vt 0.109000 0.586860
vt 0.116680 0.606170
vt 0.104270 0.598880
vt 0.128700 0.612390
vt 0.124900 0.623900
vt 0.112210 0.618160
vt 0.100370 0.611520
vt 0.108370 0.629540
vt 0.096610 0.623710
vt 0.121250 0.635030
vt 0.117940 0.645720
vt 0.104830 0.640570
vt 0.092830 0.635140
vt 0.102080 0.651020
vt 0.089860 0.645880
vt 0.115190 0.656110
vt 0.113380 0.666220
vt 0.120040 0.725020
vt 0.100200 0.661350
vt 0.107520 0.726550
vt 0.087990 0.656640
vt 0.095860 0.728810
vt 0.078730 0.640720
vt 0.076810 0.652300
vt 0.085160 0.731500
vt 0.066780 0.648720
vt 0.075620 0.734380
vt 0.068700 0.636270
vt 0.081420 0.628550
vt 0.071320 0.623020
vt 0.084720 0.616150
vt 0.073920 0.610990
vt 0.088770 0.603800
vt 0.078570 0.599220
vt 0.093040 0.591750
vt 0.083210 0.588030
vt 0.097870 0.580310
vt 0.087400 0.577090
vt 0.101270 0.569820
vt 0.091580 0.566380
vt 0.096540 0.555950
vt 0.088620 0.552980
vt 0.083910 0.563410
vt 0.080800 0.550600
vt 0.076300 0.560460
vt 0.072210 0.544750
vt 0.067930 0.555280
vt 0.060280 0.534400
vt 0.056630 0.545560
vt 0.065310 0.522810
vt 0.055850 0.512080
vt 0.048770 0.523980
vt 0.073180 0.508700
vt 0.063250 0.501920
vt 0.066030 0.487150
vt 0.053580 0.481510
vt 0.051460 0.493800
vt 0.054270 0.469140
vt 0.044810 0.504160
vt 0.038290 0.516250
vt 0.032800 0.529450
vt 0.043600 0.536380
vt 0.039530 0.549850
vt 0.029150 0.543810
vt 0.052440 0.557220
vt 0.051080 0.571120
vt 0.040080 0.564700
vt 0.063720 0.565440
vt 0.059760 0.576710
vt 0.054760 0.589360
vt 0.046270 0.584400
vt 0.067540 0.581200
vt 0.071820 0.570490
vt 0.062050 0.593840
vt 0.057390 0.607380
vt 0.049720 0.603380
vt 0.069400 0.597090
vt 0.074990 0.585080
vt 0.065220 0.609390
vt 0.063050 0.621100
vt 0.054710 0.620090
vt 0.046660 0.617640
vt 0.052210 0.633020
vt 0.044210 0.631800
vt 0.060310 0.634010
vt 0.057810 0.645900
vt 0.067150 0.737460
vt 0.049770 0.643660
vt 0.059580 0.740480
vt 0.041800 0.641880
vt 0.051990 0.743390
vt 0.036360 0.629390
vt 0.033770 0.640220
vt 0.044190 0.746210
vt 0.025520 0.638750
vt 0.036060 0.749050
vt 0.028100 0.626140
vt 0.039200 0.614360
vt 0.030780 0.610780
vt 0.041860 0.598900
vt 0.033200 0.594950
vt 0.036340 0.579640
vt 0.025980 0.574860
vt 0.023080 0.590910
vt 0.028250 0.560140
vt 0.021390 0.607260
vt 0.019680 0.623280
vt 0.017440 0.637440
vt 0.028100 0.751930
vt 0.065790 0.061210
vt 0.065990 0.965750
vt 0.077100 0.058540
vt 0.077920 0.967320
vt 0.080920 0.069210
vt 0.070030 0.073950
vt 0.088580 0.055810
vt 0.089840 0.968780
vt 0.092350 0.065250
vt 0.103670 0.061940
vt 0.099950 0.053150
vt 0.101290 0.970770
vt 0.097680 0.074610
vt 0.086840 0.079650
vt 0.076360 0.085950
vt 0.093460 0.089460
vt 0.082920 0.096610
vt 0.072140 0.103950
vt 0.065870 0.092230
vt 0.090990 0.105970
vt 0.079470 0.114120
vt 0.060610 0.110860
vt 0.087520 0.122670
vt 0.055060 0.097520
vt 0.044110 0.102080
vt 0.049310 0.082830
vt 0.039020 0.086090
vt 0.059560 0.078900
vt 0.054980 0.063720
vt 0.054560 0.963990
vt 0.044650 0.066040
vt 0.043620 0.961910
vt 0.034490 0.068090
vt 0.032990 0.959270
vt 0.024460 0.069940
vt 0.022740 0.956100
vt 0.028720 0.088960
vt 0.033380 0.106240
vt 0.111170 0.050510
vt 0.112030 0.973430
vt 0.079450 0.573900
vt 0.147320 0.555070
vt 0.148720 0.544140
vt 0.137460 0.541300
vt 0.149180 0.533410
vt 0.148510 0.522190
vt 0.146350 0.509550
vt 0.141470 0.495340
vt 0.132420 0.499310
vt 0.125700 0.484840
vt 0.116070 0.470710
vt 0.962350 0.412300
vt 0.852880 0.832310
vt 0.844210 0.856540
vt 0.843740 0.865290
vt 0.829380 0.896670
vt 0.834590 0.893140
vt 0.840150 0.894590
vt 0.833850 0.902550
vt 0.835190 0.886670
vt 0.826630 0.890290
vt 0.842700 0.887160
vt 0.794610 0.840880
vt 0.791280 0.834610
vt 0.798020 0.831550
vt 0.800860 0.837120
vt 0.785460 0.833360
vt 0.787630 0.825340
vt 0.783000 0.839720
vt 0.771250 0.837330
vt 0.781470 0.846410
vt 0.769560 0.845380
vt 0.773600 0.829170
vt 0.793370 0.846460
vt 0.792460 0.852470
vt 0.780310 0.853360
vt 0.804220 0.843870
vt 0.803580 0.849560
vt 0.803360 0.856070
vt 0.791730 0.858990
vt 0.812980 0.845020
vt 0.811120 0.838190
vt 0.813660 0.851920
vt 0.813870 0.859020
vt 0.803070 0.862940
vt 0.823240 0.847160
vt 0.821500 0.839590
vt 0.824030 0.854820
vt 0.824350 0.862300
vt 0.813920 0.866180
vt 0.834070 0.850610
vt 0.832890 0.842210
vt 0.834300 0.859020
vt 0.834350 0.866850
vt 0.824380 0.869800
vt 0.844170 0.846450
vt 0.814080 0.873420
vt 0.824650 0.876820
vt 0.814570 0.880720
vt 0.834370 0.874220
vt 0.834550 0.881040
vt 0.825260 0.883720
vt 0.843380 0.873130
vt 0.843090 0.880420
vt 0.825120 0.909890
vt 0.814260 0.916720
vt 0.820860 0.902770
vt 0.810660 0.908750
vt 0.817710 0.895460
vt 0.807730 0.900790
vt 0.815660 0.888090
vt 0.805510 0.892870
vt 0.804020 0.885050
vt 0.792920 0.889260
vt 0.794500 0.897450
vt 0.803260 0.877430
vt 0.791870 0.881220
vt 0.802970 0.870040
vt 0.791370 0.873460
vt 0.791350 0.866040
vt 0.779350 0.868360
vt 0.779550 0.876340
vt 0.779640 0.860660
vt 0.767710 0.861640
vt 0.767520 0.870050
vt 0.768400 0.853460
vt 0.756940 0.853320
vt 0.756150 0.862290
vt 0.758200 0.844370
vt 0.746830 0.843620
vt 0.745500 0.853230
vt 0.759990 0.835450
vt 0.748660 0.834010
vt 0.762380 0.826450
vt 0.751020 0.824340
vt 0.765370 0.817340
vt 0.753920 0.814610
vt 0.776680 0.820900
vt 0.780500 0.812480
vt 0.769020 0.808210
vt 0.791490 0.817740
vt 0.796250 0.810000
vt 0.784970 0.804080
vt 0.801330 0.824280
vt 0.806190 0.816970
vt 0.808120 0.831570
vt 0.813700 0.824490
vt 0.818430 0.832100
vt 0.826270 0.825850
vt 0.820190 0.817660
vt 0.830350 0.833970
vt 0.839490 0.828490
vt 0.834690 0.819840
vt 0.842570 0.837300
vt 0.827700 0.810980
vt 0.802320 0.922400
vt 0.790180 0.927160
vt 0.799340 0.914020
vt 0.787410 0.918860
vt 0.796670 0.905730
vt 0.784910 0.910350
vt 0.782830 0.901730
vt 0.770760 0.905840
vt 0.772670 0.914990
vt 0.781250 0.893120
vt 0.769290 0.896700
vt 0.780160 0.884620
vt 0.768280 0.887600
vt 0.767690 0.878730
vt 0.755920 0.880800
vt 0.756410 0.890340
vt 0.755830 0.871460
vt 0.744280 0.872710
vt 0.744300 0.882620
vt 0.744660 0.862900
vt 0.733240 0.863490
vt 0.732810 0.873790
vt 0.734070 0.853240
vt 0.722620 0.853400
vt 0.721790 0.864030
vt 0.735420 0.843080
vt 0.723920 0.842770
vt 0.737220 0.832920
vt 0.725660 0.832180
vt 0.739500 0.822740
vt 0.727830 0.821560
vt 0.742270 0.812490
vt 0.730460 0.810900
vt 0.745510 0.802150
vt 0.733520 0.800150
vt 0.757340 0.804800
vt 0.761270 0.794980
vt 0.749220 0.791730
vt 0.773180 0.799040
vt 0.777840 0.789930
vt 0.765660 0.785170
vt 0.789940 0.795670
vt 0.795280 0.787380
vt 0.782950 0.781010
vt 0.801590 0.802260
vt 0.807360 0.794520
vt 0.812010 0.809670
vt 0.818540 0.802390
vt 0.777850 0.932450
vt 0.765740 0.939430
vt 0.775040 0.923900
vt 0.762680 0.929730
vt 0.760400 0.919800
vt 0.748520 0.924560
vt 0.750970 0.935760
vt 0.758610 0.909900
vt 0.746760 0.913740
vt 0.757300 0.900040
vt 0.745530 0.903130
vt 0.744700 0.892790
vt 0.733200 0.894930
vt 0.733980 0.905840
vt 0.732790 0.884270
vt 0.721340 0.885630
vt 0.721750 0.896670
vt 0.721350 0.874750
vt 0.709900 0.875580
vt 0.709890 0.886750
vt 0.710240 0.864500
vt 0.698590 0.864900
vt 0.698230 0.876180
vt 0.711050 0.853510
vt 0.699280 0.853690
vt 0.712260 0.842590
vt 0.700420 0.842530
vt 0.713900 0.831690
vt 0.701920 0.831410
vt 0.715950 0.820780
vt 0.703800 0.820310
vt 0.718400 0.809820
vt 0.706030 0.809170
vt 0.721240 0.798790
vt 0.708630 0.797990
vt 0.724460 0.787660
vt 0.711540 0.786690
vt 0.736990 0.789300
vt 0.740940 0.778330
vt 0.728090 0.776360
vt 0.753390 0.781310
vt 0.758070 0.770790
vt 0.745360 0.767290
vt 0.770480 0.775400
vt 0.754500 0.947260
vt 0.743490 0.953500
vt 0.739630 0.940770
vt 0.728100 0.944490
vt 0.731470 0.957740
vt 0.737030 0.928620
vt 0.725570 0.931850
vt 0.735230 0.917010
vt 0.723820 0.919740
vt 0.722540 0.908010
vt 0.711100 0.909750
vt 0.712250 0.921630
vt 0.710270 0.898110
vt 0.698670 0.899100
vt 0.699410 0.910830
vt 0.698250 0.887550
vt 0.686420 0.888100
vt 0.686780 0.899690
vt 0.686350 0.876590
vt 0.674170 0.876840
vt 0.674250 0.888380
vt 0.686630 0.865180
vt 0.674420 0.865340
vt 0.687290 0.853820
vt 0.674990 0.853900
vt 0.688280 0.842520
vt 0.675880 0.842530
vt 0.689640 0.831270
vt 0.677070 0.831200
vt 0.691350 0.820050
vt 0.678550 0.819930
vt 0.693370 0.808830
vt 0.680340 0.808720
vt 0.695660 0.797610
vt 0.682320 0.797560
vt 0.698170 0.786350
vt 0.684460 0.786430
vt 0.700810 0.775010
vt 0.686590 0.775320
vt 0.714660 0.775270
vt 0.718050 0.763740
vt 0.703480 0.763550
vt 0.732080 0.764980
vt 0.718090 0.960260
vt 0.704150 0.960860
vt 0.715810 0.946880
vt 0.702990 0.947790
vt 0.713830 0.933990
vt 0.701680 0.935120
vt 0.700390 0.922800
vt 0.688270 0.923270
vt 0.689220 0.935270
vt 0.687410 0.911420
vt 0.675140 0.911600
vt 0.675810 0.923240
vt 0.674560 0.899970
vt 0.662030 0.900010
vt 0.662490 0.911530
vt 0.661740 0.888480
vt 0.648950 0.888460
vt 0.649170 0.899950
vt 0.661690 0.876930
vt 0.648890 0.876930
vt 0.661890 0.865410
vt 0.649060 0.865390
vt 0.662360 0.853920
vt 0.649440 0.853870
vt 0.663140 0.842490
vt 0.650080 0.842400
vt 0.664160 0.831130
vt 0.650940 0.831000
vt 0.665450 0.819840
vt 0.652050 0.819710
vt 0.666980 0.808660
vt 0.653340 0.808540
vt 0.668680 0.797590
vt 0.654800 0.797520
vt 0.670490 0.786620
vt 0.656360 0.786670
vt 0.672280 0.775810
vt 0.657980 0.776030
vt 0.673860 0.765100
vt 0.659530 0.765590
vt 0.688550 0.764180
vt 0.645180 0.765310
vt 0.630630 0.764060
vt 0.615960 0.762080
vt 0.677150 0.957880
vt 0.664240 0.956300
vt 0.690340 0.959730
vt 0.690030 0.947400
vt 0.677090 0.946490
vt 0.676520 0.934910
vt 0.663620 0.934270
vt 0.664050 0.945440
vt 0.663040 0.922960
vt 0.650030 0.922640
vt 0.650540 0.933740
vt 0.649560 0.911370
vt 0.636420 0.911250
vt 0.636840 0.922470
vt 0.636090 0.899890
vt 0.622890 0.899870
vt 0.623180 0.911300
vt 0.635890 0.888400
vt 0.622710 0.888360
vt 0.635850 0.876860
vt 0.622660 0.876770
vt 0.635970 0.865290
vt 0.622730 0.865140
vt 0.636280 0.853730
vt 0.622970 0.853540
vt 0.636800 0.842220
vt 0.623350 0.841950
vt 0.637510 0.830770
vt 0.623910 0.830420
vt 0.638400 0.819430
vt 0.624640 0.818990
vt 0.639480 0.808220
vt 0.625510 0.807670
vt 0.640710 0.797160
vt 0.626540 0.796500
vt 0.642090 0.786330
vt 0.627730 0.785490
vt 0.643580 0.775690
vt 0.629080 0.774670
vt 0.614570 0.773100
vt 0.613390 0.784230
vt 0.600240 0.771120
vt 0.599250 0.782680
vt 0.601470 0.759590
vt 0.587370 0.757010
vt 0.586260 0.769060
vt 0.573580 0.754740
vt 0.638250 0.954710
vt 0.625160 0.955070
vt 0.651300 0.955250
vt 0.650990 0.944620
vt 0.637800 0.944270
vt 0.637320 0.933500
vt 0.624020 0.933660
vt 0.624560 0.944510
vt 0.623570 0.922580
vt 0.610370 0.922940
vt 0.610830 0.934230
vt 0.610010 0.911520
vt 0.596960 0.911850
vt 0.597390 0.923480
vt 0.609700 0.899960
vt 0.596610 0.900130
vt 0.609500 0.888340
vt 0.596350 0.888380
vt 0.609410 0.876670
vt 0.596200 0.876600
vt 0.609430 0.864970
vt 0.596140 0.864790
vt 0.609570 0.853270
vt 0.596200 0.852980
vt 0.609860 0.841580
vt 0.596390 0.841170
vt 0.610280 0.829940
vt 0.596690 0.829380
vt 0.610850 0.818370
vt 0.597130 0.817640
vt 0.611550 0.806890
vt 0.597700 0.805940
vt 0.612400 0.795510
vt 0.598390 0.794270
vt 0.584600 0.792970
vt 0.584000 0.804870
vt 0.585360 0.781030
vt 0.571710 0.779440
vt 0.571040 0.791640
vt 0.572540 0.767150
vt 0.558950 0.765470
vt 0.558220 0.777960
vt 0.559780 0.752900
vt 0.545990 0.751350
vt 0.545410 0.764000
vt 0.612230 0.956340
vt 0.599530 0.958210
vt 0.611440 0.945380
vt 0.598590 0.946690
vt 0.597930 0.935110
vt 0.585310 0.936020
vt 0.586090 0.948040
vt 0.584660 0.924120
vt 0.572100 0.924680
vt 0.572950 0.936810
vt 0.584100 0.912250
vt 0.571380 0.912630
vt 0.583650 0.900360
vt 0.570800 0.900600
vt 0.583300 0.888460
vt 0.570330 0.888560
vt 0.583050 0.876540
vt 0.569990 0.876500
vt 0.582910 0.864600
vt 0.569750 0.864410
vt 0.582880 0.852650
vt 0.569640 0.852300
vt 0.582980 0.840680
vt 0.569670 0.840190
vt 0.583200 0.828740
vt 0.569820 0.828060
vt 0.583540 0.816800
vt 0.570100 0.815920
vt 0.570500 0.803780
vt 0.557130 0.802730
vt 0.556770 0.815050
vt 0.557610 0.790370
vt 0.544310 0.789170
vt 0.543880 0.801700
vt 0.544820 0.776600
vt 0.531590 0.775340
vt 0.531140 0.788030
vt 0.532050 0.762640
vt 0.519010 0.761350
vt 0.518570 0.774130
vt 0.532440 0.749920
vt 0.519390 0.748560
vt 0.587110 0.960260
vt 0.574990 0.961780
vt 0.573910 0.949110
vt 0.561780 0.949730
vt 0.562930 0.962350
vt 0.560610 0.937390
vt 0.548110 0.937780
vt 0.549420 0.949990
vt 0.559570 0.925160
vt 0.546920 0.925590
vt 0.558690 0.913000
vt 0.545910 0.913360
vt 0.557960 0.900830
vt 0.545070 0.901090
vt 0.557380 0.888650
vt 0.544410 0.888780
vt 0.556950 0.876450
vt 0.543920 0.876420
vt 0.556650 0.864210
vt 0.543570 0.864030
vt 0.556480 0.851950
vt 0.543370 0.851590
vt 0.556450 0.839660
vt 0.543300 0.839140
vt 0.556550 0.827370
vt 0.543370 0.826670
vt 0.543570 0.814190
vt 0.530460 0.813360
vt 0.530270 0.826000
vt 0.530750 0.800700
vt 0.517750 0.799740
vt 0.517460 0.812540
vt 0.518130 0.786930
vt 0.505290 0.785840
vt 0.504890 0.798780
vt 0.505770 0.772930
vt 0.493150 0.771720
vt 0.492610 0.784740
vt 0.506290 0.760060
vt 0.493770 0.758750
vt 0.506820 0.747220
vt 0.494460 0.745860
vt 0.550680 0.962240
vt 0.538120 0.962040
vt 0.536690 0.950220
vt 0.523590 0.950740
vt 0.525210 0.962360
vt 0.535290 0.938200
vt 0.522130 0.938820
vt 0.534030 0.926030
vt 0.520870 0.926630
vt 0.532950 0.913750
vt 0.519820 0.914250
vt 0.532080 0.901370
vt 0.518970 0.901720
vt 0.531390 0.888930
vt 0.518300 0.889120
vt 0.530870 0.876420
vt 0.517810 0.876460
vt 0.530510 0.863860
vt 0.517480 0.863720
vt 0.530310 0.851260
vt 0.517290 0.850950
vt 0.530230 0.838640
vt 0.517220 0.838160
vt 0.517270 0.825350
vt 0.504380 0.824710
vt 0.504300 0.837690
vt 0.504580 0.811740
vt 0.491810 0.810940
vt 0.491580 0.824070
vt 0.492160 0.797820
vt 0.479540 0.796830
vt 0.479160 0.810120
vt 0.480040 0.783600
vt 0.467590 0.782430
vt 0.467050 0.795820
vt 0.480650 0.770440
vt 0.468260 0.769100
vt 0.481370 0.757360
vt 0.469060 0.755860
vt 0.482210 0.744380
vt 0.470030 0.742710
vt 0.511960 0.963590
vt 0.498410 0.965940
vt 0.510160 0.951920
vt 0.496600 0.953710
vt 0.508720 0.939810
vt 0.495230 0.941210
vt 0.507540 0.927450
vt 0.494180 0.928500
vt 0.506580 0.914880
vt 0.493340 0.915640
vt 0.505810 0.902170
vt 0.492670 0.902700
vt 0.505210 0.889360
vt 0.492150 0.889680
vt 0.504760 0.876510
vt 0.491770 0.876620
vt 0.504490 0.863600
vt 0.491560 0.863490
vt 0.504340 0.850660
vt 0.491460 0.850360
vt 0.491470 0.837220
vt 0.478720 0.836740
vt 0.478670 0.850070
vt 0.478880 0.823430
vt 0.466300 0.822760
vt 0.466090 0.836260
vt 0.466620 0.809260
vt 0.454180 0.808410
vt 0.453820 0.822080
vt 0.454640 0.794780
vt 0.442340 0.793750
vt 0.441840 0.807540
vt 0.455240 0.781220
vt 0.442970 0.779990
vt 0.455970 0.767710
vt 0.443770 0.766300
vt 0.456860 0.754280
vt 0.444730 0.752660
vt 0.457940 0.740920
vt 0.445910 0.739060
vt 0.471230 0.972210
vt 0.484820 0.969060
vt 0.483090 0.955990
vt 0.469790 0.958290
vt 0.481860 0.942870
vt 0.468710 0.944580
vt 0.480920 0.929710
vt 0.467880 0.930980
vt 0.480200 0.916530
vt 0.467230 0.917430
vt 0.479630 0.903280
vt 0.466730 0.903900
vt 0.479190 0.890010
vt 0.466360 0.890370
vt 0.478890 0.876710
vt 0.466120 0.876830
vt 0.478720 0.863390
vt 0.466000 0.863300
vt 0.466000 0.849770
vt 0.453420 0.849470
vt 0.453390 0.863200
vt 0.453570 0.835760
vt 0.441140 0.835240
vt 0.440960 0.849140
vt 0.441430 0.821380
vt 0.429130 0.820680
vt 0.428800 0.834730
vt 0.429570 0.806660
vt 0.417360 0.805800
vt 0.416890 0.819980
vt 0.430120 0.792690
vt 0.417950 0.791660
vt 0.430790 0.778770
vt 0.418670 0.777570
vt 0.431640 0.764890
vt 0.419560 0.763510
vt 0.432670 0.751050
vt 0.420640 0.749490
vt 0.433910 0.737260
vt 0.421910 0.735530
vt 0.457730 0.974710
vt 0.444680 0.976430
vt 0.456710 0.960300
vt 0.443930 0.961890
vt 0.455800 0.946170
vt 0.443120 0.947520
vt 0.455050 0.932190
vt 0.442420 0.933290
vt 0.454450 0.918310
vt 0.441850 0.919140
vt 0.453990 0.904490
vt 0.441410 0.905040
vt 0.453670 0.890700
vt 0.441110 0.891020
vt 0.453470 0.876940
vt 0.440940 0.877030
vt 0.440900 0.863090
vt 0.428490 0.862950
vt 0.428500 0.877100
vt 0.428600 0.848820
vt 0.416300 0.848470
vt 0.416170 0.862770
vt 0.416540 0.834200
vt 0.404340 0.833670
vt 0.404070 0.848100
vt 0.404710 0.819280
vt 0.392560 0.818600
vt 0.392160 0.833130
vt 0.405200 0.804940
vt 0.393070 0.804110
vt 0.405830 0.790650
vt 0.393720 0.789670
vt 0.406580 0.776400
vt 0.394500 0.775260
vt 0.407510 0.762170
vt 0.395450 0.760890
vt 0.408610 0.748000
vt 0.396580 0.746570
vt 0.409920 0.733870
vt 0.397920 0.732280
vt 0.432290 0.977640
vt 0.420110 0.978670
vt 0.431430 0.963130
vt 0.419040 0.964180
vt 0.430610 0.948640
vt 0.418150 0.949580
vt 0.429900 0.934210
vt 0.417450 0.934990
vt 0.429350 0.919840
vt 0.416910 0.920430
vt 0.428930 0.905540
vt 0.416520 0.905940
vt 0.428650 0.891290
vt 0.416270 0.891500
vt 0.416150 0.877120
vt 0.403850 0.877080
vt 0.403930 0.891640
vt 0.403910 0.862570
vt 0.391680 0.862330
vt 0.391590 0.877000
vt 0.391870 0.847710
vt 0.379700 0.847310
vt 0.379470 0.862070
vt 0.380020 0.832600
vt 0.367880 0.832070
vt 0.367540 0.846900
vt 0.380430 0.817930
vt 0.368300 0.817280
vt 0.380960 0.803300
vt 0.368830 0.802520
vt 0.381610 0.788720
vt 0.369490 0.787810
vt 0.382410 0.774170
vt 0.370280 0.773150
vt 0.383380 0.759680
vt 0.371250 0.758540
vt 0.384530 0.745230
vt 0.372410 0.743990
vt 0.385900 0.730800
vt 0.373790 0.729470
vt 0.407850 0.979780
vt 0.395330 0.980920
vt 0.406600 0.965130
vt 0.394030 0.965990
vt 0.405690 0.950380
vt 0.393130 0.951060
vt 0.404990 0.935640
vt 0.392500 0.936150
vt 0.404490 0.920920
vt 0.392060 0.921290
vt 0.404140 0.906250
vt 0.391770 0.906480
vt 0.391620 0.891720
vt 0.379320 0.891720
vt 0.379400 0.906600
vt 0.379350 0.876870
vt 0.367110 0.876690
vt 0.367020 0.891650
vt 0.367290 0.861780
vt 0.355110 0.861470
vt 0.354890 0.876480
vt 0.355390 0.846490
vt 0.343250 0.846080
vt 0.342950 0.861150
vt 0.355740 0.831550
vt 0.343600 0.831040
vt 0.356160 0.816640
vt 0.344010 0.816030
vt 0.356680 0.801770
vt 0.344500 0.801060
vt 0.357320 0.786950
vt 0.345090 0.786140
vt 0.358090 0.772180
vt 0.345800 0.771260
vt 0.359030 0.757470
vt 0.346690 0.756480
vt 0.360180 0.742850
vt 0.347770 0.741780
vt 0.361530 0.728290
vt 0.349100 0.727210
vt 0.382380 0.981890
vt 0.368830 0.982460
vt 0.381200 0.966690
vt 0.368070 0.967090
vt 0.380440 0.951570
vt 0.367590 0.951860
vt 0.379930 0.936520
vt 0.367280 0.936730
vt 0.379600 0.921530
vt 0.367100 0.921660
vt 0.367020 0.906640
vt 0.354620 0.906580
vt 0.354560 0.921670
vt 0.354730 0.891520
vt 0.342440 0.891340
vt 0.342220 0.906460
vt 0.342680 0.876230
vt 0.330480 0.875960
vt 0.330170 0.891120
vt 0.330800 0.860810
vt 0.318680 0.860480
vt 0.318320 0.875680
vt 0.331120 0.845670
vt 0.319010 0.845280
vt 0.331460 0.830560
vt 0.319330 0.830100
vt 0.331850 0.815460
vt 0.319670 0.814930
vt 0.332290 0.800400
vt 0.320040 0.799790
vt 0.332810 0.785380
vt 0.320460 0.784680
vt 0.333430 0.770410
vt 0.320960 0.769620
vt 0.334210 0.755520
vt 0.321600 0.754620
vt 0.335200 0.740750
vt 0.322440 0.739730
vt 0.336440 0.726130
vt 0.323560 0.724970
vt 0.300790 0.980640
vt 0.288470 0.980390
vt 0.313440 0.980980
vt 0.326710 0.981500
vt 0.340550 0.982090
vt 0.354750 0.982510
vt 0.354660 0.967170
vt 0.341160 0.966970
vt 0.354590 0.951940
vt 0.341520 0.951840
vt 0.354540 0.936790
vt 0.341780 0.936710
vt 0.342000 0.921590
vt 0.329470 0.921420
vt 0.329050 0.936540
vt 0.329830 0.906280
vt 0.317500 0.906060
vt 0.317000 0.921210
vt 0.317940 0.890880
vt 0.305750 0.890610
vt 0.305230 0.905810
vt 0.306200 0.875390
vt 0.294130 0.875090
vt 0.293630 0.890330
vt 0.306590 0.860150
vt 0.294540 0.859830
vt 0.306920 0.844910
vt 0.294870 0.844570
vt 0.307220 0.829680
vt 0.295130 0.829300
vt 0.307500 0.814450
vt 0.295340 0.814040
vt 0.307780 0.799250
vt 0.295500 0.798790
vt 0.308070 0.784070
vt 0.295660 0.783550
vt 0.308420 0.768920
vt 0.295830 0.768320
vt 0.308880 0.753800
vt 0.296080 0.753120
vt 0.309510 0.738760
vt 0.296430 0.737940
vt 0.310430 0.723830
vt 0.297060 0.722820
vt 0.263850 0.979870
vt 0.251280 0.979600
vt 0.276220 0.980160
vt 0.277230 0.965350
vt 0.264890 0.965080
vt 0.289570 0.965640
vt 0.290600 0.950750
vt 0.278270 0.950470
vt 0.302030 0.965910
vt 0.303050 0.951040
vt 0.314740 0.966240
vt 0.315690 0.951330
vt 0.327800 0.966610
vt 0.328530 0.951620
vt 0.316410 0.936310
vt 0.303910 0.936040
vt 0.304620 0.920960
vt 0.292330 0.920690
vt 0.291520 0.935770
vt 0.293030 0.905540
vt 0.280920 0.905250
vt 0.280130 0.920400
vt 0.281580 0.890040
vt 0.269610 0.889730
vt 0.268880 0.904940
vt 0.282120 0.874790
vt 0.270180 0.874490
vt 0.282550 0.859530
vt 0.270610 0.859240
vt 0.282860 0.844250
vt 0.270900 0.843980
vt 0.283070 0.828980
vt 0.271060 0.828720
vt 0.283190 0.813710
vt 0.271090 0.813460
vt 0.283250 0.798430
vt 0.271010 0.798190
vt 0.283240 0.783160
vt 0.270830 0.782920
vt 0.283200 0.767870
vt 0.270570 0.767630
vt 0.283180 0.752600
vt 0.270230 0.752320
vt 0.283220 0.737320
vt 0.269920 0.737000
vt 0.283400 0.722100
vt 0.269560 0.721670
vt 0.255660 0.721670
vt 0.238550 0.979340
vt 0.225840 0.979110
vt 0.240030 0.964490
vt 0.227650 0.964170
vt 0.252480 0.964810
vt 0.253710 0.949880
vt 0.241490 0.949540
vt 0.265980 0.950190
vt 0.267040 0.935180
vt 0.254900 0.934860
vt 0.279240 0.935490
vt 0.268020 0.920100
vt 0.255990 0.919770
vt 0.256940 0.904610
vt 0.245090 0.904240
vt 0.244060 0.919390
vt 0.257720 0.889410
vt 0.245920 0.889070
vt 0.258320 0.874190
vt 0.246550 0.873890
vt 0.258750 0.858960
vt 0.246960 0.858710
vt 0.259000 0.843730
vt 0.247170 0.843520
vt 0.259090 0.828510
vt 0.247190 0.828360
vt 0.259030 0.813290
vt 0.247030 0.813200
vt 0.258820 0.798060
vt 0.246670 0.798060
vt 0.258460 0.782830
vt 0.246130 0.782910
vt 0.257950 0.767580
vt 0.245400 0.767750
vt 0.257300 0.752280
vt 0.244420 0.752590
vt 0.256520 0.736990
vt 0.243260 0.737370
vt 0.241880 0.722130
vt 0.228300 0.723060
vt 0.230140 0.738110
vt 0.214960 0.724470
vt 0.213340 0.978790
vt 0.201110 0.978300
vt 0.215450 0.963740
vt 0.203490 0.963180
vt 0.217400 0.948660
vt 0.205660 0.948040
vt 0.229370 0.949150
vt 0.230900 0.934070
vt 0.219120 0.933560
vt 0.242850 0.934510
vt 0.232240 0.918970
vt 0.220570 0.918460
vt 0.233350 0.903840
vt 0.221750 0.903370
vt 0.234220 0.888700
vt 0.222640 0.888290
vt 0.234860 0.873570
vt 0.223270 0.873230
vt 0.235250 0.858450
vt 0.223620 0.858190
vt 0.235410 0.843340
vt 0.223720 0.843170
vt 0.235340 0.828250
vt 0.223560 0.828200
vt 0.235060 0.813200
vt 0.223150 0.813260
vt 0.234570 0.798160
vt 0.222520 0.798370
vt 0.233870 0.783150
vt 0.221610 0.783540
vt 0.232870 0.768170
vt 0.220440 0.768760
vt 0.231680 0.753150
vt 0.218990 0.753990
vt 0.217190 0.739250
vt 0.204330 0.740730
vt 0.206380 0.755060
vt 0.201820 0.726400
vt 0.188830 0.728710
vt 0.191560 0.742400
vt 0.189140 0.977630
vt 0.177510 0.976670
vt 0.191830 0.962400
vt 0.180500 0.961350
vt 0.194170 0.947220
vt 0.182970 0.946190
vt 0.196140 0.932140
vt 0.184990 0.931190
vt 0.207530 0.932930
vt 0.209060 0.917860
vt 0.197730 0.917150
vt 0.210280 0.902830
vt 0.198960 0.902220
vt 0.211190 0.887840
vt 0.199860 0.887320
vt 0.211790 0.872860
vt 0.200410 0.872460
vt 0.212090 0.857920
vt 0.200650 0.857640
vt 0.212110 0.843020
vt 0.200570 0.842870
vt 0.211850 0.828170
vt 0.200200 0.828150
vt 0.211310 0.813380
vt 0.199520 0.813530
vt 0.210510 0.798660
vt 0.198530 0.799010
vt 0.209440 0.784020
vt 0.197280 0.784600
vt 0.208050 0.769510
vt 0.195710 0.770340
vt 0.193800 0.756290
vt 0.181250 0.757550
vt 0.183370 0.771250
vt 0.178750 0.744160
vt 0.165960 0.745790
vt 0.168720 0.758710
vt 0.175880 0.731190
vt 0.162900 0.733280
vt 0.014780 0.764070
vt 0.022850 0.762310
vt 0.015440 0.771290
vt 0.024100 0.769850
vt 0.015940 0.779130
vt 0.025110 0.777940
vt 0.016320 0.787630
vt 0.025920 0.786740
vt 0.016570 0.796970
vt 0.026530 0.796370
vt 0.016700 0.807310
vt 0.026880 0.806850
vt 0.016700 0.818170
vt 0.027130 0.818050
vt 0.016570 0.829260
vt 0.027160 0.829350
vt 0.016320 0.840400
vt 0.027030 0.840720
vt 0.015900 0.851560
vt 0.026710 0.852090
vt 0.015360 0.862730
vt 0.026220 0.863450
vt 0.014740 0.873850
vt 0.025620 0.874780
vt 0.013950 0.884910
vt 0.024790 0.886060
vt 0.013020 0.895870
vt 0.023810 0.897300
vt 0.011780 0.906730
vt 0.022500 0.908470
vt 0.010330 0.917510
vt 0.020990 0.919580
vt 0.008600 0.928110
vt 0.019100 0.930580
vt 0.006560 0.938340
vt 0.016690 0.941510
vt 0.135470 0.967250
vt 0.124990 0.964080
vt 0.145800 0.970330
vt 0.148540 0.955870
vt 0.138010 0.953430
vt 0.155940 0.973050
vt 0.158970 0.958100
vt 0.166400 0.975170
vt 0.169570 0.959920
vt 0.172070 0.944900
vt 0.161350 0.943330
vt 0.174030 0.930060
vt 0.163210 0.928740
vt 0.175560 0.915340
vt 0.164660 0.914240
vt 0.186590 0.916310
vt 0.187780 0.901510
vt 0.176720 0.900700
vt 0.188630 0.886740
vt 0.177510 0.886100
vt 0.189140 0.872020
vt 0.177940 0.871540
vt 0.189280 0.857340
vt 0.178010 0.857030
vt 0.189110 0.842710
vt 0.177720 0.842570
vt 0.188600 0.828160
vt 0.177090 0.828180
vt 0.187780 0.813700
vt 0.176130 0.813880
vt 0.186650 0.799360
vt 0.174810 0.799720
vt 0.185170 0.785190
vt 0.173130 0.785760
vt 0.171090 0.772080
vt 0.158890 0.772840
vt 0.161190 0.786300
vt 0.156240 0.759730
vt 0.143900 0.760640
vt 0.146880 0.773500
vt 0.153190 0.747090
vt 0.140560 0.748190
vt 0.149890 0.734930
vt 0.136910 0.736040
vt 0.112330 0.738260
vt 0.100960 0.739850
vt 0.124370 0.736990
vt 0.128320 0.749090
vt 0.116630 0.750040
vt 0.105450 0.751220
vt 0.120410 0.762110
vt 0.109390 0.762910
vt 0.131950 0.761370
vt 0.135160 0.774100
vt 0.123820 0.774610
vt 0.112790 0.775220
vt 0.126660 0.787650
vt 0.115710 0.788060
vt 0.137900 0.787230
vt 0.140140 0.800690
vt 0.129010 0.800980
vt 0.149430 0.786780
vt 0.151540 0.800370
vt 0.153160 0.814220
vt 0.141920 0.814370
vt 0.163100 0.800050
vt 0.164570 0.814050
vt 0.165690 0.828180
vt 0.154420 0.828180
vt 0.143240 0.828180
vt 0.155230 0.842240
vt 0.144140 0.842070
vt 0.166430 0.842410
vt 0.166790 0.856700
vt 0.155680 0.856360
vt 0.144630 0.856020
vt 0.155750 0.870510
vt 0.144760 0.869970
vt 0.166820 0.871050
vt 0.166460 0.885400
vt 0.155460 0.884690
vt 0.144500 0.883930
vt 0.154810 0.898850
vt 0.143890 0.897860
vt 0.165740 0.899810
vt 0.153790 0.913060
vt 0.142920 0.911810
vt 0.152440 0.927280
vt 0.141660 0.925680
vt 0.132010 0.910500
vt 0.130750 0.924090
vt 0.132950 0.896860
vt 0.122000 0.895810
vt 0.121050 0.909210
vt 0.133560 0.883150
vt 0.122630 0.882360
vt 0.133790 0.869420
vt 0.122890 0.868860
vt 0.133670 0.855670
vt 0.122790 0.855340
vt 0.133150 0.841920
vt 0.122290 0.841780
vt 0.132220 0.828200
vt 0.121360 0.828220
vt 0.130850 0.814530
vt 0.119990 0.814700
vt 0.118120 0.801270
vt 0.107480 0.801590
vt 0.109310 0.814900
vt 0.105130 0.788490
vt 0.094810 0.789040
vt 0.097080 0.801940
vt 0.102230 0.775880
vt 0.092100 0.776800
vt 0.098840 0.763990
vt 0.088820 0.765260
vt 0.094950 0.752640
vt 0.085090 0.754390
vt 0.090350 0.741850
vt 0.080630 0.744030
vt 0.063530 0.749280
vt 0.055400 0.751980
vt 0.071700 0.746420
vt 0.075810 0.756400
vt 0.067010 0.758630
vt 0.058390 0.761060
vt 0.070070 0.768560
vt 0.060970 0.770460
vt 0.079260 0.766760
vt 0.082230 0.777820
vt 0.072720 0.779100
vt 0.063300 0.780510
vt 0.074980 0.790550
vt 0.065280 0.791590
vt 0.084770 0.789680
vt 0.086880 0.802400
vt 0.076870 0.802990
vt 0.066870 0.803740
vt 0.078230 0.815820
vt 0.068050 0.816280
vt 0.088490 0.815440
vt 0.089580 0.828460
vt 0.079200 0.828610
vt 0.098820 0.815140
vt 0.100070 0.828340
vt 0.100840 0.841500
vt 0.090270 0.841400
vt 0.110640 0.828270
vt 0.111520 0.841640
vt 0.111980 0.854980
vt 0.101250 0.854630
vt 0.090560 0.854280
vt 0.101230 0.867710
vt 0.090500 0.867130
vt 0.112040 0.868290
vt 0.111720 0.881550
vt 0.100870 0.880750
vt 0.090050 0.879940
vt 0.100130 0.893720
vt 0.089260 0.892670
vt 0.111050 0.894760
vt 0.110040 0.907890
vt 0.099060 0.906620
vt 0.088120 0.905350
vt 0.097660 0.919430
vt 0.086650 0.917960
vt 0.108720 0.920940
vt 0.107110 0.933800
vt 0.095950 0.932090
vt 0.119770 0.922490
vt 0.118200 0.935660
vt 0.116390 0.948580
vt 0.105270 0.946450
vt 0.129190 0.937580
vt 0.127270 0.950960
vt 0.114280 0.961270
vt 0.140000 0.939600
vt 0.150730 0.941530
vt 0.103310 0.958810
vt 0.091890 0.956760
vt 0.093980 0.944580
vt 0.082680 0.942830
vt 0.080310 0.955080
vt 0.084820 0.930480
vt 0.073820 0.928880
vt 0.071530 0.941190
vt 0.075760 0.916530
vt 0.064980 0.915050
vt 0.063020 0.927260
vt 0.077270 0.904100
vt 0.066510 0.902830
vt 0.078460 0.891630
vt 0.067710 0.890590
vt 0.079290 0.879120
vt 0.068560 0.878300
vt 0.079800 0.866560
vt 0.069140 0.866000
vt 0.079940 0.853960
vt 0.069330 0.853640
vt 0.079740 0.841310
vt 0.069250 0.841240
vt 0.068850 0.828790
vt 0.058480 0.829000
vt 0.058760 0.841170
vt 0.057900 0.816770
vt 0.047680 0.817260
vt 0.048090 0.829180
vt 0.056940 0.804570
vt 0.047000 0.805420
vt 0.055630 0.792860
vt 0.045990 0.794140
vt 0.053970 0.782080
vt 0.044710 0.783810
vt 0.052030 0.772480
vt 0.043120 0.774430
vt 0.049800 0.763450
vt 0.041220 0.765730
vt 0.047090 0.754630
vt 0.038850 0.757290
vt 0.030730 0.759930
vt 0.032690 0.767910
vt 0.034200 0.776260
vt 0.035380 0.785340
vt 0.036310 0.795250
vt 0.037000 0.806200
vt 0.037450 0.817720
vt 0.037660 0.829320
vt 0.037640 0.840930
vt 0.048260 0.841080
vt 0.048110 0.852950
vt 0.037450 0.852550
vt 0.058760 0.853310
vt 0.058440 0.865400
vt 0.047790 0.864790
vt 0.037030 0.864120
vt 0.047130 0.876590
vt 0.036410 0.875690
vt 0.057880 0.877460
vt 0.056980 0.889500
vt 0.046320 0.888380
vt 0.035580 0.887230
vt 0.045150 0.900150
vt 0.034500 0.898740
vt 0.055830 0.901520
vt 0.054290 0.913520
vt 0.043760 0.911910
vt 0.033170 0.910190
vt 0.041910 0.923650
vt 0.031470 0.921650
vt 0.052410 0.925550
vt 0.050000 0.937580
vt 0.039610 0.935460
vt 0.060640 0.939510
vt 0.057800 0.951710
vt 0.047060 0.949710
vt 0.068910 0.953520
vt 0.036700 0.947390
vt 0.026580 0.944620
vt 0.029380 0.933140
s 0
usemtl defaultMat
f 1/1/1 2/3/2 3/5/3
f 3/5/4 4/6/5 1/1/6
f 3/5/4 2/3/2 5/7/7
f 5/7/8 6/9/9 3/5/10
f 5/7/7 7/10/11 8/11/12
f 8/11/12 6/9/9 5/7/7
f 8/11/12 7/10/11 9/12/13
f 9/12/13 10/13/14 8/11/12
f 9/12/15 7/10/11 11/14/16
f 11/14/16 12/16/17 9/12/18
f 13/17/19 14/18/20 15/19/21
f 15/19/21 16/20/22 13/17/19
f 17/21/23 14/18/20 13/17/19
f 13/17/19 18/22/24 17/21/23
f 19/23/25 14/18/26 20/24/27
f 20/24/28 21/25/29 19/23/30
f 15/19/21 14/18/20 19/23/31
f 19/23/25 22/26/32 15/19/21
f 20/24/28 14/18/26 17/21/23
f 17/21/23 23/27/33 20/24/27
f 24/28/34 25/29/35 6/9/9
f 6/9/9 8/11/12 24/28/34
f 6/9/9 25/29/36 26/30/37
f 26/30/37 3/5/3 6/9/9
f 26/30/38 25/29/35 24/28/34
f 24/28/34 27/31/39 26/30/37
f 28/32/40 29/33/41 30/34/42
f 30/34/42 31/35/43 28/32/40
f 30/34/42 29/33/44 32/36/45
f 32/36/45 33/37/46 30/34/42
f 32/36/45 29/33/44 28/32/40
f 28/32/40 34/38/47 32/36/45
f 35/39/48 36/40/49 37/41/50
f 37/41/50 38/42/51 35/39/48
f 37/41/50 36/40/49 39/43/52
f 39/43/52 40/44/53 37/41/50
f 39/43/54 36/40/49 35/39/48
f 35/39/48 41/45/55 39/43/52
f 42/46/56 43/47/57 44/48/58
f 44/48/58 45/49/59 42/46/60
f 46/50/61 43/47/57 47/51/62
f 47/51/62 48/52/63 46/50/64
f 47/51/65 43/47/57 42/46/60
f 42/46/66 49/53/67 47/51/62
f 44/48/58 43/47/57 50/54/68
f 50/54/68 51/55/69 44/48/58
f 50/54/68 43/47/57 46/50/64
f 46/50/64 52/56/70 50/54/68
f 53/57/71 54/58/72 55/59/73
f 55/59/74 56/60/75 53/57/71
f 48/52/63 54/58/72 53/57/71
f 53/57/71 57/61/76 48/52/63
f 55/59/77 54/58/72 48/52/78
f 48/52/63 47/51/62 55/59/79
f 58/62/80 59/63/81 60/64/82
f 60/64/82 61/65/83 58/62/84
f 60/64/85 59/63/81 62/66/86
f 62/66/86 63/67/87 60/64/85
f 62/66/86 59/63/81 58/62/84
f 58/62/84 64/68/88 62/66/86
f 65/69/89 66/70/90 67/71/91
f 67/71/91 68/72/92 65/69/89
f 67/71/91 66/70/90 69/73/93
f 69/73/93 70/74/94 67/71/91
f 71/75/95 66/70/90 65/69/89
f 65/69/89 72/76/96 71/75/95
f 73/77/97 74/78/98 75/79/99
f 75/79/99 76/80/100 73/77/97
f 75/79/99 74/78/98 77/81/101
f 77/81/102 78/82/103 75/79/99
f 77/81/102 74/78/98 73/77/104
f 73/77/97 79/83/105 77/81/106
f 80/84/107 81/85/108 82/86/109
f 82/86/109 83/87/110 80/84/107
f 84/88/111 81/85/108 80/84/107
f 80/84/107 85/89/112 84/88/113
f 82/86/109 81/85/108 86/90/114
f 86/90/114 87/91/115 82/86/109
f 86/90/116 81/85/108 88/92/117
f 88/92/117 89/93/118 86/90/116
f 88/92/117 81/85/108 84/88/113
f 84/88/113 90/94/119 88/92/117
f 91/95/120 92/96/121 93/97/122
f 93/97/122 94/98/123 91/95/120
f 95/99/124 92/96/121 91/95/125
f 91/95/120 96/100/126 95/99/124
f 93/97/127 92/96/121 95/99/124
f 95/99/124 97/101/128 93/97/129
f 79/83/105 73/77/104 98/102/130
f 98/102/130 99/103/131 79/83/105
f 98/102/132 73/77/104 100/104/133
f 100/104/133 101/105/134 98/102/130
f 100/104/133 73/77/97 76/80/100
f 76/80/100 72/76/96 100/104/133
f 102/106/135 103/107/136 104/108/137
f 104/108/137 105/109/138 102/106/135
f 104/108/139 103/107/136 106/110/140
f 106/110/140 107/111/141 104/108/137
f 106/110/142 103/107/143 102/106/135
f 102/106/135 108/112/144 106/110/140
f 109/113/145 110/114/146 111/115/147
f 111/115/147 112/116/148 109/113/145
f 113/117/149 110/114/150 109/113/151
f 109/113/145 114/118/152 113/117/149
f 111/115/147 110/114/153 113/117/149
f 113/117/149 115/119/154 111/115/147
f 116/120/155 117/121/156 118/122/157
f 118/122/157 119/123/158 116/120/159
f 120/124/160 117/121/156 116/120/159
f 116/120/159 121/125/161 120/124/160
f 118/122/162 117/121/156 120/124/163
f 120/124/163 122/126/164 118/122/157
f 123/127/165 124/128/166 125/129/167
f 125/129/167 126/130/168 123/127/165
f 125/129/167 124/128/166 127/131/169
f 127/131/169 128/132/170 125/129/167
f 129/133/171 124/128/166 123/127/165
f 123/127/165 130/134/172 129/133/173
f 131/135/174 132/136/175 133/137/176
f 133/137/177 134/138/178 131/135/179
f 133/137/176 132/136/180 121/125/161
f 121/125/161 116/120/155 133/137/177
f 135/139/181 132/136/175 131/135/182
f 131/135/174 136/140/183 135/139/181
f 121/125/184 132/136/175 137/141/185
f 137/141/185 138/142/186 121/125/161
f 137/141/185 132/136/175 135/139/181
f 135/139/181 139/143/187 137/141/188
f 140/144/189 141/145/190 142/146/191
f 142/146/191 143/147/192 140/144/189
f 142/146/191 141/145/190 144/148/193
f 144/148/193 145/149/194 142/146/195
f 144/148/193 141/145/190 140/144/189
f 140/144/189 146/150/196 144/148/193
f 147/151/197 148/152/198 149/153/199
f 149/153/200 150/154/201 147/151/197
f 151/155/202 148/152/203 147/151/197
f 147/151/197 152/156/204 151/155/202
f 153/157/205 148/152/198 154/158/206
f 154/158/206 155/159/207 153/157/208
f 149/153/200 148/152/198 153/157/205
f 153/157/205 156/160/209 149/153/199
f 154/158/206 148/152/203 151/155/202
f 151/155/202 157/161/210 154/158/206
f 158/162/211 159/163/212 160/164/213
f 160/164/213 161/165/214 158/162/211
f 160/164/213 159/163/215 162/166/216
f 162/166/217 163/167/218 160/164/213
f 164/168/219 159/163/212 158/162/220
f 158/162/211 165/169/221 164/168/219
f 166/170/222 159/163/212 164/168/223
f 164/168/224 167/171/225 166/170/222
f 162/166/216 159/163/212 166/170/222
f 166/170/222 168/172/226 162/166/216
f 169/173/227 170/174/228 166/170/222
f 166/170/222 167/171/225 169/173/229
f 171/175/230 170/174/228 169/173/231
f 169/173/231 172/176/232 171/175/230
f 166/170/222 170/174/228 171/175/233
f 171/175/230 168/172/234 166/170/222
f 173/177/235 174/178/236 175/179/237
f 175/179/238 176/180/239 173/177/240
f 175/179/237 174/178/241 177/181/242
f 177/181/243 178/182/244 175/179/237
f 177/181/243 174/178/245 173/177/246
f 173/177/246 179/183/247 177/181/243
f 180/184/248 181/185/249 182/186/250
f 182/186/251 183/187/252 180/184/253
f 184/188/254 181/185/249 180/184/255
f 180/184/255 185/189/256 184/188/254
f 182/186/250 181/185/257 186/190/258
f 186/190/258 187/191/259 182/186/250
f 186/190/258 181/185/257 188/192/260
f 188/192/260 189/193/261 186/190/262
f 188/192/260 181/185/257 184/188/254
f 184/188/263 190/194/264 188/192/260
f 191/195/265 192/196/266 193/197/267
f 193/197/267 194/198/268 191/195/265
f 193/197/269 192/196/266 195/199/270
f 195/199/270 196/200/271 193/197/267
f 195/199/270 192/196/266 197/201/272
f 197/201/272 198/202/273 195/199/270
f 199/203/274 192/196/266 191/195/275
f 191/195/265 200/204/276 199/203/274
f 197/201/272 192/196/266 199/203/274
f 199/203/274 201/205/277 197/201/272
f 202/206/278 203/207/279 204/208/280
f 204/208/280 205/209/281 202/206/278
f 204/208/282 203/207/279 206/210/283
f 206/210/284 207/211/285 204/208/280
f 206/210/283 203/207/279 202/206/278
f 202/206/278 208/212/286 206/210/283
f 209/213/287 210/214/288 211/215/289
f 211/215/290 212/216/291 209/213/292
f 211/215/290 210/214/288 213/217/293
f 213/217/293 214/218/294 211/215/290
f 213/217/293 210/214/288 209/213/287
f 209/213/287 215/219/295 213/217/293
f 216/220/296 217/221/297 218/222/298
f 218/222/298 219/223/299 216/220/296
f 220/224/300 217/221/297 216/220/296
f 216/220/296 221/225/301 220/224/302
f 218/222/303 217/221/297 220/224/300
f 220/224/300 222/226/304 218/222/303
f 214/218/294 213/217/293 223/227/305
f 223/227/305 224/228/306 214/218/294
f 225/229/307 213/217/293 215/219/295
f 215/219/295 226/230/308 225/229/307
f 223/227/309 213/217/293 225/229/307
f 225/229/307 227/231/310 223/227/305
f 228/232/311 229/233/312 230/234/313
f 230/234/313 231/235/314 228/232/311
f 232/236/315 229/233/312 233/237/316
f 233/237/316 234/238/317 232/236/318
f 230/234/313 229/233/319 232/236/318
f 232/236/315 235/239/320 230/234/313
f 236/240/321 229/233/312 228/232/311
f 228/232/311 237/241/322 236/240/321
f 233/237/316 229/233/319 236/240/323
f 236/240/321 238/242/324 233/237/325
f 239/243/326 240/244/327 241/245/328
f 241/245/328 242/246/329 239/243/330
f 243/247/331 240/244/327 239/243/330
f 239/243/332 244/248/333 243/247/334
f 241/245/328 240/244/327 243/247/334
f 243/247/334 245/249/335 241/245/328
f 246/250/336 247/251/337 248/252/338
f 248/252/338 249/253/339 246/250/336
f 250/254/340 247/251/337 246/250/341
f 246/250/341 251/255/342 250/254/340
f 252/256/343 247/251/337 250/254/340
f 250/254/340 253/257/344 252/256/343
f 254/258/345 255/259/346 256/260/347
f 256/260/347 257/261/348 254/258/345
f 256/260/347 255/259/346 258/262/349
f 258/262/349 259/263/350 256/260/347
f 258/262/349 255/259/351 260/264/352
f 260/264/352 261/265/353 258/262/349
f 262/266/354 255/259/346 254/258/345
f 254/258/345 263/267/355 262/266/354
f 260/264/352 255/259/346 262/266/354
f 262/266/354 264/268/356 260/264/352
f 265/269/357 266/270/358 267/271/359
f 267/271/359 268/272/360 265/269/357
f 267/271/359 266/270/358 262/266/354
f 262/266/354 263/267/355 267/271/359
f 262/266/354 266/270/361 265/269/357
f 265/269/357 264/268/356 262/266/354
f 269/273/362 270/274/363 271/275/364
f 271/275/364 272/276/365 269/273/366
f 273/277/367 270/274/363 269/273/362
f 269/273/366 274/278/368 273/277/367
f 271/275/364 270/274/369 273/277/370
f 273/277/370 275/279/371 271/275/364
f 276/280/372 277/281/373 278/282/374
f 278/282/375 279/284/376 276/280/372
f 277/281/373 280/286/377 281/287/378
f 281/287/378 278/282/375 277/281/379
f 280/286/377 277/281/373 276/280/380
f 276/280/372 282/289/381 280/286/377
f 283/290/382 284/291/383 285/292/384
f 285/292/384 286/293/385 283/290/386
f 285/292/387 284/291/383 287/294/388
f 287/294/389 288/295/390 285/292/384
f 289/296/391 284/291/383 283/290/382
f 283/290/382 290/297/392 289/296/393
f 291/298/394 284/291/383 289/296/393
f 289/296/395 292/299/396 291/298/397
f 287/294/389 284/291/383 291/298/397
f 291/298/397 293/300/398 287/294/389
f 294/301/399 295/302/400 296/303/401
f 296/303/401 297/304/402 294/301/399
f 298/305/403 295/302/400 294/301/399
f 294/301/399 299/306/404 298/305/403
f 296/303/405 295/302/400 298/305/403
f 298/305/403 300/307/406 296/303/401
f 301/308/407 302/309/408 303/310/409
f 303/310/410 304/311/411 301/308/407
f 303/310/410 302/309/408 305/312/412
f 305/312/413 306/313/414 303/310/410
f 305/312/413 302/309/408 301/308/407
f 301/308/407 307/314/415 305/312/412
f 308/315/416 309/316/417 310/317/418
f 310/317/419 311/318/420 308/315/421
f 310/317/419 309/316/422 312/319/423
f 312/319/423 313/320/424 310/317/425
f 312/319/423 309/316/422 314/321/426
f 314/321/427 315/322/428 312/319/423
f 316/323/429 317/324/430 318/325/431
f 318/325/431 319/326/432 316/323/429
f 320/327/433 317/324/430 316/323/429
f 316/323/429 321/328/434 320/327/433
f 318/325/431 317/324/435 320/327/436
f 320/327/437 322/329/438 318/325/431
f 323/330/439 324/331/440 325/332/441
f 325/332/441 326/333/442 323/330/443
f 327/334/444 324/331/440 323/330/439
f 323/330/439 328/335/445 327/334/446
f 325/332/441 324/331/447 329/336/448
f 329/336/449 330/337/450 325/332/441
f 331/338/451 324/331/452 327/334/446
f 327/334/446 332/339/453 331/338/451
f 329/336/448 324/331/440 331/338/451
f 331/338/451 333/340/454 329/336/449
f 334/341/455 335/342/456 336/343/457
f 336/343/458 337/344/459 334/341/455
f 336/343/457 335/342/456 338/345/460
f 338/345/460 339/346/461 336/343/458
f 338/345/460 335/342/456 340/347/462
f 340/347/463 341/348/464 338/345/460
f 340/347/463 335/342/456 334/341/465
f 334/341/465 342/349/466 340/347/463
f 343/350/467 344/351/468 345/352/469
f 345/352/470 346/353/471 343/350/472
f 347/354/473 344/351/468 343/350/472
f 343/350/472 348/355/474 347/354/475
f 345/352/469 344/351/468 347/354/473
f 347/354/473 349/356/476 345/352/469
f 350/357/477 351/358/478 352/359/479
f 352/359/479 353/360/480 350/357/481
f 352/359/482 351/358/478 354/361/483
f 354/361/483 355/362/484 352/359/482
f 356/363/485 351/358/486 357/364/487
f 357/364/488 358/365/489 356/363/490
f 354/361/491 351/358/486 356/363/485
f 356/363/485 359/366/492 354/361/483
f 357/364/488 351/358/478 350/357/493
f 350/357/493 360/367/494 357/364/488
f 361/368/495 362/370/496 363/372/497
f 363/372/498 364/373/499 361/368/495
f 363/372/497 362/370/500 365/374/501
f 365/374/501 366/376/502 363/372/503
f 363/372/498 366/376/502 367/377/504
f 367/377/504 368/378/505 363/372/497
f 369/379/506 366/376/502 365/374/501
f 365/374/501 370/380/507 369/379/506
f 367/377/504 366/376/502 369/379/506
f 369/379/506 371/382/508 367/377/504
f 367/377/504 371/382/508 372/383/509
f 372/383/509 373/384/510 367/377/504
f 374/385/511 371/382/508 369/379/506
f 369/379/512 4/6/5 374/385/511
f 372/383/509 371/382/508 374/385/511
f 374/385/511 375/386/513 372/383/509
f 372/383/509 375/386/513 376/387/514
f 376/387/514 377/388/515 372/383/509
f 27/31/516 375/386/517 374/385/511
f 374/385/511 26/30/37 27/31/516
f 376/387/518 375/386/517 27/31/516
f 27/31/516 378/389/519 376/387/518
f 376/387/514 378/389/519 379/390/520
f 379/390/520 380/391/521 376/387/514
f 381/392/522 378/389/519 27/31/516
f 27/31/516 24/28/34 381/392/522
f 379/390/520 378/389/519 381/392/522
f 381/392/523 382/393/524 379/390/520
f 379/390/520 382/393/524 383/394/525
f 383/394/525 384/395/526 379/390/520
f 385/396/527 382/393/524 381/392/528
f 381/392/522 10/13/14 385/396/527
f 383/394/525 382/393/524 385/396/527
f 385/396/527 386/397/529 383/394/525
f 383/394/530 386/397/529 387/398/531
f 387/398/531 388/399/532 383/394/525
f 17/21/23 386/397/529 385/396/527
f 385/396/527 23/27/33 17/21/23
f 387/398/533 386/397/529 17/21/23
f 17/21/23 18/22/24 387/398/531
f 389/400/534 388/399/532 38/42/51
f 38/42/51 390/401/535 389/400/534
f 383/394/530 388/399/532 389/400/534
f 389/400/534 384/395/526 383/394/525
f 38/42/51 388/399/532 387/398/531
f 387/398/531 35/39/48 38/42/536
f 391/402/537 389/400/534 390/401/535
f 390/401/535 392/403/538 391/402/539
f 384/395/526 389/400/534 391/402/537
f 391/402/537 393/404/540 384/395/526
f 394/405/541 393/404/540 391/402/539
f 391/402/539 395/406/542 394/405/543
f 380/391/521 393/404/544 394/405/545
f 394/405/543 396/407/546 380/391/521
f 384/395/526 393/404/540 380/391/521
f 380/391/521 379/390/520 384/395/526
f 397/408/547 396/407/546 394/405/543
f 394/405/545 398/409/548 397/408/549
f 377/388/515 396/407/546 397/408/549
f 397/408/549 399/410/550 377/388/515
f 380/391/521 396/407/551 377/388/515
f 377/388/515 376/387/518 380/391/521
f 400/411/552 399/410/550 397/408/547
f 397/408/549 401/412/553 400/411/552
f 373/384/554 399/410/550 400/411/552
f 400/411/552 402/413/555 373/384/554
f 377/388/515 399/410/550 373/384/554
f 373/384/510 372/383/509 377/388/515
f 403/414/556 402/413/555 400/411/552
f 400/411/552 404/415/557 403/414/556
f 368/378/505 402/413/555 403/414/558
f 403/414/558 405/416/559 368/378/505
f 373/384/510 402/413/555 368/378/505
f 368/378/560 367/377/504 373/384/510
f 406/417/561 405/416/559 403/414/558
f 403/414/556 407/418/562 406/417/561
f 364/373/499 405/416/559 406/417/561
f 406/417/561 408/419/563 364/373/499
f 368/378/505 405/416/559 364/373/499
f 364/373/499 363/372/497 368/378/505
f 409/420/564 408/419/563 406/417/561
f 406/417/561 410/421/565 409/420/564
f 411/422/566 408/419/563 409/420/567
f 409/420/564 412/424/568 411/422/569
f 364/373/499 408/419/563 411/422/566
f 411/422/569 361/368/495 364/373/499
f 413/426/570 414/427/571 415/429/572
f 415/429/572 416/431/573 413/426/574
f 11/14/575 414/427/571 413/426/570
f 413/426/570 12/16/17 11/14/16
f 21/25/29 413/426/570 416/431/573
f 416/431/573 417/432/576 21/25/29
f 12/16/17 413/426/570 21/25/29
f 21/25/29 20/24/28 12/16/17
f 418/433/577 417/432/576 416/431/573
f 416/431/573 419/434/578 418/433/577
f 420/435/579 417/432/580 418/433/581
f 418/433/577 421/436/582 420/435/579
f 21/25/29 417/432/580 420/435/579
f 420/435/579 19/23/30 21/25/29
f 422/437/583 420/435/579 421/436/584
f 421/436/582 423/438/585 422/437/583
f 19/23/25 420/435/586 422/437/583
f 422/437/583 22/26/587 19/23/30
f 424/439/588 422/437/583 423/438/585
f 423/438/585 425/440/589 424/439/590
f 22/26/587 422/437/583 424/439/588
f 424/439/590 426/441/591 22/26/587
f 55/59/73 426/441/592 424/439/590
f 424/439/590 56/60/75 55/59/73
f 49/53/67 426/441/593 55/59/73
f 55/59/79 47/51/65 49/53/67
f 22/26/587 426/441/592 49/53/67
f 49/53/67 15/19/594 22/26/32
f 56/60/75 424/439/590 425/440/595
f 425/440/595 427/442/596 56/60/75
f 428/443/597 427/442/596 425/440/595
f 425/440/589 429/444/598 428/443/599
f 430/445/600 427/442/596 428/443/597
f 428/443/597 431/446/601 430/445/600
f 56/60/602 427/442/596 430/445/600
f 430/445/603 53/57/604 56/60/602
f 432/447/605 430/445/600 431/446/606
f 431/446/601 433/448/607 432/447/608
f 53/57/71 430/445/600 432/447/608
f 432/447/605 57/61/76 53/57/71
f 434/449/609 432/447/610 433/448/607
f 433/448/611 435/450/612 434/449/609
f 57/61/76 432/447/608 434/449/609
f 434/449/609 436/451/613 57/61/76
f 437/452/614 436/451/613 434/449/609
f 434/449/609 438/453/615 437/452/616
f 46/50/64 436/451/613 437/452/614
f 437/452/616 52/56/70 46/50/61
f 57/61/76 436/451/613 46/50/61
f 46/50/64 48/52/63 57/61/76
f 439/454/617 437/452/618 438/453/619
f 438/453/615 440/455/620 439/454/617
f 52/56/621 437/452/622 439/454/617
f 439/454/617 441/456/623 52/56/70
f 442/457/624 441/456/625 439/454/617
f 439/454/617 443/458/626 442/457/624
f 444/459/627 441/456/625 442/457/624
f 442/457/624 445/460/628 444/459/629
f 52/56/621 441/456/625 444/459/627
f 444/459/627 50/54/68 52/56/70
f 446/461/630 444/459/627 445/460/628
f 445/460/628 447/462/631 446/461/632
f 50/54/68 444/459/627 446/461/633
f 446/461/634 51/55/635 50/54/68
f 448/463/636 446/461/633 447/462/637
f 447/462/631 449/464/638 448/463/636
f 51/55/635 446/461/630 448/463/636
f 448/463/636 450/465/639 51/55/69
f 451/466/640 450/465/639 448/463/636
f 448/463/636 452/467/641 451/466/642
f 453/468/643 450/465/639 451/466/640
f 451/466/640 454/469/644 453/468/643
f 51/55/635 450/465/639 453/468/643
f 453/468/643 44/48/58 51/55/635
f 455/470/645 453/468/643 454/469/646
f 454/469/646 456/471/647 455/470/648
f 44/48/58 453/468/643 455/470/648
f 455/470/648 45/49/649 44/48/650
f 457/472/651 455/470/648 456/471/647
f 456/471/647 458/473/652 457/472/651
f 45/49/59 455/470/648 457/472/651
f 457/472/651 459/474/653 45/49/649
f 45/49/59 459/474/653 16/20/22
f 16/20/22 42/46/60 45/49/649
f 460/475/654 459/474/655 457/472/651
f 457/472/651 461/476/656 460/475/657
f 16/20/22 459/474/655 460/475/657
f 460/475/657 13/17/19 16/20/22
f 41/45/658 460/475/654 461/476/656
f 461/476/659 39/43/52 41/45/55
f 13/17/19 460/475/654 41/45/658
f 41/45/658 18/22/660 13/17/661
f 462/477/662 461/476/656 457/472/651
f 457/472/651 458/473/652 462/477/662
f 39/43/52 461/476/656 462/477/663
f 462/477/663 40/44/53 39/43/52
f 463/478/664 462/477/663 458/473/652
f 458/473/652 464/479/665 463/478/664
f 40/44/666 462/477/662 463/478/664
f 463/478/664 465/480/667 40/44/53
f 466/481/668 465/480/669 463/478/664
f 463/478/670 467/482/671 466/481/668
f 468/483/672 465/480/669 466/481/673
f 466/481/668 469/484/674 468/483/672
f 40/44/53 465/480/667 468/483/672
f 468/483/672 37/41/50 40/44/53
f 390/401/535 468/483/672 469/484/674
f 469/484/674 392/403/538 390/401/535
f 37/41/50 468/483/672 390/401/535
f 390/401/535 38/42/51 37/41/50
f 34/38/675 469/484/674 466/481/668
f 466/481/668 32/36/45 34/38/47
f 392/403/538 469/484/674 34/38/47
f 34/38/47 470/485/676 392/403/538
f 471/486/677 470/485/676 34/38/47
f 34/38/47 28/32/40 471/486/677
f 395/406/542 470/485/676 471/486/677
f 471/486/677 472/487/678 395/406/542
f 392/403/538 470/485/676 395/406/542
f 395/406/542 391/402/539 392/403/538
f 473/488/679 472/487/678 471/486/677
f 471/486/677 474/489/680 473/488/679
f 398/409/548 472/487/678 473/488/679
f 473/488/681 475/490/682 398/409/683
f 395/406/542 472/487/678 398/409/684
f 398/409/548 394/405/543 395/406/542
f 476/491/685 475/490/682 473/488/679
f 473/488/681 477/492/686 476/491/687
f 401/412/553 475/490/682 476/491/685
f 476/491/685 478/493/688 401/412/553
f 398/409/548 475/490/682 401/412/689
f 401/412/553 397/408/549 398/409/548
f 479/494/690 478/493/691 476/491/685
f 476/491/685 480/495/692 479/494/690
f 404/415/693 478/493/691 479/494/690
f 479/494/690 481/496/694 404/415/695
f 401/412/553 478/493/691 404/415/557
f 404/415/695 400/411/552 401/412/553
f 78/82/696 481/496/694 479/494/690
f 479/494/690 75/79/99 78/82/696
f 407/418/697 481/496/694 78/82/103
f 78/82/698 482/497/699 407/418/697
f 404/415/695 481/496/694 407/418/697
f 407/418/697 403/414/556 404/415/695
f 483/498/700 482/497/701 78/82/696
f 78/82/103 77/81/102 483/498/700
f 410/421/565 482/497/699 483/498/700
f 483/498/700 484/499/702 410/421/565
f 407/418/562 482/497/703 410/421/704
f 410/421/704 406/417/561 407/418/562
f 485/500/705 484/499/702 483/498/700
f 483/498/700 486/501/706 485/500/707
f 487/502/708 484/499/709 485/500/707
f 485/500/705 488/503/710 487/502/708
f 410/421/565 484/499/702 487/502/708
f 487/502/708 409/420/564 410/421/565
f 489/504/711 487/502/708 488/503/710
f 488/503/710 490/506/712 489/504/711
f 409/420/564 487/502/708 489/504/711
f 489/504/711 412/424/713 409/420/714
f 491/508/715 490/506/716 488/503/710
f 488/503/710 492/510/717 491/508/718
f 419/434/578 493/511/719 494/513/720
f 494/513/720 495/515/721 419/434/578
f 415/429/572 493/511/719 419/434/578
f 419/434/578 416/431/573 415/429/572
f 496/516/722 495/515/721 494/513/720
f 494/513/720 497/517/723 496/516/724
f 498/519/725 495/515/721 496/516/724
f 496/516/724 499/520/726 498/519/725
f 419/434/578 495/515/721 498/519/725
f 498/519/725 418/433/727 419/434/578
f 500/521/728 498/519/725 499/520/726
f 499/520/726 501/522/729 500/521/728
f 418/433/577 498/519/730 500/521/728
f 500/521/728 421/436/584 418/433/727
f 502/523/731 500/521/728 501/522/729
f 501/522/729 503/524/732 502/523/731
f 421/436/582 500/521/728 502/523/733
f 502/523/731 423/438/585 421/436/582
f 429/444/598 502/523/731 503/524/732
f 503/524/732 504/525/734 429/444/598
f 423/438/585 502/523/731 429/444/598
f 429/444/598 425/440/595 423/438/735
f 134/138/736 504/525/734 503/524/737
f 503/524/737 505/526/738 134/138/178
f 506/527/739 504/525/734 134/138/740
f 134/138/741 133/137/176 506/527/739
f 429/444/598 504/525/742 506/527/739
f 506/527/739 428/443/597 429/444/598
f 119/123/158 506/527/739 133/137/176
f 133/137/176 116/120/159 119/123/158
f 428/443/599 506/527/743 119/123/158
f 119/123/158 431/446/601 428/443/597
f 507/528/744 505/526/745 508/529/746
f 508/529/746 509/530/747 507/528/748
f 134/138/740 505/526/745 507/528/749
f 507/528/750 131/135/174 134/138/740
f 508/529/746 505/526/745 503/524/737
f 503/524/732 501/522/729 508/529/746
f 510/531/751 507/528/744 509/530/747
f 509/530/747 511/532/752 510/531/751
f 131/135/182 507/528/744 510/531/751
f 510/531/751 136/140/183 131/135/182
f 512/533/753 510/531/751 511/532/754
f 511/532/754 513/534/755 512/533/753
f 136/140/183 510/531/751 512/533/753
f 512/533/753 514/535/756 136/140/183
f 515/536/757 514/535/756 512/533/753
f 512/533/753 516/537/758 515/536/759
f 517/538/760 514/535/761 515/536/757
f 515/536/759 518/539/762 517/538/760
f 136/140/183 514/535/756 517/538/763
f 517/538/760 135/139/181 136/140/183
f 519/540/764 517/538/760 518/539/762
f 518/539/762 520/541/765 519/540/764
f 135/139/181 517/538/763 519/540/764
f 519/540/766 139/143/767 135/139/768
f 521/542/769 519/540/764 520/541/770
f 520/541/765 522/543/771 521/542/769
f 139/143/772 519/540/773 521/542/769
f 521/542/769 523/544/774 139/143/772
f 524/545/775 523/544/774 521/542/769
f 521/542/769 525/546/776 524/545/775
f 526/547/777 523/544/774 524/545/778
f 524/545/775 527/548/779 526/547/780
f 139/143/187 523/544/774 526/547/781
f 526/547/780 137/141/185 139/143/772
f 528/549/782 526/547/777 527/548/779
f 527/548/783 529/550/784 528/549/785
f 137/141/185 526/547/777 528/549/785
f 528/549/785 138/142/186 137/141/786
f 530/551/787 528/549/785 529/550/788
f 529/550/784 531/552/789 530/551/787
f 138/142/186 528/549/785 530/551/787
f 530/551/787 532/553/790 138/142/186
f 138/142/791 532/553/790 120/124/163
f 120/124/163 121/125/161 138/142/186
f 533/554/792 532/553/790 530/551/787
f 530/551/787 534/555/793 533/554/792
f 120/124/160 532/553/794 533/554/792
f 533/554/795 122/126/164 120/124/163
f 535/556/796 533/554/795 534/555/793
f 534/555/797 536/557/798 535/556/799
f 122/126/164 533/554/795 535/556/796
f 535/556/796 435/450/612 122/126/164
f 438/453/615 535/556/796 536/557/800
f 536/557/798 440/455/620 438/453/615
f 435/450/612 535/556/796 438/453/615
f 438/453/615 434/449/609 435/450/612
f 537/558/801 536/557/800 534/555/797
f 534/555/793 538/559/802 537/558/801
f 440/455/620 536/557/800 537/558/803
f 537/558/801 539/560/804 440/455/620
f 540/561/805 539/560/806 537/558/801
f 537/558/801 541/562/807 540/561/808
f 443/458/626 539/560/804 540/561/805
f 540/561/805 542/563/809 443/458/810
f 440/455/811 539/560/804 443/458/626
f 443/458/626 439/454/617 440/455/811
f 543/564/812 542/563/813 540/561/805
f 540/561/805 544/565/814 543/564/812
f 545/566/815 542/563/813 543/564/816
f 543/564/816 546/567/817 545/566/818
f 443/458/626 542/563/813 545/566/818
f 545/566/815 442/457/624 443/458/626
f 547/568/819 545/566/815 546/567/817
f 546/567/817 548/569/820 547/568/819
f 442/457/624 545/566/815 547/568/819
f 547/568/821 445/460/628 442/457/822
f 549/570/823 547/568/819 548/569/820
f 548/569/820 550/571/824 549/570/823
f 445/460/628 547/568/821 549/570/823
f 549/570/823 447/462/631 445/460/628
f 551/572/825 549/570/823 550/571/824
f 550/571/824 552/573/826 551/572/825
f 447/462/631 549/570/823 551/572/825
f 551/572/825 449/464/827 447/462/631
f 553/574/828 551/572/825 552/573/829
f 552/573/826 554/575/830 553/574/828
f 449/464/827 551/572/825 553/574/828
f 553/574/828 555/576/831 449/464/638
f 556/577/832 555/576/831 553/574/828
f 553/574/828 557/578/833 556/577/832
f 452/467/641 555/576/831 556/577/834
f 556/577/832 558/579/835 452/467/836
f 449/464/827 555/576/831 452/467/641
f 452/467/836 448/463/636 449/464/827
f 559/580/837 558/579/835 556/577/832
f 556/577/832 560/581/838 559/580/839
f 561/582/840 558/579/835 559/580/839
f 559/580/839 562/583/841 561/582/840
f 452/467/842 558/579/835 561/582/840
f 561/582/840 451/466/640 452/467/641
f 563/584/843 561/582/840 562/583/841
f 562/583/841 564/585/844 563/584/843
f 451/466/640 561/582/840 563/584/843
f 563/584/843 454/469/646 451/466/640
f 565/586/845 563/584/846 564/585/844
f 564/585/844 566/587/847 565/586/845
f 454/469/646 563/584/843 565/586/845
f 565/586/845 456/471/647 454/469/644
f 464/479/665 565/586/845 566/587/847
f 566/587/847 567/588/848 464/479/665
f 456/471/849 565/586/845 464/479/850
f 464/479/665 458/473/652 456/471/647
f 568/589/851 567/588/848 566/587/847
f 566/587/847 569/590/852 568/589/853
f 467/482/671 567/588/848 568/589/851
f 568/589/853 33/37/46 467/482/671
f 464/479/665 567/588/848 467/482/671
f 467/482/671 463/478/664 464/479/665
f 570/591/854 568/589/853 569/590/852
f 569/590/855 571/592/856 570/591/854
f 33/37/46 568/589/851 570/591/854
f 570/591/854 30/34/42 33/37/46
f 572/593/857 570/591/854 571/592/856
f 571/592/856 69/73/93 572/593/857
f 30/34/42 570/591/854 572/593/857
f 572/593/857 31/35/858 30/34/42
f 573/594/859 572/593/857 69/73/93
f 69/73/93 66/70/90 573/594/859
f 31/35/858 572/593/857 573/594/860
f 573/594/860 474/489/680 31/35/43
f 477/492/686 573/594/859 66/70/90
f 66/70/90 71/75/861 477/492/686
f 474/489/680 573/594/860 477/492/686
f 477/492/686 473/488/679 474/489/680
f 574/595/862 571/592/856 569/590/852
f 569/590/855 575/596/863 574/595/864
f 69/73/93 571/592/856 574/595/865
f 574/595/862 70/74/94 69/73/93
f 576/597/866 574/595/865 575/596/863
f 575/596/863 577/598/867 576/597/866
f 70/74/94 574/595/862 576/597/866
f 576/597/866 578/599/868 70/74/869
f 579/600/870 578/599/868 576/597/866
f 576/597/866 580/601/871 579/600/872
f 581/602/873 578/599/868 579/600/872
f 579/600/872 582/603/874 581/602/875
f 70/74/869 578/599/876 581/602/877
f 581/602/875 67/71/91 70/74/94
f 583/604/878 581/602/875 582/603/874
f 582/603/874 584/605/879 583/604/878
f 67/71/91 581/602/877 583/604/878
f 583/604/878 68/72/92 67/71/91
f 585/606/880 583/604/878 584/605/879
f 584/605/879 586/607/881 585/606/882
f 68/72/92 583/604/878 585/606/880
f 585/606/880 587/608/883 68/72/92
f 588/609/884 587/608/885 585/606/880
f 585/606/882 589/610/886 588/609/884
f 590/611/887 587/608/885 588/609/884
f 588/609/884 591/612/888 590/611/887
f 68/72/92 587/608/885 590/611/887
f 590/611/889 65/69/89 68/72/92
f 100/104/133 590/611/890 591/612/888
f 591/612/888 101/105/891 100/104/133
f 65/69/89 590/611/887 100/104/133
f 100/104/892 72/76/96 65/69/89
f 592/613/893 591/612/888 588/609/884
f 588/609/884 593/614/894 592/613/893
f 101/105/895 591/612/888 592/613/893
f 592/613/893 594/615/896 101/105/891
f 96/100/897 594/615/896 592/613/893
f 592/613/893 95/99/124 96/100/898
f 595/616/899 594/615/896 96/100/900
f 96/100/901 596/617/902 595/616/899
f 101/105/895 594/615/896 595/616/899
f 595/616/899 98/102/130 101/105/895
f 597/618/903 595/616/899 596/617/904
f 596/617/904 127/131/905 597/618/906
f 98/102/132 595/616/899 597/618/906
f 597/618/906 99/103/907 98/102/130
f 598/619/908 597/618/906 127/131/905
f 127/131/905 124/128/166 598/619/908
f 99/103/907 597/618/906 598/619/909
f 598/619/908 599/620/910 99/103/907
f 600/621/911 599/620/912 598/619/908
f 598/619/908 601/622/913 600/621/914
f 486/501/915 599/620/912 600/621/914
f 600/621/914 485/500/705 486/501/915
f 99/103/907 599/620/910 486/501/915
f 486/501/706 79/83/105 99/103/907
f 492/510/717 600/621/914 601/622/916
f 601/622/917 602/623/918 492/510/919
f 485/500/705 600/621/920 492/510/717
f 492/510/717 488/503/710 485/500/707
f 603/624/921 602/623/922 601/622/917
f 601/622/917 129/133/171 603/624/921
f 604/625/923 602/623/922 603/624/921
f 603/624/921 605/627/924 604/625/923
f 492/510/919 602/623/918 604/625/923
f 604/625/923 491/508/715 492/510/717
f 606/629/925 607/630/926 608/632/927
f 608/632/928 609/634/929 606/629/925
f 497/517/723 607/630/926 606/629/925
f 606/629/925 496/516/722 497/517/723
f 610/635/930 606/629/925 609/634/929
f 609/634/931 611/636/932 610/635/930
f 496/516/722 606/629/925 610/635/933
f 610/635/930 499/520/726 496/516/724
f 508/529/746 610/635/933 611/636/934
f 611/636/934 509/530/747 508/529/746
f 499/520/726 610/635/933 508/529/746
f 508/529/746 501/522/729 499/520/726
f 612/637/935 611/636/934 609/634/929
f 609/634/936 613/638/937 612/637/935
f 509/530/747 611/636/932 612/637/935
f 612/637/935 511/532/752 509/530/747
f 614/639/938 612/637/935 613/638/937
f 613/638/939 615/640/940 614/639/938
f 511/532/754 612/637/935 614/639/938
f 614/639/938 513/534/755 511/532/754
f 616/641/941 614/639/938 615/640/940
f 615/640/940 617/642/942 616/641/941
f 513/534/755 614/639/938 616/641/941
f 616/641/941 618/643/943 513/534/755
f 619/644/944 618/643/945 616/641/941
f 616/641/946 620/645/947 619/644/948
f 516/537/758 618/643/945 619/644/944
f 619/644/944 621/646/949 516/537/758
f 513/534/755 618/643/943 516/537/950
f 516/537/758 512/533/753 513/534/755
f 622/647/951 621/646/952 619/644/948
f 619/644/944 623/648/953 622/647/954
f 624/649/955 621/646/956 622/647/954
f 622/647/954 625/650/957 624/649/955
f 516/537/758 621/646/956 624/649/955
f 624/649/955 515/536/759 516/537/758
f 626/651/958 624/649/959 625/650/960
f 625/650/957 627/652/961 626/651/958
f 515/536/759 624/649/955 626/651/958
f 626/651/958 518/539/762 515/536/759
f 628/653/962 626/651/958 627/652/961
f 627/652/961 629/654/963 628/653/964
f 518/539/762 626/651/958 628/653/964
f 628/653/964 520/541/770 518/539/762
f 630/655/965 628/653/964 629/654/963
f 629/654/963 631/656/966 630/655/965
f 520/541/770 628/653/962 630/655/965
f 630/655/965 522/543/771 520/541/770
f 632/657/967 630/655/965 631/656/966
f 631/656/966 633/658/968 632/657/967
f 522/543/771 630/655/965 632/657/969
f 632/657/969 634/659/970 522/543/771
f 635/660/971 634/659/970 632/657/969
f 632/657/967 636/661/972 635/660/971
f 525/546/973 634/659/970 635/660/974
f 635/660/971 637/662/975 525/546/973
f 522/543/771 634/659/970 525/546/776
f 525/546/776 521/542/769 522/543/771
f 638/663/976 637/662/977 635/660/971
f 635/660/974 639/664/978 638/663/979
f 640/665/980 637/662/977 638/663/979
f 638/663/976 641/666/981 640/665/980
f 525/546/973 637/662/977 640/665/982
f 640/665/980 524/545/775 525/546/776
f 642/667/983 640/665/982 641/666/981
f 641/666/984 643/668/985 642/667/983
f 524/545/778 640/665/980 642/667/983
f 642/667/983 527/548/779 524/545/775
f 644/669/986 642/667/983 643/668/985
f 643/668/985 645/670/987 644/669/986
f 527/548/779 642/667/983 644/669/986
f 644/669/986 529/550/784 527/548/779
f 646/671/988 644/669/986 645/670/989
f 645/670/987 647/672/990 646/671/988
f 529/550/788 644/669/986 646/671/988
f 646/671/991 531/552/789 529/550/784
f 648/673/992 646/671/991 647/672/993
f 647/672/994 649/674/995 648/673/992
f 531/552/789 646/671/996 648/673/992
f 648/673/992 538/559/997 531/552/789
f 541/562/998 648/673/992 649/674/995
f 649/674/995 650/675/999 541/562/998
f 538/559/997 648/673/1000 541/562/1001
f 541/562/998 537/558/801 538/559/1002
f 105/109/138 650/675/999 649/674/995
f 649/674/995 102/106/135 105/109/1003
f 544/565/1004 650/675/999 105/109/138
f 105/109/138 651/676/1005 544/565/814
f 541/562/998 650/675/999 544/565/814
f 544/565/814 540/561/805 541/562/998
f 652/677/1006 651/676/1007 105/109/138
f 105/109/138 104/108/137 652/677/1006
f 653/678/1008 651/676/1005 652/677/1006
f 652/677/1006 654/679/1009 653/678/1008
f 544/565/814 651/676/1005 653/678/1008
f 653/678/1008 543/564/1010 544/565/814
f 655/680/1011 653/678/1008 654/679/1009
f 654/679/1012 656/681/1013 655/680/1014
f 543/564/816 653/678/1015 655/680/1011
f 655/680/1014 546/567/817 543/564/816
f 657/682/1016 655/680/1011 656/681/1013
f 656/681/1013 658/683/1017 657/682/1016
f 546/567/817 655/680/1011 657/682/1016
f 657/682/1018 548/569/820 546/567/817
f 659/684/1019 657/682/1016 658/683/1017
f 658/683/1017 660/685/1020 659/684/1019
f 548/569/820 657/682/1016 659/684/1019
f 659/684/1019 550/571/824 548/569/820
f 661/686/1021 659/684/1019 660/685/1020
f 660/685/1020 662/687/1022 661/686/1021
f 550/571/1023 659/684/1019 661/686/1021
f 661/686/1021 552/573/826 550/571/824
f 663/688/1024 661/686/1021 662/687/1025
f 662/687/1026 664/689/1027 663/688/1024
f 552/573/826 661/686/1021 663/688/1024
f 663/688/1024 554/575/830 552/573/829
f 665/690/1028 663/688/1024 664/689/1027
f 664/689/1027 666/691/1029 665/690/1028
f 554/575/830 663/688/1024 665/690/1028
f 665/690/1028 667/692/1030 554/575/830
f 668/693/1031 667/692/1030 665/690/1028
f 665/690/1028 669/694/1032 668/693/1031
f 557/578/833 667/692/1030 668/693/1031
f 668/693/1031 670/695/1033 557/578/833
f 554/575/830 667/692/1030 557/578/833
f 557/578/833 553/574/828 554/575/830
f 671/696/1034 670/695/1035 668/693/1031
f 668/693/1031 672/697/1036 671/696/1034
f 560/581/1037 670/695/1035 671/696/1034
f 671/696/1034 673/698/1038 560/581/838
f 557/578/833 670/695/1035 560/581/838
f 560/581/838 556/577/1039 557/578/833
f 90/94/119 673/698/1040 671/696/1034
f 671/696/1034 88/92/117 90/94/119
f 674/699/1041 673/698/1038 90/94/119
f 90/94/119 580/601/871 674/699/1041
f 560/581/838 673/698/1040 674/699/1042
f 674/699/1041 559/580/839 560/581/1037
f 577/598/1043 674/699/1041 580/601/1044
f 580/601/1044 576/597/866 577/598/1043
f 559/580/839 674/699/1041 577/598/1043
f 577/598/1045 562/583/841 559/580/839
f 88/92/117 671/696/1034 672/697/1046
f 672/697/1036 89/93/118 88/92/117
f 675/700/1047 672/697/1048 668/693/1031
f 668/693/1031 669/694/1032 675/700/1047
f 89/93/118 672/697/1036 675/700/1047
f 675/700/1047 676/701/1049 89/93/118
f 677/702/1050 676/701/1049 675/700/1047
f 675/700/1047 678/703/1051 677/702/1050
f 679/704/1052 676/701/1053 677/702/1050
f 677/702/1050 680/705/1054 679/704/1052
f 89/93/118 676/701/1053 679/704/1052
f 679/704/1052 86/90/116 89/93/118
f 681/706/1055 679/704/1052 680/705/1054
f 680/705/1054 682/707/1056 681/706/1055
f 86/90/114 679/704/1052 681/706/1055
f 681/706/1055 87/91/115 86/90/114
f 683/708/1057 681/706/1055 682/707/1058
f 682/707/1059 684/709/1060 683/708/1057
f 87/91/115 681/706/1055 683/708/1057
f 683/708/1057 685/710/1061 87/91/115
f 686/711/1062 685/710/1063 683/708/1057
f 683/708/1057 687/712/1064 686/711/1062
f 688/713/1065 685/710/1061 686/711/1062
f 686/711/1062 689/714/1066 688/713/1065
f 87/91/115 685/710/1061 688/713/1065
f 688/713/1065 82/86/109 87/91/115
f 690/715/1067 688/713/1068 689/714/1066
f 689/714/1066 691/716/1069 690/715/1067
f 82/86/109 688/713/1065 690/715/1070
f 690/715/1070 83/87/110 82/86/109
f 692/717/1071 690/715/1070 691/716/1069
f 691/716/1069 693/718/1072 692/717/1071
f 83/87/110 690/715/1070 692/717/1071
f 692/717/1071 112/116/148 83/87/110
f 694/719/1073 692/717/1071 693/718/1072
f 693/718/1072 695/720/1074 694/719/1073
f 112/116/1075 692/717/1071 694/719/1073
f 694/719/1076 109/113/1077 112/116/1075
f 696/721/1078 694/719/1073 695/720/1074
f 695/720/1074 697/722/1079 696/721/1078
f 109/113/1077 694/719/1073 696/721/1078
f 696/721/1078 114/118/152 109/113/151
f 698/723/1080 696/721/1078 697/722/1079
f 697/722/1079 699/724/1081 698/723/1082
f 114/118/152 696/721/1078 698/723/1080
f 698/723/1080 700/725/1083 114/118/152
f 589/610/1084 700/725/1083 698/723/1080
f 698/723/1080 701/726/1085 589/610/1084
f 586/607/881 700/725/1083 589/610/886
f 589/610/1084 585/606/880 586/607/881
f 114/118/152 700/725/1083 586/607/881
f 586/607/881 113/117/149 114/118/152
f 702/727/1086 701/726/1085 698/723/1082
f 698/723/1080 699/724/1087 702/727/1086
f 593/614/894 701/726/1085 702/727/1086
f 702/727/1086 97/101/128 593/614/894
f 589/610/1084 701/726/1085 593/614/894
f 593/614/894 588/609/884 589/610/1084
f 703/728/1088 702/727/1086 699/724/1081
f 699/724/1087 704/729/1089 703/728/1088
f 97/101/128 702/727/1086 703/728/1090
f 703/728/1091 93/97/122 97/101/128
f 705/730/1092 703/728/1088 704/729/1089
f 704/729/1089 706/731/1093 705/730/1094
f 93/97/127 703/728/1088 705/730/1095
f 705/730/1094 94/98/123 93/97/129
f 707/732/1096 705/730/1094 706/731/1097
f 706/731/1093 708/733/1098 707/732/1096
f 94/98/123 705/730/1094 707/732/1096
f 707/732/1096 709/734/1099 94/98/123
f 710/735/1100 709/734/1099 707/732/1096
f 707/732/1096 711/736/1101 710/735/1102
f 712/737/1103 709/734/1099 710/735/1100
f 710/735/1102 128/132/1104 712/737/1103
f 94/98/123 709/734/1105 712/737/1103
f 712/737/1103 91/95/125 94/98/123
f 596/617/904 712/737/1103 128/132/170
f 128/132/1104 127/131/905 596/617/904
f 91/95/125 712/737/1103 596/617/904
f 596/617/904 96/100/900 91/95/125
f 713/738/1106 710/735/1100 711/736/1107
f 711/736/1101 714/739/1108 713/738/1109
f 128/132/1104 710/735/1102 713/738/1106
f 713/738/1110 125/129/167 128/132/1104
f 715/740/1111 713/738/1106 714/739/1108
f 714/739/1108 716/741/1112 715/740/1113
f 125/129/167 713/738/1106 715/740/1113
f 715/740/1111 126/130/1114 125/129/167
f 717/742/1115 715/740/1111 716/741/1116
f 716/741/1117 718/743/1118 717/742/1115
f 126/130/168 715/740/1111 717/742/1119
f 717/742/1119 719/744/1120 126/130/1114
f 720/745/1121 719/744/1120 717/742/1115
f 717/742/1119 721/746/1122 720/745/1121
f 722/747/1123 719/744/1120 720/745/1121
f 720/745/1121 723/748/1124 722/747/1123
f 126/130/168 719/744/1120 722/747/1123
f 722/747/1123 123/127/165 126/130/168
f 724/749/1125 722/747/1123 723/748/1124
f 723/748/1124 725/750/1126 724/749/1127
f 123/127/165 722/747/1123 724/749/1128
f 724/749/1129 130/134/1130 123/127/165
f 726/751/1131 724/749/1128 725/750/1132
f 725/750/1126 727/752/1133 726/751/1131
f 130/134/1130 724/749/1128 726/751/1131
f 726/751/1131 728/753/1134 130/134/172
f 729/754/1135 728/753/1134 726/751/1131
f 726/751/1131 730/756/1136 729/754/1135
f 603/624/921 728/753/1134 729/754/1135
f 729/754/1137 605/627/1138 603/624/1139
f 130/134/172 728/753/1134 603/624/921
f 603/624/921 129/133/173 130/134/172
f 615/640/940 731/758/1140 732/760/1141
f 732/760/1141 617/642/942 615/640/940
f 733/762/1142 731/758/1140 615/640/940
f 615/640/940 613/638/939 733/762/1142
f 617/642/942 732/760/1141 734/764/1143
f 734/764/1144 735/766/1145 617/642/942
f 736/767/1146 735/766/1145 734/764/1143
f 734/764/1144 737/768/1147 736/767/1148
f 620/645/947 735/766/1145 736/767/1148
f 736/767/1149 738/770/1150 620/645/947
f 617/642/942 735/766/1145 620/645/947
f 620/645/1151 616/641/941 617/642/942
f 739/771/1152 738/770/1150 736/767/1148
f 736/767/1148 740/772/1153 739/771/1152
f 623/648/953 738/770/1150 739/771/1152
f 739/771/1154 741/773/1155 623/648/953
f 620/645/1151 738/770/1150 623/648/953
f 623/648/953 619/644/948 620/645/947
f 742/774/1156 741/773/1155 739/771/1152
f 739/771/1157 743/775/1158 742/774/1156
f 744/776/1159 741/773/1155 742/774/1156
f 742/774/1156 745/777/1160 744/776/1161
f 623/648/953 741/773/1155 744/776/1159
f 744/776/1159 622/647/954 623/648/953
f 746/778/1162 744/776/1159 745/777/1160
f 745/777/1163 747/779/1164 746/778/1162
f 622/647/951 744/776/1159 746/778/1162
f 746/778/1162 625/650/957 622/647/951
f 748/780/1165 746/778/1162 747/779/1166
f 747/779/1164 749/781/1167 748/780/1168
f 625/650/960 746/778/1162 748/780/1168
f 748/780/1168 627/652/961 625/650/957
f 750/782/1169 748/780/1168 749/781/1170
f 749/781/1170 751/783/1171 750/782/1169
f 627/652/961 748/780/1168 750/782/1169
f 750/782/1169 629/654/963 627/652/1172
f 752/784/1173 750/782/1169 751/783/1171
f 751/783/1171 753/785/1174 752/784/1173
f 629/654/963 750/782/1169 752/784/1173
f 752/784/1173 631/656/966 629/654/963
f 754/786/1175 752/784/1173 753/785/1176
f 753/785/1176 755/787/1177 754/786/1175
f 631/656/966 752/784/1173 754/786/1178
f 754/786/1175 633/658/1179 631/656/966
f 756/788/1180 754/786/1175 755/787/1177
f 755/787/1177 757/789/1181 756/788/1180
f 633/658/968 754/786/1175 756/788/1180
f 756/788/1180 758/790/1182 633/658/968
f 759/791/1183 758/790/1182 756/788/1180
f 756/788/1180 760/792/1184 759/791/1183
f 636/661/972 758/790/1182 759/791/1185
f 759/791/1183 761/793/1186 636/661/972
f 633/658/968 758/790/1182 636/661/972
f 636/661/972 632/657/969 633/658/968
f 762/794/1187 761/793/1188 759/791/1183
f 759/791/1183 763/795/1189 762/794/1187
f 639/664/978 761/793/1188 762/794/1187
f 762/794/1187 764/796/1190 639/664/978
f 636/661/972 761/793/1186 639/664/978
f 639/664/978 635/660/971 636/661/972
f 765/797/1191 764/796/1190 762/794/1187
f 762/794/1187 766/798/1192 765/797/1191
f 767/799/1193 764/796/1190 765/797/1194
f 765/797/1191 768/800/1195 767/799/1193
f 639/664/1196 764/796/1190 767/799/1197
f 767/799/1197 638/663/979 639/664/978
f 769/801/1198 767/799/1193 768/800/1195
f 768/800/1195 770/802/1199 769/801/1198
f 638/663/979 767/799/1193 769/801/1198
f 769/801/1198 641/666/981 638/663/979
f 771/803/1200 769/801/1198 770/802/1201
f 770/802/1199 772/804/1202 771/803/1203
f 641/666/984 769/801/1198 771/803/1204
f 771/803/1203 643/668/985 641/666/984
f 773/805/1205 771/803/1206 772/804/1207
f 772/804/1207 774/806/1208 773/805/1205
f 643/668/985 771/803/1209 773/805/1205
f 773/805/1210 645/670/987 643/668/985
f 108/112/144 773/805/1205 774/806/1211
f 774/806/1211 106/110/140 108/112/144
f 645/670/1212 773/805/1205 108/112/144
f 108/112/144 647/672/994 645/670/989
f 775/807/1213 774/806/1208 772/804/1207
f 772/804/1202 776/808/1214 775/807/1213
f 106/110/140 774/806/1211 775/807/1213
f 775/807/1215 107/111/141 106/110/140
f 777/809/1216 775/807/1213 776/808/1214
f 776/808/1214 778/810/1217 777/809/1218
f 107/111/1219 775/807/1215 777/809/1218
f 777/809/1218 779/811/1220 107/111/141
f 780/812/1221 779/811/1220 777/809/1218
f 777/809/1218 781/813/1222 780/812/1221
f 652/677/1006 779/811/1220 780/812/1221
f 780/812/1223 654/679/1012 652/677/1006
f 107/111/141 779/811/1220 652/677/1006
f 652/677/1006 104/108/137 107/111/141
f 782/814/1224 780/812/1221 781/813/1222
f 781/813/1222 783/815/1225 782/814/1224
f 654/679/1009 780/812/1226 782/814/1224
f 782/814/1227 656/681/1013 654/679/1009
f 784/816/1228 782/814/1224 783/815/1225
f 783/815/1225 785/817/1229 784/816/1228
f 656/681/1013 782/814/1224 784/816/1228
f 784/816/1228 658/683/1017 656/681/1013
f 786/818/1230 784/816/1228 785/817/1231
f 785/817/1231 787/819/1232 786/818/1233
f 658/683/1017 784/816/1228 786/818/1230
f 786/818/1233 660/685/1020 658/683/1017
f 788/820/1234 786/818/1233 787/819/1232
f 787/819/1232 789/821/1235 788/820/1234
f 660/685/1020 786/818/1233 788/820/1234
f 788/820/1234 662/687/1022 660/685/1020
f 790/822/1236 788/820/1234 789/821/1235
f 789/821/1235 791/823/1237 790/822/1236
f 662/687/1022 788/820/1234 790/822/1238
f 790/822/1238 664/689/1027 662/687/1026
f 792/824/1239 790/822/1238 791/823/1240
f 791/823/1240 793/825/1241 792/824/1239
f 664/689/1027 790/822/1236 792/824/1239
f 792/824/1239 666/691/1242 664/689/1027
f 794/826/1243 792/824/1239 793/825/1241
f 793/825/1241 795/827/1244 794/826/1243
f 666/691/1029 792/824/1239 794/826/1243
f 794/826/1243 796/828/1245 666/691/1029
f 678/703/1246 796/828/1245 794/826/1247
f 794/826/1243 797/829/1248 678/703/1249
f 669/694/1032 796/828/1245 678/703/1051
f 678/703/1250 675/700/1047 669/694/1032
f 666/691/1251 796/828/1245 669/694/1032
f 669/694/1032 665/690/1028 666/691/1252
f 798/830/1253 797/829/1248 794/826/1243
f 794/826/1247 795/827/1244 798/830/1253
f 799/831/1254 797/829/1248 798/830/1253
f 798/830/1255 800/832/1256 799/831/1254
f 678/703/1257 797/829/1258 799/831/1254
f 799/831/1254 677/702/1050 678/703/1257
f 801/833/1259 799/831/1254 800/832/1256
f 800/832/1256 802/834/1260 801/833/1259
f 677/702/1050 799/831/1254 801/833/1259
f 801/833/1261 680/705/1054 677/702/1050
f 803/835/1262 801/833/1259 802/834/1263
f 802/834/1260 804/836/1264 803/835/1262
f 680/705/1054 801/833/1265 803/835/1266
f 803/835/1267 682/707/1268 680/705/1054
f 805/837/1269 803/835/1262 804/836/1264
f 804/836/1264 806/838/1270 805/837/1269
f 682/707/1058 803/835/1262 805/837/1269
f 805/837/1269 684/709/1060 682/707/1059
f 807/839/1271 805/837/1269 806/838/1270
f 806/838/1270 808/840/1272 807/839/1271
f 684/709/1273 805/837/1269 807/839/1271
f 807/839/1271 809/841/1274 684/709/1060
f 810/842/1275 809/841/1274 807/839/1271
f 807/839/1271 811/843/1276 810/842/1275
f 687/712/1064 809/841/1277 810/842/1275
f 810/842/1275 812/844/1278 687/712/1064
f 684/709/1273 809/841/1274 687/712/1064
f 687/712/1279 683/708/1057 684/709/1060
f 813/845/1280 812/844/1278 810/842/1275
f 810/842/1275 64/68/88 813/845/1280
f 814/846/1281 812/844/1278 813/845/1280
f 813/845/1280 815/847/1282 814/846/1281
f 687/712/1064 812/844/1278 814/846/1281
f 814/846/1281 686/711/1283 687/712/1064
f 816/848/1284 814/846/1281 815/847/1282
f 815/847/1282 817/849/1285 816/848/1284
f 686/711/1062 814/846/1281 816/848/1284
f 816/848/1284 689/714/1066 686/711/1283
f 818/850/1286 816/848/1284 817/849/1287
f 817/849/1287 819/851/1288 818/850/1286
f 689/714/1066 816/848/1284 818/850/1286
f 818/850/1286 691/716/1069 689/714/1066
f 820/852/1289 818/850/1286 819/851/1290
f 819/851/1290 821/853/1291 820/852/1289
f 691/716/1069 818/850/1286 820/852/1292
f 820/852/1289 693/718/1072 691/716/1069
f 822/854/1293 820/852/1294 821/853/1291
f 821/853/1291 823/855/1295 822/854/1296
f 693/718/1072 820/852/1294 822/854/1296
f 822/854/1296 695/720/1074 693/718/1072
f 824/856/1297 822/854/1293 823/855/1295
f 823/855/1295 825/857/1298 824/856/1297
f 695/720/1074 822/854/1293 824/856/1297
f 824/856/1297 697/722/1079 695/720/1074
f 704/729/1089 824/856/1297 825/857/1298
f 825/857/1298 706/731/1299 704/729/1300
f 697/722/1079 824/856/1297 704/729/1089
f 704/729/1300 699/724/1087 697/722/1079
f 826/858/1301 825/857/1298 823/855/1295
f 823/855/1295 827/859/1302 826/858/1303
f 706/731/1304 825/857/1298 826/858/1303
f 826/858/1303 708/733/1098 706/731/1304
f 828/860/1305 826/858/1303 827/859/1306
f 827/859/1302 829/861/1307 828/860/1305
f 708/733/1098 826/858/1301 828/860/1305
f 828/860/1305 830/862/1308 708/733/1098
f 831/863/1309 830/862/1308 828/860/1305
f 828/860/1310 832/864/1311 831/863/1309
f 711/736/1101 830/862/1312 831/863/1309
f 831/863/1309 714/739/1108 711/736/1101
f 708/733/1098 830/862/1313 711/736/1101
f 711/736/1101 707/732/1096 708/733/1098
f 833/865/1314 831/863/1309 832/864/1311
f 832/864/1311 834/866/1315 833/865/1314
f 714/739/1108 831/863/1309 833/865/1316
f 833/865/1317 716/741/1112 714/739/1108
f 835/867/1318 833/865/1314 834/866/1315
f 834/866/1315 836/868/1319 835/867/1318
f 716/741/1112 833/865/1314 835/867/1318
f 835/867/1318 718/743/1118 716/741/1112
f 837/869/1320 835/867/1318 836/868/1319
f 836/868/1319 838/870/1321 837/869/1322
f 718/743/1118 835/867/1318 837/869/1322
f 837/869/1320 839/871/1323 718/743/1118
f 840/872/1324 839/871/1323 837/869/1320
f 837/869/1322 841/873/1325 840/872/1326
f 721/746/1122 839/871/1323 840/872/1324
f 840/872/1324 842/874/1327 721/746/1122
f 718/743/1118 839/871/1328 721/746/1122
f 721/746/1122 717/742/1115 718/743/1118
f 843/875/1329 842/874/1327 840/872/1324
f 840/872/1324 844/876/1330 843/875/1331
f 845/877/1332 842/874/1327 843/875/1331
f 843/875/1329 846/878/1333 845/877/1334
f 721/746/1122 842/874/1327 845/877/1334
f 845/877/1334 720/745/1121 721/746/1122
f 847/879/1335 845/877/1332 846/878/1333
f 846/878/1333 156/160/1336 847/879/1335
f 720/745/1121 845/877/1332 847/879/1335
f 847/879/1335 723/748/1337 720/745/1121
f 848/880/1338 847/879/1335 156/160/209
f 156/160/209 153/157/208 848/880/1338
f 723/748/1124 847/879/1335 848/880/1338
f 848/880/1339 725/750/1126 723/748/1124
f 849/881/1340 848/880/1338 153/157/205
f 153/157/208 155/159/1341 849/881/1342
f 725/750/1132 848/880/1339 849/881/1340
f 849/881/1340 727/752/1343 725/750/1132
f 850/882/1344 849/881/1340 155/159/207
f 155/159/207 851/884/1345 850/882/1346
f 727/752/1343 849/881/1340 850/882/1346
f 850/882/1344 852/886/1347 727/752/1343
f 727/752/1133 852/886/1347 730/756/1348
f 730/756/1348 726/751/1131 727/752/1343
f 740/772/1153 853/888/1349 854/890/1350
f 854/890/1351 855/892/1352 740/772/1153
f 737/768/1147 853/888/1349 740/772/1153
f 740/772/1153 736/767/1146 737/768/1147
f 185/189/1353 855/892/1352 854/890/1351
f 854/890/1351 856/893/1354 185/189/1353
f 743/775/1158 855/892/1355 185/189/256
f 185/189/256 180/184/253 743/775/1158
f 740/772/1153 855/892/1352 743/775/1158
f 743/775/1158 739/771/1152 740/772/1356
f 185/189/256 856/893/1357 857/895/1358
f 857/895/1359 184/188/254 185/189/1353
f 184/188/263 857/895/1359 858/897/1360
f 858/897/1360 190/194/264 184/188/263
f 190/194/264 858/897/1360 859/899/1361
f 859/899/1362 860/901/1363 190/194/1364
f 861/902/1365 860/901/1363 859/899/1361
f 859/899/1361 862/903/1366 861/902/1367
f 863/905/1368 860/901/1363 861/902/1365
f 861/902/1365 864/906/1369 863/905/1368
f 190/194/264 860/901/1363 863/905/1368
f 863/905/1368 188/192/260 190/194/264
f 865/907/1370 863/905/1368 864/906/1371
f 864/906/1369 866/908/1372 865/907/1370
f 188/192/260 863/905/1368 865/907/1373
f 865/907/1370 189/193/261 188/192/260
f 867/909/1374 865/907/1370 866/908/1375
f 866/908/1376 868/910/1377 867/909/1378
f 189/193/261 865/907/1373 867/909/1379
f 867/909/1374 869/911/1380 189/193/261
f 870/912/1381 869/911/1380 867/909/1374
f 867/909/1374 871/913/1382 870/912/1383
f 872/914/1384 869/911/1385 870/912/1381
f 870/912/1381 873/915/1386 872/914/1384
f 189/193/261 869/911/1380 872/914/1384
f 872/914/1384 186/190/262 189/193/261
f 874/916/1387 872/914/1384 873/915/1386
f 873/915/1386 875/917/1388 874/916/1387
f 186/190/258 872/914/1384 874/916/1389
f 874/916/1387 187/191/259 186/190/258
f 876/918/1390 874/916/1387 875/917/1388
f 875/917/1388 877/919/1391 876/918/1390
f 187/191/259 874/916/1387 876/918/1390
f 876/918/1390 878/920/1392 187/191/259
f 879/921/1393 878/920/1394 876/918/1390
f 876/918/1390 880/922/1395 879/921/1393
f 881/923/1396 878/920/1394 879/921/1393
f 879/921/1393 882/924/1397 881/923/1396
f 187/191/259 878/920/1398 881/923/1399
f 881/923/1396 182/186/250 187/191/1400
f 883/925/1401 881/923/1396 882/924/1402
f 882/924/1402 884/926/1403 883/925/1404
f 182/186/251 881/923/1396 883/925/1405
f 883/925/1405 183/187/1406 182/186/250
f 745/777/1160 883/925/1405 884/926/1407
f 884/926/1407 747/779/1408 745/777/1160
f 183/187/252 883/925/1409 745/777/1163
f 745/777/1163 742/774/1156 183/187/1406
f 885/927/1410 884/926/1407 882/924/1397
f 882/924/1402 886/928/1411 885/927/1410
f 747/779/1408 884/926/1407 885/927/1412
f 885/927/1410 749/781/1170 747/779/1164
f 887/929/1413 885/927/1410 886/928/1414
f 886/928/1411 888/930/1415 887/929/1416
f 749/781/1170 885/927/1410 887/929/1416
f 887/929/1413 751/783/1171 749/781/1167
f 889/931/1417 887/929/1413 888/930/1418
f 888/930/1419 890/932/1420 889/931/1417
f 751/783/1171 887/929/1413 889/931/1417
f 889/931/1417 753/785/1176 751/783/1171
f 891/933/1421 889/931/1417 890/932/1420
f 890/932/1420 892/934/1422 891/933/1421
f 753/785/1174 889/931/1423 891/933/1421
f 891/933/1421 755/787/1177 753/785/1174
f 893/935/1424 891/933/1421 892/934/1425
f 892/934/1422 894/936/1426 893/935/1424
f 755/787/1177 891/933/1421 893/935/1424
f 893/935/1424 757/789/1427 755/787/1177
f 895/937/1428 893/935/1424 894/936/1429
f 894/936/1429 896/938/1430 895/937/1431
f 757/789/1427 893/935/1424 895/937/1428
f 895/937/1431 897/939/1432 757/789/1427
f 898/940/1433 897/939/1434 895/937/1428
f 895/937/1431 899/941/1435 898/940/1433
f 760/792/1184 897/939/1434 898/940/1433
f 898/940/1433 900/942/1436 760/792/1184
f 757/789/1427 897/939/1437 760/792/1184
f 760/792/1184 756/788/1180 757/789/1427
f 901/943/1438 900/942/1439 898/940/1433
f 898/940/1433 902/944/1440 901/943/1438
f 763/795/1189 900/942/1439 901/943/1441
f 901/943/1438 903/945/1442 763/795/1189
f 760/792/1184 900/942/1436 763/795/1189
f 763/795/1189 759/791/1183 760/792/1443
f 904/946/1444 903/945/1442 901/943/1438
f 901/943/1441 905/947/1445 904/946/1444
f 766/798/1192 903/945/1442 904/946/1444
f 904/946/1444 906/948/1446 766/798/1192
f 763/795/1189 903/945/1442 766/798/1192
f 766/798/1192 762/794/1447 763/795/1189
f 907/949/1448 906/948/1446 904/946/1444
f 904/946/1444 908/950/1449 907/949/1448
f 909/951/1450 906/948/1446 907/949/1448
f 907/949/1451 910/952/1452 909/951/1450
f 766/798/1453 906/948/1446 909/951/1450
f 909/951/1450 765/797/1194 766/798/1192
f 911/953/1454 909/951/1450 910/952/1455
f 910/952/1452 912/954/1456 911/953/1454
f 765/797/1191 909/951/1450 911/953/1454
f 911/953/1454 768/800/1195 765/797/1191
f 913/955/1457 911/953/1454 912/954/1456
f 912/954/1456 914/956/1458 913/955/1457
f 768/800/1195 911/953/1454 913/955/1457
f 913/955/1457 770/802/1201 768/800/1195
f 776/808/1214 913/955/1457 914/956/1458
f 914/956/1458 778/810/1217 776/808/1214
f 770/802/1199 913/955/1457 776/808/1214
f 776/808/1214 772/804/1207 770/802/1201
f 915/957/1459 914/956/1458 912/954/1456
f 912/954/1456 916/958/1460 915/957/1461
f 778/810/1217 914/956/1458 915/957/1462
f 915/957/1463 917/959/1464 778/810/1217
f 918/960/1465 917/959/1464 915/957/1463
f 915/957/1459 919/961/1466 918/960/1465
f 781/813/1222 917/959/1464 918/960/1465
f 918/960/1467 783/815/1225 781/813/1222
f 778/810/1217 917/959/1464 781/813/1222
f 781/813/1222 777/809/1218 778/810/1217
f 920/962/1468 918/960/1465 919/961/1466
f 919/961/1466 921/963/1469 920/962/1468
f 783/815/1225 918/960/1465 920/962/1468
f 920/962/1468 785/817/1231 783/815/1225
f 922/964/1470 920/962/1468 921/963/1471
f 921/963/1469 923/965/1472 922/964/1473
f 785/817/1474 920/962/1468 922/964/1470
f 922/964/1470 787/819/1232 785/817/1474
f 924/966/1475 922/964/1470 923/965/1472
f 923/965/1472 925/967/1476 924/966/1475
f 787/819/1232 922/964/1470 924/966/1475
f 924/966/1475 789/821/1235 787/819/1232
f 926/968/1477 924/966/1475 925/967/1476
f 925/967/1476 927/969/1478 926/968/1477
f 789/821/1235 924/966/1475 926/968/1477
f 926/968/1477 791/823/1240 789/821/1235
f 928/970/1479 926/968/1480 927/969/1478
f 927/969/1478 929/971/1481 928/970/1479
f 791/823/1240 926/968/1477 928/970/1482
f 928/970/1479 793/825/1241 791/823/1237
f 930/972/1483 928/970/1479 929/971/1481
f 929/971/1484 931/973/1485 930/972/1483
f 793/825/1241 928/970/1479 930/972/1483
f 930/972/1483 795/827/1244 793/825/1241
f 932/974/1486 930/972/1483 931/973/1485
f 931/973/1485 933/975/1487 932/974/1486
f 795/827/1244 930/972/1483 932/974/1488
f 932/974/1488 798/830/1255 795/827/1244
f 934/976/1489 932/974/1486 933/975/1487
f 933/975/1487 935/977/1490 934/976/1489
f 798/830/1253 932/974/1486 934/976/1491
f 934/976/1489 800/832/1256 798/830/1255
f 936/978/1492 934/976/1489 935/977/1493
f 935/977/1490 937/979/1494 936/978/1492
f 800/832/1256 934/976/1489 936/978/1492
f 936/978/1492 802/834/1495 800/832/1256
f 938/980/1496 936/978/1497 937/979/1498
f 937/979/1499 939/981/1500 938/980/1496
f 802/834/1501 936/978/1492 938/980/1496
f 938/980/1496 804/836/1264 802/834/1260
f 940/982/1502 938/980/1496 939/981/1500
f 939/981/1500 941/983/1503 940/982/1504
f 804/836/1264 938/980/1496 940/982/1502
f 940/982/1504 806/838/1270 804/836/1264
f 942/984/1505 940/982/1502 941/983/1506
f 941/983/1507 943/985/1508 942/984/1505
f 806/838/1270 940/982/1502 942/984/1505
f 942/984/1505 808/840/1272 806/838/1270
f 944/986/1509 942/984/1505 943/985/1508
f 943/985/1508 945/987/1510 944/986/1509
f 808/840/1511 942/984/1505 944/986/1509
f 944/986/1509 946/988/1512 808/840/1272
f 63/67/87 946/988/1512 944/986/1509
f 944/986/1509 947/989/1513 63/67/1514
f 811/843/1515 946/988/1512 63/67/87
f 63/67/87 62/66/86 811/843/1515
f 808/840/1272 946/988/1512 811/843/1276
f 811/843/1515 807/839/1271 808/840/1272
f 948/990/1516 947/989/1513 944/986/1509
f 944/986/1509 945/987/1510 948/990/1516
f 949/991/1517 947/989/1513 948/990/1516
f 948/990/1516 950/992/1518 949/991/1517
f 63/67/87 947/989/1519 949/991/1520
f 949/991/1520 60/64/82 63/67/87
f 951/993/1521 949/991/1520 950/992/1522
f 950/992/1522 952/994/1523 951/993/1524
f 60/64/82 949/991/1517 951/993/1521
f 951/993/1521 61/65/83 60/64/82
f 953/995/1525 951/993/1521 952/994/1523
f 952/994/1526 954/996/1527 953/995/1528
f 61/65/83 951/993/1521 953/995/1529
f 953/995/1528 955/997/1530 61/65/83
f 956/998/1531 955/997/1530 953/995/1528
f 953/995/1528 957/999/1532 956/998/1533
f 958/1000/1534 955/997/1530 956/998/1535
f 956/998/1531 959/1001/1536 958/1000/1534
f 61/65/83 955/997/1530 958/1000/1537
f 958/1000/1534 58/62/1538 61/65/83
f 813/845/1280 958/1000/1537 959/1001/1536
f 959/1001/1539 815/847/1282 813/845/1280
f 58/62/84 958/1000/1534 813/845/1280
f 813/845/1280 64/68/88 58/62/80
f 960/1002/1540 959/1001/1536 956/998/1535
f 956/998/1531 961/1003/1541 960/1002/1540
f 815/847/1282 959/1001/1539 960/1002/1540
f 960/1002/1540 817/849/1285 815/847/1282
f 962/1004/1542 960/1002/1540 961/1003/1541
f 961/1003/1543 963/1005/1544 962/1004/1542
f 817/849/1285 960/1002/1540 962/1004/1542
f 962/1004/1542 819/851/1545 817/849/1287
f 964/1006/1546 962/1004/1542 963/1005/1547
f 963/1005/1548 965/1007/1549 964/1006/1550
f 819/851/1545 962/1004/1542 964/1006/1551
f 964/1006/1546 821/853/1291 819/851/1290
f 827/859/1302 964/1006/1546 965/1007/1549
f 965/1007/1549 829/861/1307 827/859/1302
f 821/853/1291 964/1006/1551 827/859/1302
f 827/859/1306 823/855/1295 821/853/1291
f 966/1008/1552 965/1007/1553 963/1005/1554
f 963/1005/1547 967/1009/1555 966/1008/1556
f 829/861/1307 965/1007/1549 966/1008/1552
f 966/1008/1552 968/1010/1557 829/861/1307
f 969/1011/1558 968/1010/1557 966/1008/1552
f 966/1008/1552 970/1012/1559 969/1011/1558
f 832/864/1311 968/1010/1557 969/1011/1558
f 969/1011/1558 834/866/1315 832/864/1560
f 829/861/1561 968/1010/1557 832/864/1560
f 832/864/1311 828/860/1305 829/861/1307
f 971/1013/1562 969/1011/1558 970/1012/1559
f 970/1012/1559 972/1014/1563 971/1013/1564
f 834/866/1315 969/1011/1558 971/1013/1564
f 971/1013/1565 836/868/1319 834/866/1566
f 973/1015/1567 971/1013/1568 972/1014/1563
f 972/1014/1569 974/1016/1570 973/1015/1571
f 836/868/1319 971/1013/1564 973/1015/1567
f 973/1015/1567 838/870/1572 836/868/1319
f 975/1017/1573 973/1015/1567 974/1016/1570
f 974/1016/1570 976/1018/1574 975/1017/1575
f 838/870/1321 973/1015/1571 975/1017/1575
f 975/1017/1575 977/1019/1576 838/870/1572
f 978/1020/1577 977/1019/1576 975/1017/1575
f 975/1017/1575 979/1021/1578 978/1020/1577
f 841/873/1579 977/1019/1576 978/1020/1577
f 978/1020/1577 980/1022/1580 841/873/1325
f 838/870/1321 977/1019/1576 841/873/1325
f 841/873/1325 837/869/1320 838/870/1321
f 981/1023/1581 980/1022/1580 978/1020/1577
f 978/1020/1577 982/1024/1582 981/1023/1581
f 844/876/1330 980/1022/1580 981/1023/1581
f 981/1023/1583 983/1025/1584 844/876/1330
f 841/873/1325 980/1022/1580 844/876/1585
f 844/876/1585 840/872/1324 841/873/1325
f 984/1026/1586 983/1025/1584 981/1023/1583
f 981/1023/1581 985/1027/1587 984/1026/1588
f 986/1028/1589 983/1025/1584 984/1026/1586
f 984/1026/1586 987/1029/1590 986/1028/1589
f 844/876/1330 983/1025/1584 986/1028/1589
f 986/1028/1589 843/875/1331 844/876/1330
f 988/1030/1591 986/1028/1589 987/1029/1590
f 987/1029/1590 989/1031/1592 988/1030/1591
f 843/875/1329 986/1028/1589 988/1030/1591
f 988/1030/1591 846/878/1333 843/875/1331
f 149/153/199 988/1030/1591 989/1031/1592
f 989/1031/1592 150/154/1593 149/153/200
f 846/878/1333 988/1030/1591 149/153/199
f 149/153/200 156/160/209 846/878/1333
f 990/1032/1594 989/1031/1592 987/1029/1590
f 987/1029/1590 991/1033/1595 990/1032/1594
f 150/154/1596 989/1031/1592 990/1032/1594
f 990/1032/1594 992/1034/1597 150/154/1593
f 993/1035/1598 992/1034/1597 990/1032/1594
f 990/1032/1594 994/1036/1599 993/1035/1598
f 995/1037/1600 992/1034/1597 993/1035/1598
f 993/1035/1598 996/1038/1601 995/1037/1600
f 150/154/1593 992/1034/1597 995/1037/1600
f 995/1037/1600 147/151/197 150/154/1593
f 997/1039/1602 995/1037/1600 996/1038/1603
f 996/1038/1601 998/1040/1604 997/1039/1602
f 147/151/197 995/1037/1600 997/1039/1605
f 997/1039/1602 152/156/204 147/151/197
f 999/1041/1606 997/1039/1602 998/1040/1604
f 998/1040/1604 1000/1042/1607 999/1041/1606
f 152/156/1608 997/1039/1602 999/1041/1609
f 999/1041/1610 1001/1043/1611 152/156/204
f 1002/1044/1612 1001/1043/1611 999/1041/1613
f 999/1041/1613 1003/1045/1614 1002/1044/1612
f 1004/1046/1615 1001/1043/1611 1002/1044/1612
f 1002/1044/1612 1005/1047/1616 1004/1046/1615
f 152/156/204 1001/1043/1611 1004/1046/1615
f 1004/1046/1615 151/155/202 152/156/204
f 1006/1048/1617 1004/1046/1618 1005/1047/1616
f 1005/1047/1616 1007/1049/1619 1006/1048/1617
f 151/155/202 1004/1046/1615 1006/1048/1617
f 1006/1048/1620 157/161/1621 151/155/202
f 1008/1050/1622 1006/1048/1620 1007/1049/1619
f 1007/1049/1619 1009/1052/1623 1008/1050/1622
f 157/161/210 1006/1048/1617 1008/1050/1622
f 1008/1050/1622 1010/1054/1624 157/161/210
f 157/161/1621 1010/1054/1624 1011/1056/1625
f 1011/1056/1626 154/158/206 157/161/1627
f 154/158/1628 1011/1056/1626 851/884/1345
f 851/884/1345 155/159/207 154/158/206
f 1012/1058/1629 1013/1059/1630 1014/1061/1631
f 1014/1061/1631 1015/1063/1632 1012/1058/1629
f 862/903/1366 1013/1059/1633 1012/1058/1634
f 1012/1058/1629 861/902/1365 862/903/1366
f 1016/1064/1635 1012/1058/1629 1015/1063/1632
f 1015/1063/1632 1017/1065/1636 1016/1064/1635
f 861/902/1365 1012/1058/1629 1016/1064/1637
f 1016/1064/1637 864/906/1371 861/902/1367
f 1018/1066/1638 1016/1064/1637 1017/1065/1636
f 1017/1065/1636 1019/1067/1639 1018/1066/1638
f 864/906/1369 1016/1064/1637 1018/1066/1638
f 1018/1066/1638 866/908/1372 864/906/1369
f 1020/1068/1640 1018/1066/1638 1019/1067/1639
f 1019/1067/1639 1021/1069/1641 1020/1068/1640
f 866/908/1375 1018/1066/1638 1020/1068/1640
f 1020/1068/1640 868/910/1377 866/908/1375
f 1022/1070/1642 1020/1068/1640 1021/1069/1643
f 1021/1069/1643 1023/1071/1644 1022/1070/1642
f 868/910/1645 1020/1068/1640 1022/1070/1646
f 1022/1070/1642 1024/1072/1647 868/910/1645
f 1025/1073/1648 1024/1072/1647 1022/1070/1642
f 1022/1070/1642 1026/1074/1649 1025/1073/1650
f 871/913/1382 1024/1072/1647 1025/1073/1651
f 1025/1073/1648 1027/1075/1652 871/913/1382
f 868/910/1653 1024/1072/1647 871/913/1382
f 871/913/1382 867/909/1374 868/910/1654
f 1028/1076/1655 1027/1075/1652 1025/1073/1650
f 1025/1073/1650 1029/1077/1656 1028/1076/1655
f 1030/1078/1657 1027/1075/1652 1028/1076/1655
f 1028/1076/1655 1031/1079/1658 1030/1078/1659
f 871/913/1382 1027/1075/1652 1030/1078/1659
f 1030/1078/1659 870/912/1383 871/913/1382
f 1032/1080/1660 1030/1078/1659 1031/1079/1661
f 1031/1079/1658 1033/1081/1662 1032/1080/1660
f 870/912/1383 1030/1078/1659 1032/1080/1660
f 1032/1080/1663 873/915/1386 870/912/1381
f 1034/1082/1664 1032/1080/1660 1033/1081/1662
f 1033/1081/1662 1035/1083/1665 1034/1082/1664
f 873/915/1386 1032/1080/1660 1034/1082/1664
f 1034/1082/1664 875/917/1666 873/915/1386
f 1036/1084/1667 1034/1082/1664 1035/1083/1665
f 1035/1083/1665 1037/1085/1668 1036/1084/1667
f 875/917/1388 1034/1082/1664 1036/1084/1667
f 1036/1084/1667 877/919/1391 875/917/1388
f 1038/1086/1669 1036/1084/1667 1037/1085/1668
f 1037/1085/1668 1039/1087/1670 1038/1086/1669
f 877/919/1391 1036/1084/1667 1038/1086/1671
f 1038/1086/1672 1040/1088/1673 877/919/1391
f 877/919/1391 1040/1088/1673 880/922/1674
f 880/922/1674 876/918/1390 877/919/1391
f 1041/1089/1675 1040/1088/1673 1038/1086/1676
f 1038/1086/1672 1042/1090/1677 1041/1089/1675
f 880/922/1674 1040/1088/1673 1041/1089/1675
f 1041/1089/1675 1043/1091/1678 880/922/1674
f 1044/1092/1679 1043/1091/1678 1041/1089/1680
f 1041/1089/1675 176/180/239 1044/1092/1681
f 1045/1093/1682 1043/1091/1678 1044/1092/1681
f 1044/1092/1681 1046/1094/1683 1045/1093/1684
f 880/922/1674 1043/1091/1678 1045/1093/1682
f 1045/1093/1684 879/921/1393 880/922/1674
f 886/928/1685 1045/1093/1682 1046/1094/1683
f 1046/1094/1683 888/930/1415 886/928/1685
f 879/921/1393 1045/1093/1684 886/928/1685
f 886/928/1411 882/924/1402 879/921/1393
f 1047/1095/1686 1046/1094/1683 1044/1092/1679
f 1044/1092/1679 1048/1096/1687 1047/1095/1688
f 888/930/1689 1046/1094/1683 1047/1095/1686
f 1047/1095/1688 890/932/1420 888/930/1689
f 1049/1097/1690 1047/1095/1688 1048/1096/1687
f 1048/1096/1687 1050/1098/1691 1049/1097/1692
f 890/932/1693 1047/1095/1688 1049/1097/1692
f 1049/1097/1692 892/934/1422 890/932/1693
f 1051/1099/1694 1049/1097/1692 1050/1098/1691
f 1050/1098/1691 1052/1100/1695 1051/1099/1694
f 892/934/1422 1049/1097/1692 1051/1099/1694
f 1051/1099/1694 894/936/1429 892/934/1422
f 1053/1101/1696 1051/1099/1694 1052/1100/1695
f 1052/1100/1695 1054/1102/1697 1053/1101/1696
f 894/936/1429 1051/1099/1694 1053/1101/1696
f 1053/1101/1696 896/938/1698 894/936/1429
f 1055/1103/1699 1053/1101/1696 1054/1102/1700
f 1054/1102/1697 1056/1104/1701 1055/1103/1699
f 896/938/1698 1053/1101/1696 1055/1103/1699
f 1055/1103/1702 1057/1105/1703 896/938/1430
f 1058/1106/1704 1057/1105/1703 1055/1103/1699
f 1055/1103/1699 1059/1107/1705 1058/1106/1704
f 899/941/1435 1057/1105/1703 1058/1106/1704
f 1058/1106/1706 1060/1108/1707 899/941/1435
f 896/938/1430 1057/1105/1708 899/941/1709
f 899/941/1435 895/937/1431 896/938/1698
f 1061/1109/1710 1060/1108/1707 1058/1106/1704
f 1058/1106/1704 1062/1110/1711 1061/1109/1710
f 902/944/1440 1060/1108/1712 1061/1109/1710
f 1061/1109/1710 1063/1111/1713 902/944/1440
f 899/941/1709 1060/1108/1707 902/944/1440
f 902/944/1440 898/940/1433 899/941/1709
f 1064/1112/1714 1063/1111/1713 1061/1109/1710
f 1061/1109/1710 1065/1113/1715 1064/1112/1716
f 905/947/1717 1063/1111/1713 1064/1112/1714
f 1064/1112/1714 1066/1114/1718 905/947/1719
f 902/944/1440 1063/1111/1720 905/947/1445
f 905/947/1445 901/943/1438 902/944/1440
f 1067/1115/1721 1066/1114/1722 1064/1112/1716
f 1064/1112/1714 1068/1116/1723 1067/1115/1721
f 908/950/1449 1066/1114/1718 1067/1115/1721
f 1067/1115/1721 1069/1117/1724 908/950/1449
f 905/947/1725 1066/1114/1722 908/950/1449
f 908/950/1449 904/946/1444 905/947/1717
f 1070/1118/1726 1069/1117/1724 1067/1115/1721
f 1067/1115/1721 1071/1119/1727 1070/1118/1726
f 1072/1120/1728 1069/1117/1724 1070/1118/1726
f 1070/1118/1726 1073/1121/1729 1072/1120/1728
f 908/950/1730 1069/1117/1724 1072/1120/1728
f 1072/1120/1728 907/949/1448 908/950/1730
f 1074/1122/1731 1072/1120/1728 1073/1121/1729
f 1073/1121/1729 1075/1123/1732 1074/1122/1733
f 907/949/1448 1072/1120/1728 1074/1122/1733
f 1074/1122/1731 910/952/1455 907/949/1734
f 916/958/1735 1074/1122/1736 1075/1123/1732
f 1075/1123/1732 1076/1124/1737 916/958/1460
f 910/952/1452 1074/1122/1733 916/958/1460
f 916/958/1460 912/954/1456 910/952/1455
f 1077/1125/1738 1076/1124/1737 1075/1123/1732
f 1075/1123/1732 1078/1126/1739 1077/1125/1738
f 919/961/1740 1076/1124/1737 1077/1125/1738
f 1077/1125/1741 921/963/1469 919/961/1466
f 916/958/1460 1076/1124/1742 919/961/1466
f 919/961/1743 915/957/1744 916/958/1460
f 1079/1127/1745 1077/1125/1741 1078/1126/1739
f 1078/1126/1739 1080/1128/1746 1079/1127/1745
f 921/963/1469 1077/1125/1738 1079/1127/1745
f 1079/1127/1747 923/965/1472 921/963/1469
f 1081/1129/1748 1079/1127/1745 1080/1128/1746
f 1080/1128/1746 1082/1130/1749 1081/1129/1750
f 923/965/1472 1079/1127/1745 1081/1129/1750
f 1081/1129/1750 925/967/1476 923/965/1472
f 1083/1131/1751 1081/1129/1748 1082/1130/1749
f 1082/1130/1749 1084/1132/1752 1083/1131/1753
f 925/967/1476 1081/1129/1748 1083/1131/1751
f 1083/1131/1751 927/969/1478 925/967/1476
f 1085/1133/1754 1083/1131/1755 1084/1132/1752
f 1084/1132/1752 1086/1134/1756 1085/1133/1754
f 927/969/1478 1083/1131/1751 1085/1133/1754
f 1085/1133/1754 929/971/1481 927/969/1478
f 1087/1135/1757 1085/1133/1754 1086/1134/1756
f 1086/1134/1756 1088/1136/1758 1087/1135/1759
f 929/971/1481 1085/1133/1754 1087/1135/1757
f 1087/1135/1757 931/973/1485 929/971/1481
f 1089/1137/1760 1087/1135/1757 1088/1136/1758
f 1088/1136/1758 1090/1138/1761 1089/1137/1760
f 931/973/1485 1087/1135/1757 1089/1137/1760
f 1089/1137/1762 933/975/1487 931/973/1485
f 1091/1139/1763 1089/1137/1760 1090/1138/1764
f 1090/1138/1761 1092/1140/1765 1091/1139/1763
f 933/975/1487 1089/1137/1760 1091/1139/1763
f 1091/1139/1763 935/977/1490 933/975/1487
f 1093/1141/1766 1091/1139/1763 1092/1140/1765
f 1092/1140/1765 1094/1142/1767 1093/1141/1766
f 935/977/1490 1091/1139/1768 1093/1141/1766
f 1093/1141/1766 937/979/1494 935/977/1490
f 1095/1143/1769 1093/1141/1766 1094/1142/1767
f 1094/1142/1770 1096/1144/1771 1095/1143/1772
f 937/979/1494 1093/1141/1766 1095/1143/1773
f 1095/1143/1769 939/981/1500 937/979/1494
f 1097/1145/1774 1095/1143/1769 1096/1144/1771
f 1096/1144/1775 1098/1146/1776 1097/1145/1777
f 939/981/1500 1095/1143/1772 1097/1145/1774
f 1097/1145/1774 941/983/1503 939/981/1500
f 1099/1147/1778 1097/1145/1774 1098/1146/1776
f 1098/1146/1776 1100/1148/1779 1099/1147/1780
f 941/983/1503 1097/1145/1774 1099/1147/1781
f 1099/1147/1780 943/985/1508 941/983/1503
f 1101/1149/1782 1099/1147/1780 1100/1148/1783
f 1100/1148/1783 1102/1150/1784 1101/1149/1785
f 943/985/1786 1099/1147/1781 1101/1149/1782
f 1101/1149/1785 945/987/1510 943/985/1508
f 1103/1151/1787 1101/1149/1782 1102/1150/1788
f 1102/1150/1788 1104/1152/1789 1103/1151/1787
f 945/987/1510 1101/1149/1782 1103/1151/1787
f 1103/1151/1787 948/990/1516 945/987/1510
f 1105/1153/1790 1103/1151/1787 1104/1152/1791
f 1104/1152/1789 1106/1154/1792 1105/1153/1790
f 948/990/1516 1103/1151/1793 1105/1153/1790
f 1105/1153/1790 950/992/1522 948/990/1516
f 1107/1155/1794 1105/1153/1790 1106/1154/1792
f 1106/1154/1792 1108/1156/1795 1107/1155/1796
f 950/992/1522 1105/1153/1790 1107/1155/1796
f 1107/1155/1796 952/994/1523 950/992/1522
f 1109/1157/1797 1107/1155/1794 1108/1156/1798
f 1108/1156/1798 1110/1158/1799 1109/1157/1797
f 952/994/1523 1107/1155/1796 1109/1157/1800
f 1109/1157/1797 954/996/1527 952/994/1526
f 1111/1159/1801 1109/1157/1802 1110/1158/1799
f 1110/1158/1799 1112/1160/1803 1111/1159/1801
f 954/996/1804 1109/1157/1800 1111/1159/1801
f 1111/1159/1801 1113/1161/1805 954/996/1527
f 1114/1162/1806 1113/1161/1805 1111/1159/1801
f 1111/1159/1801 1115/1163/1807 1114/1162/1806
f 957/999/1808 1113/1161/1805 1114/1162/1809
f 1114/1162/1810 1116/1164/1811 957/999/1532
f 954/996/1527 1113/1161/1805 957/999/1808
f 957/999/1812 953/995/1525 954/996/1527
f 967/1009/1555 1116/1164/1811 1114/1162/1806
f 1114/1162/1809 1117/1165/1813 967/1009/1555
f 961/1003/1543 1116/1164/1811 967/1009/1555
f 967/1009/1555 963/1005/1554 961/1003/1814
f 957/999/1808 1116/1164/1811 961/1003/1815
f 961/1003/1543 956/998/1535 957/999/1816
f 1118/1166/1817 1117/1165/1813 1114/1162/1809
f 1114/1162/1809 1115/1163/1818 1118/1166/1819
f 970/1012/1559 1117/1165/1813 1118/1166/1819
f 1118/1166/1819 972/1014/1563 970/1012/1559
f 967/1009/1555 1117/1165/1813 970/1012/1559
f 970/1012/1559 966/1008/1552 967/1009/1555
f 1119/1167/1820 1118/1166/1821 1115/1163/1818
f 1115/1163/1818 1120/1168/1822 1119/1167/1823
f 972/1014/1569 1118/1166/1819 1119/1167/1820
f 1119/1167/1820 974/1016/1824 972/1014/1569
f 1121/1169/1825 1119/1167/1820 1120/1168/1822
f 1120/1168/1822 1122/1170/1826 1121/1169/1825
f 974/1016/1570 1119/1167/1820 1121/1169/1825
f 1121/1169/1825 976/1018/1574 974/1016/1570
f 1123/1171/1827 1121/1169/1825 1122/1170/1826
f 1122/1170/1826 1124/1172/1828 1123/1171/1827
f 976/1018/1829 1121/1169/1825 1123/1171/1827
f 1123/1171/1827 1125/1173/1830 976/1018/1829
f 1126/1174/1831 1125/1173/1830 1123/1171/1832
f 1123/1171/1827 1127/1175/1833 1126/1174/1831
f 979/1021/1578 1125/1173/1830 1126/1174/1834
f 1126/1174/1831 1128/1176/1835 979/1021/1578
f 976/1018/1829 1125/1173/1830 979/1021/1578
f 979/1021/1578 975/1017/1575 976/1018/1836
f 1129/1177/1837 1128/1176/1835 1126/1174/1831
f 1126/1174/1834 1130/1178/1838 1129/1177/1839
f 982/1024/1582 1128/1176/1840 1129/1177/1839
f 1129/1177/1839 1131/1179/1841 982/1024/1582
f 979/1021/1578 1128/1176/1835 982/1024/1582
f 982/1024/1582 978/1020/1577 979/1021/1578
f 1132/1180/1842 1131/1179/1841 1129/1177/1843
f 1129/1177/1839 1133/1181/1844 1132/1180/1842
f 985/1027/1845 1131/1179/1841 1132/1180/1846
f 1132/1180/1842 1134/1182/1847 985/1027/1845
f 982/1024/1582 1131/1179/1841 985/1027/1845
f 985/1027/1845 981/1023/1581 982/1024/1582
f 1135/1183/1848 1134/1182/1847 1132/1180/1842
f 1132/1180/1842 1136/1184/1849 1135/1183/1848
f 1137/1185/1850 1134/1182/1847 1135/1183/1848
f 1135/1183/1848 1138/1186/1851 1137/1185/1850
f 985/1027/1587 1134/1182/1847 1137/1185/1852
f 1137/1185/1850 984/1026/1586 985/1027/1845
f 991/1033/1853 1137/1185/1850 1138/1186/1851
f 1138/1186/1851 1139/1187/1854 991/1033/1595
f 984/1026/1588 1137/1185/1850 991/1033/1595
f 991/1033/1853 987/1029/1590 984/1026/1586
f 144/148/193 1139/1187/1854 1138/1186/1851
f 1138/1186/1855 145/149/194 144/148/193
f 994/1036/1599 1139/1187/1854 144/148/193
f 144/148/193 146/150/1856 994/1036/1857
f 991/1033/1853 1139/1187/1854 994/1036/1599
f 994/1036/1599 990/1032/1594 991/1033/1853
f 145/149/194 1138/1186/1855 1135/1183/1858
f 1135/1183/1848 1140/1188/1859 145/149/194
f 1141/1189/1860 1140/1188/1859 1142/1190/1861
f 1142/1190/1861 163/167/218 1141/1189/1862
f 145/149/194 1140/1188/1859 1141/1189/1862
f 1141/1189/1862 142/146/191 145/149/194
f 1142/1190/1863 1140/1188/1859 1135/1183/1848
f 1135/1183/1848 1136/1184/1849 1142/1190/1861
f 1143/1191/1864 1141/1189/1862 163/167/218
f 163/167/218 162/166/216 1143/1191/1864
f 142/146/195 1141/1189/1862 1143/1191/1865
f 1143/1191/1864 143/147/1866 142/146/191
f 1144/1192/1867 1143/1191/1864 162/166/216
f 162/166/216 168/172/1868 1144/1192/1867
f 143/147/1869 1143/1191/1864 1144/1192/1870
f 1144/1192/1870 1145/1193/1871 143/147/1866
f 1146/1194/1872 1145/1193/1871 1144/1192/1867
f 1144/1192/1867 1147/1195/1873 1146/1194/1872
f 1148/1196/1874 1145/1193/1871 1146/1194/1872
f 1146/1194/1875 1149/1197/1876 1148/1196/1877
f 143/147/192 1145/1193/1871 1148/1196/1874
f 1148/1196/1878 140/144/189 143/147/1866
f 1150/1198/1879 1148/1196/1877 1149/1197/1876
f 1149/1197/1876 1151/1199/1880 1150/1198/1881
f 140/144/189 1148/1196/1874 1150/1198/1882
f 1150/1198/1881 146/150/1856 140/144/189
f 993/1035/1598 1150/1198/1882 1151/1199/1883
f 1151/1199/1883 996/1038/1603 993/1035/1884
f 146/150/196 1150/1198/1882 993/1035/1598
f 993/1035/1884 994/1036/1599 146/150/196
f 1152/1200/1885 1151/1199/1883 1149/1197/1876
f 1149/1197/1876 1153/1201/1886 1152/1200/1885
f 996/1038/1603 1151/1199/1883 1152/1200/1885
f 1152/1200/1885 998/1040/1604 996/1038/1603
f 1154/1202/1887 1152/1200/1885 1153/1201/1888
f 1153/1201/1888 1155/1203/1889 1154/1202/1890
f 998/1040/1604 1152/1200/1885 1154/1202/1890
f 1154/1202/1890 1000/1042/1607 998/1040/1604
f 1156/1204/1891 1154/1202/1890 1155/1203/1889
f 1155/1203/1892 1157/1205/1893 1156/1204/1891
f 1000/1042/1607 1154/1202/1890 1156/1204/1891
f 1156/1204/1894 1158/1206/1895 1000/1042/1607
f 1159/1207/1896 1158/1206/1895 1156/1204/1897
f 1156/1204/1897 1160/1208/1898 1159/1207/1899
f 1003/1045/1614 1158/1206/1895 1159/1207/1900
f 1159/1207/1901 1161/1209/1902 1003/1045/1614
f 1000/1042/1607 1158/1206/1895 1003/1045/1614
f 1003/1045/1614 999/1041/1606 1000/1042/1607
f 1162/1210/1903 1161/1209/1904 1159/1207/1899
f 1159/1207/1900 1163/1211/1905 1162/1210/1906
f 1164/1212/1907 1161/1209/1902 1162/1210/1906
f 1162/1210/1903 1165/1213/1908 1164/1212/1907
f 1003/1045/1614 1161/1209/1902 1164/1212/1907
f 1164/1212/1907 1002/1044/1909 1003/1045/1614
f 1166/1214/1910 1164/1212/1907 1165/1213/1908
f 1165/1213/1908 1167/1215/1911 1166/1214/1912
f 1002/1044/1612 1164/1212/1907 1166/1214/1910
f 1166/1214/1910 1005/1047/1616 1002/1044/1612
f 1168/1216/1913 1166/1214/1910 1167/1215/1911
f 1167/1215/1911 1169/1217/1914 1168/1216/1913
f 1005/1047/1616 1166/1214/1910 1168/1216/1913
f 1168/1216/1913 1007/1049/1619 1005/1047/1616
f 1170/1218/1915 1168/1216/1913 1169/1217/1914
f 1169/1217/1914 1171/1220/1916 1170/1218/1917
f 1007/1049/1619 1168/1216/1913 1170/1218/1917
f 1170/1218/1917 1009/1052/1623 1007/1049/1619
f 1172/1222/1918 1173/1223/1919 1174/1225/1920
f 1174/1225/1921 1175/1227/1922 1172/1222/1918
f 1014/1061/1631 1173/1223/1923 1172/1222/1918
f 1172/1222/1924 1015/1063/1632 1014/1061/1631
f 1176/1228/1925 1172/1222/1924 1175/1227/1922
f 1175/1227/1922 1177/1229/1926 1176/1228/1925
f 1015/1063/1632 1172/1222/1918 1176/1228/1925
f 1176/1228/1925 1017/1065/1636 1015/1063/1927
f 1178/1230/1928 1176/1228/1929 1177/1229/1926
f 1177/1229/1930 1179/1231/1931 1178/1230/1928
f 1017/1065/1636 1176/1228/1925 1178/1230/1928
f 1178/1230/1928 1019/1067/1639 1017/1065/1636
f 1180/1232/1932 1178/1230/1928 1179/1231/1933
f 1179/1231/1933 1181/1233/1934 1180/1232/1932
f 1019/1067/1935 1178/1230/1928 1180/1232/1932
f 1180/1232/1932 1021/1069/1643 1019/1067/1639
f 1182/1234/1936 1180/1232/1932 1181/1233/1937
f 1181/1233/1938 1183/1235/1939 1182/1234/1936
f 1021/1069/1641 1180/1232/1932 1182/1234/1936
f 1182/1234/1940 1023/1071/1644 1021/1069/1641
f 1184/1236/1941 1182/1234/1936 1183/1235/1939
f 1183/1235/1939 1185/1237/1942 1184/1236/1941
f 1023/1071/1644 1182/1234/1940 1184/1236/1941
f 1184/1236/1941 1186/1238/1943 1023/1071/1644
f 1187/1239/1944 1186/1238/1945 1184/1236/1941
f 1184/1236/1941 1188/1240/1946 1187/1239/1944
f 1026/1074/1649 1186/1238/1945 1187/1239/1944
f 1187/1239/1944 1189/1241/1947 1026/1074/1649
f 1023/1071/1948 1186/1238/1943 1026/1074/1649
f 1026/1074/1649 1022/1070/1642 1023/1071/1644
f 1190/1242/1949 1189/1241/1950 1187/1239/1944
f 1187/1239/1944 1191/1243/1951 1190/1242/1949
f 1029/1077/1952 1189/1241/1950 1190/1242/1949
f 1190/1242/1949 1192/1244/1953 1029/1077/1952
f 1026/1074/1649 1189/1241/1950 1029/1077/1952
f 1029/1077/1952 1025/1073/1650 1026/1074/1649
f 1193/1245/1954 1192/1244/1953 1190/1242/1949
f 1190/1242/1949 1194/1246/1955 1193/1245/1954
f 1195/1247/1956 1192/1244/1957 1193/1245/1958
f 1193/1245/1958 1196/1248/1959 1195/1247/1956
f 1029/1077/1656 1192/1244/1953 1195/1247/1956
f 1195/1247/1956 1028/1076/1655 1029/1077/1952
f 200/204/276 1195/1247/1956 1196/1248/1959
f 1196/1248/1959 199/203/274 200/204/276
f 1028/1076/1655 1195/1247/1956 200/204/276
f 200/204/276 1031/1079/1661 1028/1076/1655
f 1197/1249/1960 1196/1248/1959 1193/1245/1958
f 1193/1245/1954 205/209/281 1197/1249/1961
f 199/203/1962 1196/1248/1959 1197/1249/1960
f 1197/1249/1961 201/205/277 199/203/274
f 1198/1250/1963 1197/1249/1961 205/209/281
f 205/209/281 204/208/280 1198/1250/1963
f 201/205/277 1197/1249/1960 1198/1250/1963
f 1198/1250/1963 1199/1251/1964 201/205/277
f 1200/1252/1965 1199/1251/1964 1198/1250/1963
f 1198/1250/1963 1201/1253/1966 1200/1252/1965
f 1202/1254/1967 1199/1251/1964 1200/1252/1965
f 1200/1252/1965 1203/1255/1968 1202/1254/1967
f 201/205/277 1199/1251/1964 1202/1254/1969
f 1202/1254/1967 197/201/272 201/205/277
f 1204/1256/1970 1202/1254/1969 1203/1255/1968
f 1203/1255/1968 1205/1257/1971 1204/1256/1970
f 197/201/272 1202/1254/1969 1204/1256/1970
f 1204/1256/1970 198/202/273 197/201/272
f 1206/1258/1972 1204/1256/1970 1205/1257/1973
f 1205/1257/1973 1207/1259/1974 1206/1258/1972
f 198/202/273 1204/1256/1970 1206/1258/1975
f 1206/1258/1975 1208/1260/1976 198/202/273
f 1209/1261/1977 1208/1260/1978 1206/1258/1975
f 1206/1258/1972 1210/1262/1979 1209/1261/1977
f 1211/1263/1980 1208/1260/1976 1209/1261/1981
f 1209/1261/1977 1212/1264/1982 1211/1263/1980
f 198/202/1983 1208/1260/1976 1211/1263/1980
f 1211/1263/1984 195/199/1985 198/202/273
f 1213/1265/1986 1211/1263/1980 1212/1264/1987
f 1212/1264/1982 1214/1266/1988 1213/1265/1989
f 195/199/270 1211/1263/1980 1213/1265/1986
f 1213/1265/1986 196/200/1990 195/199/270
f 1215/1267/1991 1213/1265/1986 1214/1266/1988
f 1214/1266/1988 1216/1268/1992 1215/1267/1993
f 196/200/1990 1213/1265/1986 1215/1267/1991
f 1215/1267/1991 1217/1269/1994 196/200/1995
f 196/200/1990 1217/1269/1996 1218/1270/1997
f 1218/1270/1997 193/197/1998 196/200/1999
f 1219/1271/2000 1217/1269/1996 1215/1267/1991
f 1215/1267/1991 1220/1272/2001 1219/1271/2002
f 1218/1270/1997 1217/1269/1994 1219/1271/2002
f 1219/1271/2002 1221/1273/2003 1218/1270/2004
f 1218/1270/2004 1221/1273/2003 1222/1274/2005
f 1222/1274/2005 1223/1275/2006 1218/1270/2004
f 1224/1276/2007 1221/1273/2003 1219/1271/2002
f 1219/1271/2002 1225/1277/2008 1224/1276/2007
f 1222/1274/2005 1221/1273/2003 1224/1276/2009
f 1224/1276/2007 1226/1278/2010 1222/1274/2005
f 1222/1274/2011 1226/1278/2010 1227/1279/2012
f 1227/1279/2012 1039/1087/1670 1222/1274/2005
f 1228/1280/2013 1226/1278/2010 1224/1276/2007
f 1224/1276/2007 1229/1281/2014 1228/1280/2013
f 1227/1279/2012 1226/1278/2010 1228/1280/2013
f 1228/1280/2013 179/183/2015 1227/1279/2012
f 1230/1282/2016 1228/1280/2013 1229/1281/2017
f 1229/1281/2014 1231/1283/2018 1230/1282/2016
f 179/183/247 1228/1280/2013 1230/1282/2016
f 1230/1282/2016 177/181/243 179/183/247
f 1232/1284/2019 1230/1282/2016 1231/1283/2018
f 1231/1283/2020 1233/1285/2021 1232/1284/2019
f 177/181/243 1230/1282/2016 1232/1284/2019
f 1232/1284/2019 178/182/244 177/181/243
f 1052/1100/1695 1232/1284/2022 1233/1285/2021
f 1233/1285/2021 1054/1102/1697 1052/1100/1695
f 178/182/244 1232/1284/2019 1052/1100/1695
f 1052/1100/1695 1050/1098/1691 178/182/244
f 1234/1286/2023 1233/1285/2024 1231/1283/2018
f 1231/1283/2018 1235/1287/2025 1234/1286/2026
f 1054/1102/1697 1233/1285/2024 1234/1286/2027
f 1234/1286/2026 1056/1104/2028 1054/1102/1697
f 1236/1288/2029 1234/1286/2026 1235/1287/2025
f 1235/1287/2025 1237/1289/2030 1236/1288/2029
f 1056/1104/2028 1234/1286/2023 1236/1288/2031
f 1236/1288/2032 1238/1290/2033 1056/1104/1701
f 1239/1291/2034 1238/1290/2035 1236/1288/2036
f 1236/1288/2031 1240/1292/2037 1239/1291/2034
f 1059/1107/1705 1238/1290/2033 1239/1291/2034
f 1239/1291/2034 1241/1293/2038 1059/1107/1705
f 1056/1104/2028 1238/1290/2033 1059/1107/1705
f 1059/1107/1705 1055/1103/1699 1056/1104/1701
f 1242/1294/2039 1241/1293/2038 1239/1291/2034
f 1239/1291/2034 1243/1295/2040 1242/1294/2039
f 1062/1110/1711 1241/1293/2038 1242/1294/2039
f 1242/1294/2039 1244/1296/2041 1062/1110/1711
f 1059/1107/1705 1241/1293/2038 1062/1110/2042
f 1062/1110/1711 1058/1106/1704 1059/1107/1705
f 1245/1297/2043 1244/1296/2041 1242/1294/2039
f 1242/1294/2039 1246/1298/2044 1245/1297/2043
f 1065/1113/2045 1244/1296/2041 1245/1297/2043
f 1245/1297/2046 1247/1299/2047 1065/1113/2045
f 1062/1110/2042 1244/1296/2041 1065/1113/1715
f 1065/1113/2045 1061/1109/1710 1062/1110/1711
f 1248/1300/2048 1247/1299/2047 1245/1297/2049
f 1245/1297/2049 1249/1301/2050 1248/1300/2048
f 1068/1116/1723 1247/1299/2047 1248/1300/2048
f 1248/1300/2048 1250/1302/2051 1068/1116/1723
f 1065/1113/1715 1247/1299/2047 1068/1116/1723
f 1068/1116/1723 1064/1112/1716 1065/1113/1715
f 1251/1303/2052 1250/1302/2051 1248/1300/2048
f 1248/1300/2048 1252/1304/2053 1251/1303/2054
f 1071/1119/1727 1250/1302/2051 1251/1303/2054
f 1251/1303/2054 1253/1305/2055 1071/1119/1727
f 1068/1116/1723 1250/1302/2051 1071/1119/2056
f 1071/1119/1727 1067/1115/1721 1068/1116/1723
f 1254/1306/2057 1253/1305/2055 1251/1303/2054
f 1251/1303/2054 1255/1307/2058 1254/1306/2057
f 1256/1308/2059 1253/1305/2055 1254/1306/2057
f 1254/1306/2057 1257/1309/2060 1256/1308/2059
f 1071/1119/2056 1253/1305/2061 1256/1308/2062
f 1256/1308/2062 1070/1118/1726 1071/1119/1727
f 1258/1310/2063 1256/1308/2059 1257/1309/2064
f 1257/1309/2064 1259/1311/2065 1258/1310/2063
f 1070/1118/1726 1256/1308/2062 1258/1310/2066
f 1258/1310/2063 1073/1121/1729 1070/1118/1726
f 1078/1126/1739 1258/1310/2063 1259/1311/2065
f 1259/1311/2067 1080/1128/1746 1078/1126/2068
f 1073/1121/1729 1258/1310/2063 1078/1126/1739
f 1078/1126/2069 1075/1123/1732 1073/1121/1729
f 1260/1312/2070 1259/1311/2067 1257/1309/2064
f 1257/1309/2064 1261/1313/2071 1260/1312/2072
f 1080/1128/1746 1259/1311/2067 1260/1312/2072
f 1260/1312/2073 1082/1130/1749 1080/1128/1746
f 1262/1314/2074 1260/1312/2073 1261/1313/2071
f 1261/1313/2071 1263/1315/2075 1262/1314/2076
f 1082/1130/1749 1260/1312/2073 1262/1314/2076
f 1262/1314/2076 1084/1132/1752 1082/1130/1749
f 1264/1316/2077 1262/1314/2076 1263/1315/2078
f 1263/1315/2078 1265/1317/2079 1264/1316/2080
f 1084/1132/1752 1262/1314/2076 1264/1316/2080
f 1264/1316/2080 1086/1134/1756 1084/1132/1752
f 1266/1318/2081 1264/1316/2080 1265/1317/2082
f 1265/1317/2079 1267/1319/2083 1266/1318/2081
f 1086/1134/1756 1264/1316/2077 1266/1318/2081
f 1266/1318/2081 1088/1136/1758 1086/1134/1756
f 1268/1320/2084 1266/1318/2081 1267/1319/2085
f 1267/1319/2083 1269/1321/2086 1268/1320/2084
f 1088/1136/1758 1266/1318/2081 1268/1320/2087
f 1268/1320/2084 1090/1138/1764 1088/1136/1758
f 1270/1322/2088 1268/1320/2084 1269/1321/2086
f 1269/1321/2086 1271/1323/2089 1270/1322/2088
f 1090/1138/2090 1268/1320/2087 1270/1322/2088
f 1270/1322/2088 1092/1140/1765 1090/1138/1764
f 1272/1324/2091 1270/1322/2088 1271/1323/2089
f 1271/1323/2089 1273/1325/2092 1272/1324/2091
f 1092/1140/1765 1270/1322/2088 1272/1324/2091
f 1272/1324/2091 1094/1142/2093 1092/1140/1765
f 1274/1326/2094 1272/1324/2091 1273/1325/2092
f 1273/1325/2092 1275/1327/2095 1274/1326/2094
f 1094/1142/2093 1272/1324/2091 1274/1326/2094
f 1274/1326/2094 1096/1144/1771 1094/1142/1767
f 1276/1328/2096 1274/1326/2094 1275/1327/2097
f 1275/1327/2097 1277/1329/2098 1276/1328/2096
f 1096/1144/1771 1274/1326/2094 1276/1328/2096
f 1276/1328/2096 1098/1146/1776 1096/1144/1771
f 1278/1330/2099 1276/1328/2096 1277/1329/2100
f 1277/1329/2098 1279/1331/2101 1278/1330/2099
f 1098/1146/2102 1276/1328/2096 1278/1330/2099
f 1278/1330/2099 1100/1148/1783 1098/1146/1776
f 1280/1332/2103 1278/1330/2099 1279/1331/2104
f 1279/1331/2101 1281/1333/2105 1280/1332/2103
f 1100/1148/1783 1278/1330/2106 1280/1332/2107
f 1280/1332/2103 1102/1150/2108 1100/1148/2109
f 1282/1334/2110 1280/1332/2103 1281/1333/2111
f 1281/1333/2105 1283/1335/2112 1282/1334/2110
f 1102/1150/1788 1280/1332/2103 1282/1334/2110
f 1282/1334/2110 1104/1152/1789 1102/1150/2108
f 1284/1336/2113 1282/1334/2110 1283/1335/2112
f 1283/1335/2112 1285/1337/2114 1284/1336/2113
f 1104/1152/1791 1282/1334/2110 1284/1336/2113
f 1284/1336/2113 1106/1154/1792 1104/1152/1789
f 1286/1338/2115 1284/1336/2116 1285/1337/2114
f 1285/1337/2114 1287/1339/2117 1286/1338/2115
f 1106/1154/1792 1284/1336/2113 1286/1338/2115
f 1286/1338/2115 1108/1156/1798 1106/1154/1792
f 1288/1340/2118 1286/1338/2115 1287/1339/2117
f 1287/1339/2119 1289/1341/2120 1288/1340/2118
f 1108/1156/1798 1286/1338/2115 1288/1340/2118
f 1288/1340/2118 1110/1158/1799 1108/1156/1795
f 1290/1342/2121 1288/1340/2118 1289/1341/2122
f 1289/1341/2120 1291/1343/2123 1290/1342/2121
f 1110/1158/2124 1288/1340/2125 1290/1342/2121
f 1290/1342/2121 1112/1160/1803 1110/1158/1799
f 1122/1170/2126 1290/1342/2121 1291/1343/2123
f 1291/1343/2123 1124/1172/1828 1122/1170/2127
f 1112/1160/1803 1290/1342/2128 1122/1170/2129
f 1122/1170/2127 1120/1168/1822 1112/1160/2130
f 1292/1344/2131 1291/1343/2123 1289/1341/2120
f 1289/1341/2120 1293/1345/2132 1292/1344/2131
f 1124/1172/1828 1291/1343/2123 1292/1344/2131
f 1292/1344/2131 1294/1346/2133 1124/1172/1828
f 1295/1347/2134 1294/1346/2133 1292/1344/2131
f 1292/1344/2131 1296/1348/2135 1295/1347/2134
f 1127/1175/1833 1294/1346/2133 1295/1347/2134
f 1295/1347/2134 1297/1349/2136 1127/1175/1833
f 1124/1172/1828 1294/1346/2133 1127/1175/1833
f 1127/1175/1833 1123/1171/1827 1124/1172/1828
f 1298/1350/2137 1297/1349/2136 1295/1347/2134
f 1295/1347/2134 1299/1351/2138 1298/1350/2139
f 1130/1178/2140 1297/1349/2136 1298/1350/2139
f 1298/1350/2139 1300/1352/2141 1130/1178/2140
f 1127/1175/1833 1297/1349/2136 1130/1178/2140
f 1130/1178/2140 1126/1174/1831 1127/1175/1833
f 1301/1353/2142 1300/1352/2141 1298/1350/2139
f 1298/1350/2139 1302/1354/2143 1301/1353/2142
f 1133/1181/1844 1300/1352/2144 1301/1353/2142
f 1301/1353/2145 1303/1355/2146 1133/1181/1844
f 1130/1178/2140 1300/1352/2141 1133/1181/1844
f 1133/1181/1844 1129/1177/2147 1130/1178/2140
f 1304/1356/2148 1303/1355/2146 1301/1353/2142
f 1301/1353/2142 1305/1357/2149 1304/1356/2148
f 1136/1184/1849 1303/1355/2146 1304/1356/2148
f 1304/1356/2148 1142/1190/1861 1136/1184/1849
f 1133/1181/1844 1303/1355/2146 1136/1184/1849
f 1136/1184/1849 1132/1180/1842 1133/1181/1844
f 160/164/213 1304/1356/2148 1305/1357/2149
f 1305/1357/2149 161/165/2150 160/164/213
f 1142/1190/1861 1304/1356/2148 160/164/213
f 160/164/213 163/167/218 1142/1190/1861
f 161/165/2151 1305/1357/2149 1306/1358/2152
f 1306/1358/2152 1307/1359/2153 161/165/2150
f 1306/1358/2152 1305/1357/2149 1301/1353/2142
f 1301/1353/2142 1302/1354/2143 1306/1358/2152
f 1308/1360/2154 1307/1359/2153 1309/1361/2155
f 1309/1361/2155 1310/1362/2156 1308/1360/2154
f 161/165/2150 1307/1359/2153 1308/1360/2154
f 1308/1360/2154 158/162/211 161/165/214
f 1309/1361/2155 1307/1359/2153 1306/1358/2152
f 1306/1358/2152 1311/1363/2157 1309/1361/2155
f 1309/1361/2155 1311/1363/2157 1312/1364/2158
f 1312/1364/2158 1313/1365/2159 1309/1361/2155
f 1314/1366/2160 1311/1363/2161 1306/1358/2152
f 1306/1358/2152 1302/1354/2143 1314/1366/2162
f 1312/1364/2158 1311/1363/2163 1314/1366/2164
f 1314/1366/2162 1315/1367/2165 1312/1364/2166
f 1312/1364/2158 1315/1367/2165 1316/1368/2167
f 1316/1368/2167 1317/1369/2168 1312/1364/2169
f 1318/1370/2170 1315/1367/2165 1314/1366/2160
f 1314/1366/2162 1299/1351/2171 1318/1370/2170
f 1316/1368/2167 1315/1367/2165 1318/1370/2170
f 1318/1370/2172 1319/1371/2173 1316/1368/2167
f 1316/1368/2167 1319/1371/2174 1320/1372/2175
f 1320/1372/2176 1321/1373/2177 1316/1368/2167
f 1322/1374/2178 1319/1371/2174 1318/1370/2172
f 1318/1370/2170 1296/1348/2135 1322/1374/2178
f 1320/1372/2179 1319/1371/2174 1322/1374/2178
f 1322/1374/2178 1323/1375/2180 1320/1372/2176
f 1320/1372/2176 1323/1375/2180 1324/1376/2181
f 1324/1376/2181 1325/1377/2182 1320/1372/2175
f 1326/1378/2183 1323/1375/2180 1322/1374/2178
f 1322/1374/2184 1293/1345/2132 1326/1378/2183
f 1324/1376/2181 1323/1375/2180 1326/1378/2183
f 1326/1378/2183 1327/1379/2185 1324/1376/2181
f 1324/1376/2181 1327/1379/2186 1328/1380/2187
f 1328/1380/2187 1329/1381/2188 1324/1376/2181
f 1285/1337/2114 1327/1379/2185 1326/1378/2183
f 1326/1378/2189 1287/1339/2190 1285/1337/2114
f 1328/1380/2187 1327/1379/2191 1285/1337/2114
f 1285/1337/2114 1283/1335/2112 1328/1380/2187
f 1330/1382/2192 1329/1381/2193 1331/1383/2194
f 1331/1383/2195 1332/1384/2196 1330/1382/2197
f 1324/1376/2181 1329/1381/2188 1330/1382/2192
f 1330/1382/2197 1325/1377/2182 1324/1376/2181
f 1331/1383/2195 1329/1381/2188 1328/1380/2187
f 1328/1380/2187 1333/1385/2198 1331/1383/2195
f 1331/1383/2194 1333/1385/2199 1334/1386/2200
f 1334/1386/2200 1335/1387/2201 1331/1383/2194
f 1281/1333/2105 1333/1385/2198 1328/1380/2187
f 1328/1380/2202 1283/1335/2112 1281/1333/2105
f 1334/1386/2200 1333/1385/2198 1281/1333/2111
f 1281/1333/2111 1279/1331/2101 1334/1386/2200
f 1336/1388/2203 1335/1387/2204 1337/1389/2205
f 1337/1389/2205 1338/1390/2206 1336/1388/2203
f 1331/1383/2195 1335/1387/2207 1336/1388/2203
f 1336/1388/2208 1332/1384/2196 1331/1383/2194
f 1337/1389/2205 1335/1387/2201 1334/1386/2200
f 1334/1386/2200 1339/1391/2209 1337/1389/2205
f 1337/1389/2205 1339/1391/2209 1340/1392/2210
f 1340/1392/2210 1341/1393/2211 1337/1389/2212
f 1277/1329/2098 1339/1391/2209 1334/1386/2200
f 1334/1386/2200 1279/1331/2101 1277/1329/2098
f 1340/1392/2210 1339/1391/2209 1277/1329/2098
f 1277/1329/2098 1275/1327/2213 1340/1392/2210
f 1342/1394/2214 1341/1393/2211 1343/1395/2215
f 1343/1395/2215 1344/1396/2216 1342/1394/2214
f 1337/1389/2205 1341/1393/2211 1342/1394/2214
f 1342/1394/2214 1338/1390/2206 1337/1389/2205
f 1343/1395/2215 1341/1393/2211 1340/1392/2210
f 1340/1392/2210 1345/1397/2217 1343/1395/2215
f 1343/1395/2215 1345/1397/2217 1346/1398/2218
f 1346/1398/2218 1347/1399/2219 1343/1395/2215
f 1273/1325/2092 1345/1397/2220 1340/1392/2221
f 1340/1392/2210 1275/1327/2222 1273/1325/2092
f 1346/1398/2218 1345/1397/2217 1273/1325/2092
f 1273/1325/2092 1271/1323/2089 1346/1398/2218
f 1348/1400/2223 1347/1399/2219 1349/1401/2224
f 1349/1401/2224 1350/1402/2225 1348/1400/2223
f 1343/1395/2215 1347/1399/2219 1348/1400/2223
f 1348/1400/2223 1344/1396/2226 1343/1395/2215
f 1349/1401/2224 1347/1399/2219 1346/1398/2218
f 1346/1398/2227 1351/1403/2228 1349/1401/2224
f 1349/1401/2224 1351/1403/2229 1352/1404/2230
f 1352/1404/2230 1353/1405/2231 1349/1401/2224
f 1269/1321/2086 1351/1403/2228 1346/1398/2218
f 1346/1398/2227 1271/1323/2089 1269/1321/2086
f 1352/1404/2230 1351/1403/2228 1269/1321/2086
f 1269/1321/2086 1267/1319/2083 1352/1404/2230
f 1354/1406/2232 1353/1405/2231 1355/1407/2233
f 1355/1407/2233 1356/1408/2234 1354/1406/2232
f 1349/1401/2224 1353/1405/2231 1354/1406/2235
f 1354/1406/2232 1350/1402/2225 1349/1401/2224
f 1355/1407/2233 1353/1405/2231 1352/1404/2230
f 1352/1404/2230 1357/1409/2236 1355/1407/2233
f 1355/1407/2233 1357/1409/2236 1358/1410/2237
f 1358/1410/2237 1359/1411/2238 1355/1407/2233
f 1265/1317/2079 1357/1409/2236 1352/1404/2230
f 1352/1404/2230 1267/1319/2083 1265/1317/2079
f 1358/1410/2239 1357/1409/2236 1265/1317/2240
f 1265/1317/2240 1263/1315/2078 1358/1410/2237
f 1360/1412/2241 1359/1411/2238 1361/1413/2242
f 1361/1413/2242 1362/1414/2243 1360/1412/2241
f 1355/1407/2233 1359/1411/2238 1360/1412/2241
f 1360/1412/2241 1356/1408/2234 1355/1407/2233
f 1361/1413/2242 1359/1411/2238 1358/1410/2237
f 1358/1410/2239 1363/1415/2244 1361/1413/2242
f 1361/1413/2242 1363/1415/2244 1254/1306/2057
f 1254/1306/2057 1255/1307/2058 1361/1413/2242
f 1261/1313/2071 1363/1415/2244 1358/1410/2237
f 1358/1410/2239 1263/1315/2078 1261/1313/2071
f 1254/1306/2057 1363/1415/2244 1261/1313/2071
f 1261/1313/2071 1257/1309/2064 1254/1306/2057
f 1364/1416/2245 1360/1412/2241 1362/1414/2243
f 1362/1414/2243 1365/1417/2246 1364/1416/2247
f 1356/1408/2234 1360/1412/2241 1364/1416/2245
f 1364/1416/2247 1366/1418/2248 1356/1408/2234
f 1367/1419/2249 1366/1418/2248 1364/1416/2250
f 1364/1416/2245 1368/1420/2251 1367/1419/2249
f 1369/1421/2252 1366/1418/2248 1367/1419/2249
f 1367/1419/2249 1370/1422/2253 1369/1421/2254
f 1356/1408/2234 1366/1418/2248 1369/1421/2252
f 1369/1421/2254 1354/1406/2232 1356/1408/2234
f 1371/1423/2255 1369/1421/2254 1370/1422/2253
f 1370/1422/2253 1372/1424/2256 1371/1423/2257
f 1354/1406/2232 1369/1421/2254 1371/1423/2255
f 1371/1423/2255 1350/1402/2225 1354/1406/2232
f 1373/1425/2258 1371/1423/2255 1372/1424/2256
f 1372/1424/2256 1374/1426/2259 1373/1425/2258
f 1350/1402/2225 1371/1423/2257 1373/1425/2260
f 1373/1425/2258 1348/1400/2223 1350/1402/2261
f 1375/1427/2262 1373/1425/2260 1374/1426/2259
f 1374/1426/2259 1376/1428/2263 1375/1427/2262
f 1348/1400/2223 1373/1425/2260 1375/1427/2262
f 1375/1427/2262 1344/1396/2226 1348/1400/2223
f 1377/1429/2264 1375/1427/2262 1376/1428/2265
f 1376/1428/2263 1378/1430/2266 1377/1429/2264
f 1344/1396/2226 1375/1427/2262 1377/1429/2267
f 1377/1429/2264 1342/1394/2214 1344/1396/2216
f 1379/1431/2268 1377/1429/2264 1378/1430/2266
f 1378/1430/2266 1380/1432/2269 1379/1431/2270
f 1342/1394/2214 1377/1429/2264 1379/1431/2268
f 1379/1431/2270 1338/1390/2206 1342/1394/2214
f 1381/1433/2271 1379/1431/2268 1380/1432/2269
f 1380/1432/2269 1382/1434/2272 1381/1433/2271
f 1338/1390/2206 1379/1431/2273 1381/1433/2274
f 1381/1433/2271 1336/1388/2208 1338/1390/2206
f 1383/1435/2275 1381/1433/2271 1382/1434/2272
f 1382/1434/2272 1384/1436/2276 1383/1435/2277
f 1336/1388/2208 1381/1433/2271 1383/1435/2275
f 1383/1435/2275 1332/1384/2196 1336/1388/2203
f 1385/1437/2278 1383/1435/2277 1384/1436/2276
f 1384/1436/2276 1386/1438/2279 1385/1437/2278
f 1332/1384/2196 1383/1435/2275 1385/1437/2280
f 1385/1437/2278 1330/1382/2197 1332/1384/2196
f 1387/1439/2281 1385/1437/2278 1386/1438/2279
f 1386/1438/2282 1388/1440/2283 1387/1439/2281
f 1330/1382/2197 1385/1437/2278 1387/1439/2281
f 1387/1439/2281 1325/1377/2182 1330/1382/2197
f 1321/1373/2284 1387/1439/2281 1388/1440/2283
f 1388/1440/2285 1389/1441/2286 1321/1373/2284
f 1325/1377/2182 1387/1439/2281 1321/1373/2177
f 1321/1373/2177 1320/1372/2176 1325/1377/2182
f 1390/1442/2287 1389/1441/2286 1388/1440/2283
f 1388/1440/2283 1391/1443/2288 1390/1442/2287
f 1317/1369/2168 1389/1441/2286 1390/1442/2287
f 1390/1442/2287 1392/1444/2289 1317/1369/2168
f 1321/1373/2177 1389/1441/2286 1317/1369/2168
f 1317/1369/2168 1316/1368/2167 1321/1373/2177
f 1393/1445/2290 1392/1444/2289 1390/1442/2287
f 1390/1442/2287 1394/1446/2291 1393/1445/2290
f 1313/1365/2159 1392/1444/2289 1393/1445/2290
f 1393/1445/2292 1395/1447/2293 1313/1365/2294
f 1317/1369/2168 1392/1444/2289 1313/1365/2295
f 1313/1365/2294 1312/1364/2169 1317/1369/2168
f 1396/1448/2296 1395/1447/2293 1393/1445/2290
f 1393/1445/2290 1397/1449/2297 1396/1448/2296
f 1310/1362/2156 1395/1447/2293 1396/1448/2296
f 1396/1448/2296 1398/1450/2298 1310/1362/2156
f 1313/1365/2299 1395/1447/2293 1310/1362/2156
f 1310/1362/2156 1309/1361/2155 1313/1365/2159
f 1399/1451/2300 1398/1450/2301 1396/1448/2296
f 1396/1448/2296 1400/1452/2302 1399/1451/2303
f 1401/1453/2304 1398/1450/2298 1399/1451/2305
f 1399/1451/2305 1402/1454/2306 1401/1453/2307
f 1310/1362/2156 1398/1450/2298 1401/1453/2307
f 1401/1453/2307 1308/1360/2154 1310/1362/2156
f 165/169/221 1401/1453/2307 1402/1454/2306
f 1402/1454/2306 1403/1455/2308 165/169/2309
f 1308/1360/2154 1401/1453/2307 165/169/2310
f 165/169/221 158/162/211 1308/1360/2154
f 1404/1456/2311 1403/1455/2308 1402/1454/2306
f 1402/1454/2306 1405/1457/2312 1404/1456/2311
f 1406/1458/2313 1403/1455/2308 1404/1456/2311
f 1404/1456/2311 1407/1459/2314 1406/1458/2313
f 165/169/221 1403/1455/2308 1406/1458/2313
f 1406/1458/2315 164/168/224 165/169/2310
f 1408/1460/2316 1406/1458/2313 1407/1459/2314
f 1407/1459/2314 1409/1461/2317 1408/1460/2316
f 164/168/223 1406/1458/2313 1408/1460/2316
f 1408/1460/2316 167/171/225 164/168/223
f 1410/1462/2318 1408/1460/2319 1409/1461/2320
f 1409/1461/2321 1411/1463/2322 1410/1462/2318
f 167/171/225 1408/1460/2316 1410/1462/2318
f 1410/1462/2318 169/173/231 167/171/225
f 1412/1464/2323 1410/1462/2318 1411/1463/2322
f 1411/1463/2322 1413/1465/2324 1412/1464/2325
f 169/173/229 1410/1462/2318 1412/1464/2323
f 1412/1464/2325 172/176/232 169/173/231
f 1414/1466/2326 1412/1464/2325 1413/1465/2324
f 1413/1465/2324 1415/1467/2327 1414/1466/2328
f 172/176/232 1412/1464/2325 1414/1466/2326
f 1414/1466/2326 1416/1468/2329 172/176/232
f 1417/1469/2330 1416/1468/2329 1414/1466/2326
f 1414/1466/2328 1418/1470/2331 1417/1469/2330
f 1147/1195/1873 1416/1468/2329 1417/1469/2330
f 1417/1469/2330 1146/1194/1875 1147/1195/1873
f 172/176/232 1416/1468/2329 1147/1195/1873
f 1147/1195/1873 171/175/230 172/176/232
f 1153/1201/1888 1417/1469/2330 1418/1470/2331
f 1418/1470/2332 1155/1203/1892 1153/1201/2333
f 1146/1194/1872 1417/1469/2330 1153/1201/2334
f 1153/1201/2333 1149/1197/1876 1146/1194/1875
f 1419/1471/2335 1418/1470/2336 1414/1466/2326
f 1414/1466/2328 1415/1467/2337 1419/1471/2335
f 1155/1203/1889 1418/1470/2331 1419/1471/2335
f 1419/1471/2335 1157/1205/1893 1155/1203/1889
f 1420/1472/2338 1419/1471/2335 1415/1467/2327
f 1415/1467/2337 1421/1473/2339 1420/1472/2340
f 1157/1205/1893 1419/1471/2335 1420/1472/2340
f 1420/1472/2340 1422/1474/2341 1157/1205/1893
f 1423/1475/2342 1422/1474/2343 1420/1472/2340
f 1420/1472/2338 1424/1476/2344 1423/1475/2342
f 1160/1208/1898 1422/1474/2341 1423/1475/2342
f 1423/1475/2342 1425/1477/2345 1160/1208/1898
f 1157/1205/1893 1422/1474/2341 1160/1208/1898
f 1160/1208/1898 1156/1204/1891 1157/1205/1893
f 1426/1478/2346 1425/1477/2345 1423/1475/2342
f 1423/1475/2342 1427/1479/2347 1426/1478/2346
f 1163/1211/2348 1425/1477/2345 1426/1478/2346
f 1426/1478/2346 1428/1480/2349 1163/1211/2350
f 1160/1208/1898 1425/1477/2345 1163/1211/2348
f 1163/1211/2348 1159/1207/1896 1160/1208/1898
f 1429/1481/2351 1428/1480/2349 1426/1478/2352
f 1426/1478/2346 1430/1482/2353 1429/1481/2351
f 1431/1483/2354 1428/1480/2349 1429/1481/2351
f 1429/1481/2351 1432/1484/2355 1431/1483/2354
f 1163/1211/2348 1428/1480/2349 1431/1483/2354
f 1431/1483/2354 1162/1210/1906 1163/1211/2348
f 1433/1485/2356 1431/1483/2354 1432/1484/2357
f 1432/1484/2358 1434/1486/2359 1433/1485/2360
f 1162/1210/1906 1431/1483/2354 1433/1485/2361
f 1433/1485/2361 1165/1213/1908 1162/1210/1906
f 1435/1487/2362 1433/1485/2361 1434/1486/2359
f 1434/1486/2359 1436/1488/2363 1435/1487/2362
f 1165/1213/1908 1433/1485/2360 1435/1487/2364
f 1435/1487/2365 1167/1215/1911 1165/1213/1908
f 1437/1489/2366 1435/1487/2362 1436/1488/2363
f 1436/1488/2363 1438/1490/2367 1437/1489/2366
f 1167/1215/1911 1435/1487/2362 1437/1489/2366
f 1437/1489/2368 1169/1217/1914 1167/1215/1911
f 1439/1491/2369 1437/1489/2366 1438/1490/2370
f 1438/1490/2367 1440/1493/2371 1439/1491/2369
f 1169/1217/1914 1437/1489/2366 1439/1491/2369
f 1439/1491/2369 1171/1220/1916 1169/1217/1914
f 1441/1495/2372 1442/1496/2373 1443/1498/2374
f 1443/1498/2374 1444/1500/2375 1441/1495/2372
f 1174/1225/1921 1442/1496/2376 1441/1495/2372
f 1441/1495/2372 1175/1227/1922 1174/1225/1920
f 1445/1501/2377 1441/1495/2372 1444/1500/2378
f 1444/1500/2375 1446/1502/2379 1445/1501/2377
f 1175/1227/1922 1441/1495/2372 1445/1501/2377
f 1445/1501/2377 1177/1229/1926 1175/1227/1922
f 1447/1503/2380 1445/1501/2377 1446/1502/2379
f 1446/1502/2379 1448/1504/2381 1447/1503/2382
f 1177/1229/1926 1445/1501/2377 1447/1503/2383
f 1447/1503/2382 1179/1231/1931 1177/1229/1926
f 1449/1505/2384 1447/1503/2380 1448/1504/2381
f 1448/1504/2381 1450/1506/2385 1449/1505/2384
f 1179/1231/1933 1447/1503/2380 1449/1505/2384
f 1449/1505/2384 1181/1233/1938 1179/1231/1933
f 1451/1507/2386 1449/1505/2384 1450/1506/2385
f 1450/1506/2385 1452/1508/2387 1451/1507/2386
f 1181/1233/1938 1449/1505/2384 1451/1507/2388
f 1451/1507/2386 1183/1235/2389 1181/1233/1934
f 1453/1509/2390 1451/1507/2386 1452/1508/2387
f 1452/1508/2387 1454/1510/2391 1453/1509/2392
f 1183/1235/2389 1451/1507/2388 1453/1509/2392
f 1453/1509/2393 1185/1237/1942 1183/1235/1939
f 1455/1511/2394 1453/1509/2392 1454/1510/2391
f 1454/1510/2391 1456/1512/2395 1455/1511/2394
f 1185/1237/1942 1453/1509/2392 1455/1511/2394
f 1455/1511/2394 1457/1513/2396 1185/1237/1942
f 1458/1514/2397 1457/1513/2396 1455/1511/2394
f 1455/1511/2394 1459/1515/2398 1458/1514/2397
f 1188/1240/1946 1457/1513/2396 1458/1514/2397
f 1458/1514/2399 1460/1516/2400 1188/1240/1946
f 1185/1237/1942 1457/1513/2396 1188/1240/1946
f 1188/1240/2401 1184/1236/1941 1185/1237/1942
f 1461/1517/2402 1460/1516/2400 1458/1514/2397
f 1458/1514/2397 1462/1518/2403 1461/1517/2402
f 1191/1243/1951 1460/1516/2400 1461/1517/2402
f 1461/1517/2402 1463/1519/2404 1191/1243/1951
f 1188/1240/2405 1460/1516/2400 1191/1243/2406
f 1191/1243/2406 1187/1239/1944 1188/1240/1946
f 208/212/286 1463/1519/2404 1461/1517/2402
f 1461/1517/2402 1464/1520/2407 208/212/2408
f 1194/1246/2409 1463/1519/2404 208/212/2410
f 208/212/286 202/206/278 1194/1246/1955
f 1191/1243/2406 1463/1519/2404 1194/1246/1955
f 1194/1246/2409 1190/1242/1949 1191/1243/1951
f 1465/1521/2411 1464/1520/2407 1461/1517/2412
f 1461/1517/2402 1462/1518/2403 1465/1521/2411
f 1466/1522/2413 1464/1520/2407 1465/1521/2414
f 1465/1521/2414 1467/1523/2415 1466/1522/2413
f 208/212/2410 1464/1520/2407 1466/1522/2416
f 1466/1522/2413 206/210/283 208/212/286
f 1468/1524/2417 1466/1522/2413 1467/1523/2415
f 1467/1523/2415 1469/1525/2418 1468/1524/2419
f 206/210/283 1466/1522/2416 1468/1524/2417
f 1468/1524/2417 207/211/2420 206/210/284
f 1470/1526/2421 1468/1524/2419 1469/1525/2422
f 1469/1525/2418 1471/1527/2423 1470/1526/2421
f 207/211/285 1468/1524/2417 1470/1526/2424
f 1470/1526/2424 1201/1253/1966 207/211/2420
f 1472/1528/2425 1470/1526/2421 1471/1527/2423
f 1471/1527/2423 1473/1529/2426 1472/1528/2425
f 1201/1253/2427 1470/1526/2421 1472/1528/2425
f 1472/1528/2425 1200/1252/1965 1201/1253/1966
f 1474/1530/2428 1472/1528/2425 1473/1529/2429
f 1473/1529/2430 1475/1531/2431 1474/1530/2428
f 1200/1252/1965 1472/1528/2425 1474/1530/2428
f 1474/1530/2428 1203/1255/1968 1200/1252/1965
f 1476/1532/2432 1474/1530/2428 1475/1531/2431
f 1475/1531/2431 1477/1533/2433 1476/1532/2432
f 1203/1255/1968 1474/1530/2428 1476/1532/2434
f 1476/1532/2435 1205/1257/1973 1203/1255/1968
f 1478/1534/2436 1476/1532/2432 1477/1533/2433
f 1477/1533/2433 1479/1535/2437 1478/1534/2436
f 1205/1257/1971 1476/1532/2434 1478/1534/2436
f 1478/1534/2436 1207/1259/1974 1205/1257/1973
f 1480/1536/2438 1478/1534/2436 1479/1535/2437
f 1479/1535/2437 1481/1537/2439 1480/1536/2438
f 1207/1259/1974 1478/1534/2436 1480/1536/2438
f 1480/1536/2440 1482/1538/2441 1207/1259/1974
f 1483/1539/2442 1482/1538/2441 1480/1536/2440
f 1480/1536/2438 1484/1540/2443 1483/1539/2442
f 1210/1262/1979 1482/1538/2441 1483/1539/2442
f 1483/1539/2442 1485/1541/2444 1210/1262/1979
f 1207/1259/1974 1482/1538/2441 1210/1262/1979
f 1210/1262/1979 1206/1258/1972 1207/1259/1974
f 1486/1542/2445 1485/1541/2444 1483/1539/2442
f 1483/1539/2442 1487/1543/2446 1486/1542/2445
f 1488/1544/2447 1485/1541/2448 1486/1542/2445
f 1486/1542/2445 1489/1545/2449 1488/1544/2450
f 1210/1262/1979 1485/1541/2444 1488/1544/2450
f 1488/1544/2451 1209/1261/1977 1210/1262/1979
f 1490/1546/2452 1488/1544/2453 1489/1545/2454
f 1489/1545/2454 1491/1547/2455 1490/1546/2456
f 1209/1261/1977 1488/1544/2453 1490/1546/2452
f 1490/1546/2456 1212/1264/1982 1209/1261/1977
f 1492/1548/2457 1490/1546/2458 1491/1547/2455
f 1491/1547/2455 1493/1549/2459 1492/1548/2457
f 1212/1264/1982 1490/1546/2452 1492/1548/2457
f 1492/1548/2457 1214/1266/1988 1212/1264/1982
f 1494/1550/2460 1492/1548/2457 1493/1549/2461
f 1493/1549/2462 1495/1551/2463 1494/1550/2464
f 1214/1266/1988 1492/1548/2457 1494/1550/2460
f 1494/1550/2464 1216/1268/1992 1214/1266/1988
f 1496/1552/2465 1494/1550/2460 1495/1551/2466
f 1495/1551/2463 1497/1553/2467 1496/1552/2465
f 1216/1268/1992 1494/1550/2460 1496/1552/2465
f 1496/1552/2465 1498/1554/2468 1216/1268/1992
f 1216/1268/1992 1498/1554/2469 1220/1272/2470
f 1220/1272/2001 1215/1267/1991 1216/1268/1992
f 1499/1555/2471 1498/1554/2469 1496/1552/2465
f 1496/1552/2465 1500/1556/2472 1499/1555/2471
f 1220/1272/2001 1498/1554/2468 1499/1555/2473
f 1499/1555/2473 1501/1557/2474 1220/1272/2001
f 1220/1272/2001 1501/1557/2474 1225/1277/2475
f 1225/1277/2008 1219/1271/2002 1220/1272/2001
f 1502/1558/2476 1501/1557/2474 1499/1555/2473
f 1499/1555/2471 1503/1559/2477 1502/1558/2476
f 1225/1277/2008 1501/1557/2474 1502/1558/2476
f 1502/1558/2476 1504/1560/2478 1225/1277/2008
f 1225/1277/2008 1504/1560/2478 1229/1281/2014
f 1229/1281/2014 1224/1276/2007 1225/1277/2008
f 1235/1287/2025 1504/1560/2479 1502/1558/2476
f 1502/1558/2476 1237/1289/2030 1235/1287/2025
f 1229/1281/2017 1504/1560/2480 1235/1287/2025
f 1235/1287/2025 1231/1283/2020 1229/1281/2014
f 1237/1289/2030 1502/1558/2476 1503/1559/2477
f 1503/1559/2477 1505/1561/2481 1237/1289/2030
f 1506/1562/2482 1505/1561/2481 1503/1559/2477
f 1503/1559/2477 1507/1563/2483 1506/1562/2482
f 1240/1292/2484 1505/1561/2481 1506/1562/2482
f 1506/1562/2482 1508/1564/2485 1240/1292/2037
f 1237/1289/2486 1505/1561/2481 1240/1292/2037
f 1240/1292/2037 1236/1288/2036 1237/1289/2030
f 1509/1565/2487 1508/1564/2485 1506/1562/2482
f 1506/1562/2482 1510/1566/2488 1509/1565/2489
f 1243/1295/2040 1508/1564/2485 1509/1565/2490
f 1509/1565/2487 1511/1567/2491 1243/1295/2040
f 1240/1292/2037 1508/1564/2485 1243/1295/2040
f 1243/1295/2040 1239/1291/2034 1240/1292/2037
f 1512/1568/2492 1511/1567/2491 1509/1565/2490
f 1509/1565/2490 1513/1569/2493 1512/1568/2492
f 1246/1298/2044 1511/1567/2494 1512/1568/2492
f 1512/1568/2492 1514/1570/2495 1246/1298/2496
f 1243/1295/2040 1511/1567/2494 1246/1298/2496
f 1246/1298/2496 1242/1294/2039 1243/1295/2040
f 1515/1571/2497 1514/1570/2495 1512/1568/2492
f 1512/1568/2492 1516/1572/2498 1515/1571/2497
f 1249/1301/2050 1514/1570/2495 1515/1571/2497
f 1515/1571/2497 1517/1573/2499 1249/1301/2050
f 1246/1298/2496 1514/1570/2495 1249/1301/2500
f 1249/1301/2050 1245/1297/2043 1246/1298/2044
f 1518/1574/2501 1517/1573/2499 1515/1571/2497
f 1515/1571/2497 1519/1575/2502 1518/1574/2503
f 1252/1304/2053 1517/1573/2499 1518/1574/2503
f 1518/1574/2503 1520/1576/2504 1252/1304/2053
f 1249/1301/2500 1517/1573/2499 1252/1304/2053
f 1252/1304/2053 1248/1300/2048 1249/1301/2500
f 1362/1414/2243 1520/1576/2504 1518/1574/2503
f 1518/1574/2503 1365/1417/2246 1362/1414/2243
f 1255/1307/2058 1520/1576/2504 1362/1414/2243
f 1362/1414/2243 1361/1413/2505 1255/1307/2058
f 1252/1304/2053 1520/1576/2506 1255/1307/2058
f 1255/1307/2058 1251/1303/2052 1252/1304/2053
f 1365/1417/2246 1518/1574/2503 1519/1575/2507
f 1519/1575/2507 1521/1577/2508 1365/1417/2246
f 1522/1578/2509 1521/1577/2508 1519/1575/2507
f 1519/1575/2507 1523/1579/2510 1522/1578/2509
f 1368/1420/2251 1521/1577/2508 1522/1578/2509
f 1522/1578/2509 1524/1580/2511 1368/1420/2251
f 1365/1417/2246 1521/1577/2508 1368/1420/2251
f 1368/1420/2251 1364/1416/2245 1365/1417/2246
f 1525/1581/2512 1524/1580/2511 1522/1578/2509
f 1522/1578/2509 1526/1582/2513 1525/1581/2512
f 1527/1583/2514 1524/1580/2515 1525/1581/2512
f 1525/1581/2516 1528/1584/2517 1527/1583/2514
f 1368/1420/2251 1524/1580/2518 1527/1583/2514
f 1527/1583/2514 1367/1419/2249 1368/1420/2251
f 1529/1585/2519 1527/1583/2514 1528/1584/2517
f 1528/1584/2517 1530/1586/2520 1529/1585/2519
f 1367/1419/2249 1527/1583/2514 1529/1585/2519
f 1529/1585/2519 1370/1422/2253 1367/1419/2249
f 1531/1587/2521 1529/1585/2519 1530/1586/2522
f 1530/1586/2522 1532/1588/2523 1531/1587/2521
f 1370/1422/2253 1529/1585/2519 1531/1587/2521
f 1531/1587/2521 1372/1424/2256 1370/1422/2253
f 1533/1589/2524 1531/1587/2521 1532/1588/2525
f 1532/1588/2525 1534/1590/2526 1533/1589/2527
f 1372/1424/2256 1531/1587/2521 1533/1589/2527
f 1533/1589/2527 1374/1426/2528 1372/1424/2256
f 1535/1591/2529 1533/1589/2527 1534/1590/2526
f 1534/1590/2526 1536/1592/2530 1535/1591/2531
f 1374/1426/2528 1533/1589/2527 1535/1591/2531
f 1535/1591/2529 1376/1428/2263 1374/1426/2532
f 1537/1593/2533 1535/1591/2529 1536/1592/2534
f 1536/1592/2530 1538/1594/2535 1537/1593/2533
f 1376/1428/2263 1535/1591/2536 1537/1593/2533
f 1537/1593/2533 1378/1430/2266 1376/1428/2263
f 1539/1595/2537 1537/1593/2533 1538/1594/2538
f 1538/1594/2538 1540/1596/2539 1539/1595/2537
f 1378/1430/2266 1537/1593/2533 1539/1595/2537
f 1539/1595/2537 1380/1432/2269 1378/1430/2266
f 1541/1597/2540 1539/1595/2537 1540/1596/2539
f 1540/1596/2539 1542/1598/2541 1541/1597/2540
f 1380/1432/2269 1539/1595/2537 1541/1597/2540
f 1541/1597/2540 1382/1434/2272 1380/1432/2269
f 1543/1599/2542 1541/1597/2540 1542/1598/2541
f 1542/1598/2541 1544/1600/2543 1543/1599/2542
f 1382/1434/2272 1541/1597/2540 1543/1599/2542
f 1543/1599/2544 1384/1436/2276 1382/1434/2272
f 1545/1601/2545 1543/1599/2542 1544/1600/2543
f 1544/1600/2543 1546/1602/2546 1545/1601/2547
f 1384/1436/2276 1543/1599/2542 1545/1601/2547
f 1545/1601/2548 1386/1438/2279 1384/1436/2276
f 1391/1443/2549 1545/1601/2550 1546/1602/2546
f 1546/1602/2546 1547/1603/2551 1391/1443/2288
f 1386/1438/2279 1545/1601/2550 1391/1443/2549
f 1391/1443/2549 1388/1440/2285 1386/1438/2552
f 1548/1604/2553 1547/1603/2554 1546/1602/2546
f 1546/1602/2546 1549/1605/2555 1548/1604/2556
f 1394/1446/2291 1547/1603/2554 1548/1604/2556
f 1548/1604/2553 1550/1606/2557 1394/1446/2291
f 1391/1443/2558 1547/1603/2551 1394/1446/2291
f 1394/1446/2291 1390/1442/2287 1391/1443/2549
f 1551/1607/2559 1550/1606/2557 1548/1604/2560
f 1548/1604/2553 1552/1608/2561 1551/1607/2562
f 1397/1449/2563 1550/1606/2557 1551/1607/2562
f 1551/1607/2562 1553/1609/2564 1397/1449/2565
f 1394/1446/2291 1550/1606/2557 1397/1449/2563
f 1397/1449/2297 1393/1445/2290 1394/1446/2291
f 1554/1610/2566 1553/1609/2564 1551/1607/2567
f 1551/1607/2559 1555/1611/2568 1554/1610/2569
f 1400/1452/2570 1553/1609/2564 1554/1610/2566
f 1554/1610/2569 1556/1612/2571 1400/1452/2570
f 1397/1449/2563 1553/1609/2564 1400/1452/2570
f 1400/1452/2570 1396/1448/2296 1397/1449/2563
f 1557/1613/2572 1556/1612/2571 1554/1610/2566
f 1554/1610/2566 1558/1614/2573 1557/1613/2574
f 1559/1615/2575 1556/1612/2571 1557/1613/2574
f 1557/1613/2572 1560/1616/2576 1559/1615/2575
f 1400/1452/2570 1556/1612/2577 1559/1615/2575
f 1559/1615/2575 1399/1451/2303 1400/1452/2570
f 1405/1457/2578 1559/1615/2575 1560/1616/2576
f 1560/1616/2576 1561/1617/2579 1405/1457/2578
f 1399/1451/2303 1559/1615/2575 1405/1457/2312
f 1405/1457/2578 1402/1454/2306 1399/1451/2303
f 1562/1618/2580 1561/1617/2579 1560/1616/2576
f 1560/1616/2576 1563/1619/2581 1562/1618/2580
f 1564/1620/2582 1561/1617/2583 1562/1618/2580
f 1562/1618/2580 1565/1621/2584 1564/1620/2582
f 1405/1457/2578 1561/1617/2579 1564/1620/2582
f 1564/1620/2582 1404/1456/2311 1405/1457/2578
f 1566/1622/2585 1564/1620/2582 1565/1621/2584
f 1565/1621/2584 1567/1623/2586 1566/1622/2587
f 1404/1456/2311 1564/1620/2582 1566/1622/2585
f 1566/1622/2585 1407/1459/2314 1404/1456/2588
f 1568/1624/2589 1566/1622/2587 1567/1623/2586
f 1567/1623/2586 1569/1625/2590 1568/1624/2591
f 1407/1459/2314 1566/1622/2587 1568/1624/2589
f 1568/1624/2592 1409/1461/2593 1407/1459/2314
f 1570/1626/2594 1568/1624/2589 1569/1625/2595
f 1569/1625/2595 1571/1627/2596 1570/1626/2597
f 1409/1461/2320 1568/1624/2589 1570/1626/2594
f 1570/1626/2594 1411/1463/2322 1409/1461/2321
f 1572/1628/2598 1570/1626/2597 1571/1627/2596
f 1571/1627/2596 1573/1629/2599 1572/1628/2598
f 1411/1463/2322 1570/1626/2594 1572/1628/2600
f 1572/1628/2598 1413/1465/2324 1411/1463/2322
f 1421/1473/2601 1572/1628/2598 1573/1629/2599
f 1573/1629/2599 1574/1630/2602 1421/1473/2601
f 1413/1465/2603 1572/1628/2598 1421/1473/2601
f 1421/1473/2601 1415/1467/2327 1413/1465/2324
f 1575/1631/2604 1574/1630/2605 1573/1629/2599
f 1573/1629/2599 1576/1632/2606 1575/1631/2604
f 1424/1476/2344 1574/1630/2602 1575/1631/2607
f 1575/1631/2604 1577/1633/2608 1424/1476/2344
f 1421/1473/2601 1574/1630/2602 1424/1476/2344
f 1424/1476/2344 1420/1472/2338 1421/1473/2339
f 1578/1634/2609 1577/1633/2608 1575/1631/2604
f 1575/1631/2604 1579/1635/2610 1578/1634/2609
f 1427/1479/2611 1577/1633/2608 1578/1634/2609
f 1578/1634/2609 1580/1636/2612 1427/1479/2613
f 1424/1476/2344 1577/1633/2608 1427/1479/2347
f 1427/1479/2614 1423/1475/2342 1424/1476/2344
f 1581/1637/2615 1580/1636/2612 1578/1634/2609
f 1578/1634/2609 1582/1638/2616 1581/1637/2615
f 1430/1482/2353 1580/1636/2612 1581/1637/2617
f 1581/1637/2615 1583/1639/2618 1430/1482/2353
f 1427/1479/2611 1580/1636/2619 1430/1482/2353
f 1430/1482/2353 1426/1478/2346 1427/1479/2347
f 1584/1640/2620 1583/1639/2618 1581/1637/2615
f 1581/1637/2615 1585/1641/2621 1584/1640/2620
f 1586/1642/2622 1583/1639/2618 1584/1640/2620
f 1584/1640/2623 1587/1643/2624 1586/1642/2622
f 1430/1482/2353 1583/1639/2618 1586/1642/2622
f 1586/1642/2622 1429/1481/2351 1430/1482/2353
f 1588/1644/2625 1586/1642/2622 1587/1643/2626
f 1587/1643/2627 1589/1645/2628 1588/1644/2625
f 1429/1481/2351 1586/1642/2622 1588/1644/2625
f 1588/1644/2625 1432/1484/2629 1429/1481/2351
f 1590/1646/2630 1588/1644/2631 1589/1645/2628
f 1589/1645/2628 1591/1647/2632 1590/1646/2630
f 1432/1484/2357 1588/1644/2625 1590/1646/2633
f 1590/1646/2633 1434/1486/2359 1432/1484/2357
f 1592/1648/2634 1590/1646/2630 1591/1647/2632
f 1591/1647/2635 1593/1649/2636 1592/1648/2637
f 1434/1486/2359 1590/1646/2630 1592/1648/2637
f 1592/1648/2638 1436/1488/2363 1434/1486/2639
f 1594/1650/2640 1592/1648/2634 1593/1649/2636
f 1593/1649/2636 1595/1651/2641 1594/1650/2640
f 1436/1488/2363 1592/1648/2637 1594/1650/2640
f 1594/1650/2640 1438/1490/2370 1436/1488/2363
f 1596/1652/2642 1594/1650/2640 1595/1651/2641
f 1595/1651/2641 1597/1654/2643 1596/1652/2644
f 1438/1490/2370 1594/1650/2640 1596/1652/2645
f 1596/1652/2645 1440/1493/2371 1438/1490/2370
f 1598/1656/2646 1599/1657/2647 1600/1659/2648
f 1600/1659/2648 1601/1661/2649 1598/1656/2646
f 1443/1498/2374 1599/1657/2650 1598/1656/2646
f 1598/1656/2646 1444/1500/2375 1443/1498/2374
f 1602/1662/2651 1598/1656/2646 1601/1661/2649
f 1601/1661/2649 1603/1663/2652 1602/1662/2653
f 1444/1500/2375 1598/1656/2646 1602/1662/2651
f 1602/1662/2653 1446/1502/2654 1444/1500/2375
f 1604/1664/2655 1602/1662/2651 1603/1663/2652
f 1603/1663/2652 1605/1665/2656 1604/1664/2657
f 1446/1502/2379 1602/1662/2653 1604/1664/2657
f 1604/1664/2657 1448/1504/2381 1446/1502/2379
f 1606/1666/2658 1604/1664/2655 1605/1665/2656
f 1605/1665/2656 1607/1667/2659 1606/1666/2658
f 1448/1504/2381 1604/1664/2657 1606/1666/2660
f 1606/1666/2660 1450/1506/2385 1448/1504/2381
f 1608/1668/2661 1606/1666/2662 1607/1667/2663
f 1607/1667/2663 1609/1669/2664 1608/1668/2661
f 1450/1506/2385 1606/1666/2658 1608/1668/2665
f 1608/1668/2666 1452/1508/2387 1450/1506/2385
f 1610/1670/2667 1608/1668/2666 1609/1669/2664
f 1609/1669/2664 1611/1671/2668 1610/1670/2669
f 1452/1508/2387 1608/1668/2666 1610/1670/2667
f 1610/1670/2667 1454/1510/2391 1452/1508/2387
f 1612/1672/2670 1610/1670/2669 1611/1671/2668
f 1611/1671/2668 1613/1673/2671 1612/1672/2670
f 1454/1510/2391 1610/1670/2669 1612/1672/2670
f 1612/1672/2670 1456/1512/2395 1454/1510/2391
f 1614/1674/2672 1612/1672/2670 1613/1673/2671
f 1613/1673/2671 1615/1675/2673 1614/1674/2672
f 1456/1512/2395 1612/1672/2670 1614/1674/2672
f 1614/1674/2672 1616/1676/2674 1456/1512/2395
f 1617/1677/2675 1616/1676/2674 1614/1674/2672
f 1614/1674/2672 1618/1678/2676 1617/1677/2677
f 1459/1515/2398 1616/1676/2678 1617/1677/2679
f 1617/1677/2679 1619/1679/2680 1459/1515/2398
f 1456/1512/2395 1616/1676/2674 1459/1515/2398
f 1459/1515/2398 1455/1511/2394 1456/1512/2395
f 212/216/291 1619/1679/2681 1617/1677/2679
f 1617/1677/2677 209/213/287 212/216/291
f 1462/1518/2403 1619/1679/2680 212/216/2682
f 212/216/291 1465/1521/2411 1462/1518/2403
f 1459/1515/2398 1619/1679/2680 1462/1518/2403
f 1462/1518/2403 1458/1514/2397 1459/1515/2398
f 209/213/287 1617/1677/2675 1618/1678/2676
f 1618/1678/2676 215/219/295 209/213/292
f 1620/1680/2683 1618/1678/2676 1614/1674/2672
f 1614/1674/2672 1615/1675/2673 1620/1680/2684
f 215/219/295 1618/1678/2676 1620/1680/2683
f 1620/1680/2683 226/230/308 215/219/295
f 1621/1681/2685 1620/1680/2683 1615/1675/2673
f 1615/1675/2673 1622/1682/2686 1621/1681/2685
f 226/230/308 1620/1680/2684 1621/1681/2685
f 1621/1681/2685 1623/1683/2687 226/230/308
f 1624/1684/2688 1623/1683/2687 1621/1681/2689
f 1621/1681/2685 1625/1685/2690 1624/1684/2691
f 1626/1686/2692 1623/1683/2687 1624/1684/2693
f 1624/1684/2693 1627/1687/2694 1626/1686/2692
f 226/230/308 1623/1683/2695 1626/1686/2692
f 1626/1686/2692 225/229/307 226/230/308
f 1628/1688/2696 1626/1686/2692 1627/1687/2694
f 1627/1687/2694 1629/1689/2697 1628/1688/2696
f 225/229/307 1626/1686/2692 1628/1688/2696
f 1628/1688/2696 227/231/310 225/229/307
f 1630/1690/2698 1628/1688/2696 1629/1689/2697
f 1629/1689/2697 1631/1691/2699 1630/1690/2698
f 227/231/310 1628/1688/2696 1630/1690/2700
f 1630/1690/2700 1632/1692/2701 227/231/2702
f 1633/1693/2703 1632/1692/2701 1630/1690/2704
f 1630/1690/2700 1634/1694/2705 1633/1693/2703
f 1635/1695/2706 1632/1692/2701 1633/1693/2703
f 1633/1693/2703 1636/1696/2707 1635/1695/2706
f 227/231/2702 1632/1692/2701 1635/1695/2706
f 1635/1695/2706 223/227/305 227/231/310
f 1637/1697/2708 1635/1695/2706 1636/1696/2707
f 1636/1696/2707 1638/1698/2709 1637/1697/2710
f 223/227/309 1635/1695/2706 1637/1697/2711
f 1637/1697/2710 224/228/306 223/227/305
f 1473/1529/2426 1637/1697/2710 1638/1698/2712
f 1638/1698/2709 1475/1531/2431 1473/1529/2430
f 224/228/306 1637/1697/2710 1473/1529/2426
f 1473/1529/2426 1471/1527/2423 224/228/306
f 1639/1699/2713 1638/1698/2709 1636/1696/2707
f 1636/1696/2707 1640/1700/2714 1639/1699/2715
f 1475/1531/2431 1638/1698/2709 1639/1699/2713
f 1639/1699/2715 1477/1533/2716 1475/1531/2431
f 1641/1701/2717 1639/1699/2713 1640/1700/2714
f 1640/1700/2714 1642/1702/2718 1641/1701/2719
f 1477/1533/2433 1639/1699/2715 1641/1701/2719
f 1641/1701/2720 1479/1535/2437 1477/1533/2433
f 1643/1703/2721 1641/1701/2719 1642/1702/2718
f 1642/1702/2722 1644/1704/2723 1643/1703/2724
f 1479/1535/2725 1641/1701/2720 1643/1703/2721
f 1643/1703/2721 1481/1537/2439 1479/1535/2437
f 1645/1705/2726 1643/1703/2721 1644/1704/2727
f 1644/1704/2727 1646/1706/2728 1645/1705/2726
f 1481/1537/2439 1643/1703/2721 1645/1705/2726
f 1645/1705/2726 1647/1707/2729 1481/1537/2439
f 1648/1708/2730 1647/1707/2729 1645/1705/2731
f 1645/1705/2726 1649/1709/2732 1648/1708/2730
f 1484/1540/2733 1647/1707/2729 1648/1708/2730
f 1648/1708/2734 1650/1710/2735 1484/1540/2733
f 1481/1537/2439 1647/1707/2729 1484/1540/2733
f 1484/1540/2736 1480/1536/2440 1481/1537/2439
f 1651/1711/2737 1650/1710/2735 1648/1708/2730
f 1648/1708/2730 1652/1712/2738 1651/1711/2737
f 1487/1543/2446 1650/1710/2735 1651/1711/2737
f 1651/1711/2737 1653/1713/2739 1487/1543/2446
f 1484/1540/2740 1650/1710/2735 1487/1543/2446
f 1487/1543/2446 1483/1539/2442 1484/1540/2443
f 1654/1714/2741 1653/1713/2739 1651/1711/2737
f 1651/1711/2737 1655/1715/2742 1654/1714/2741
f 1656/1716/2743 1653/1713/2739 1654/1714/2741
f 1654/1714/2741 1657/1717/2744 1656/1716/2743
f 1487/1543/2446 1653/1713/2739 1656/1716/2743
f 1656/1716/2745 1486/1542/2445 1487/1543/2446
f 1658/1718/2746 1656/1716/2743 1657/1717/2744
f 1657/1717/2744 1659/1719/2747 1658/1718/2746
f 1486/1542/2445 1656/1716/2743 1658/1718/2746
f 1658/1718/2746 1489/1545/2449 1486/1542/2445
f 1660/1720/2748 1658/1718/2746 1659/1719/2747
f 1659/1719/2749 1661/1721/2750 1660/1720/2748
f 1489/1545/2449 1658/1718/2746 1660/1720/2751
f 1660/1720/2748 1491/1547/2455 1489/1545/2454
f 1662/1722/2752 1660/1720/2748 1661/1721/2750
f 1661/1721/2750 1663/1723/2753 1662/1722/2754
f 1491/1547/2455 1660/1720/2748 1662/1722/2752
f 1662/1722/2755 1493/1549/2461 1491/1547/2455
f 1664/1724/2756 1662/1722/2755 1663/1723/2757
f 1663/1723/2757 1665/1725/2758 1664/1724/2759
f 1493/1549/2459 1662/1722/2755 1664/1724/2756
f 1664/1724/2756 1495/1551/2463 1493/1549/2461
f 1666/1726/2760 1664/1724/2756 1665/1725/2758
f 1665/1725/2758 1667/1727/2761 1666/1726/2760
f 1495/1551/2466 1664/1724/2756 1666/1726/2760
f 1666/1726/2760 1497/1553/2762 1495/1551/2463
f 1668/1728/2763 1666/1726/2760 1667/1727/2764
f 1667/1727/2761 1669/1729/2765 1668/1728/2766
f 1497/1553/2467 1666/1726/2760 1668/1728/2763
f 1668/1728/2763 1670/1730/2767 1497/1553/2762
f 1497/1553/2467 1670/1730/2767 1500/1556/2472
f 1500/1556/2472 1496/1552/2465 1497/1553/2467
f 1671/1731/2768 1670/1730/2767 1668/1728/2763
f 1668/1728/2763 1672/1732/2769 1671/1731/2768
f 1500/1556/2472 1670/1730/2767 1671/1731/2768
f 1671/1731/2768 1507/1563/2483 1500/1556/2472
f 1510/1566/2488 1671/1731/2768 1672/1732/2769
f 1672/1732/2770 1673/1733/2771 1510/1566/2488
f 1507/1563/2483 1671/1731/2768 1510/1566/2488
f 1510/1566/2488 1506/1562/2482 1507/1563/2483
f 1674/1734/2772 1673/1733/2773 1672/1732/2769
f 1672/1732/2769 1675/1735/2774 1674/1734/2772
f 1513/1569/2493 1673/1733/2771 1674/1734/2772
f 1674/1734/2772 1676/1736/2775 1513/1569/2776
f 1510/1566/2488 1673/1733/2771 1513/1569/2493
f 1513/1569/2493 1509/1565/2777 1510/1566/2488
f 1677/1737/2778 1676/1736/2775 1674/1734/2772
f 1674/1734/2772 1678/1738/2779 1677/1737/2778
f 1516/1572/2498 1676/1736/2780 1677/1737/2778
f 1677/1737/2778 1523/1579/2510 1516/1572/2781
f 1513/1569/2782 1676/1736/2775 1516/1572/2498
f 1516/1572/2498 1512/1568/2492 1513/1569/2493
f 1526/1582/2513 1677/1737/2778 1678/1738/2779
f 1678/1738/2779 1679/1739/2783 1526/1582/2513
f 1523/1579/2510 1677/1737/2778 1526/1582/2513
f 1526/1582/2513 1522/1578/2509 1523/1579/2510
f 1680/1740/2784 1679/1739/2783 1678/1738/2779
f 1678/1738/2779 1681/1741/2785 1680/1740/2784
f 1682/1742/2786 1679/1739/2783 1680/1740/2784
f 1680/1740/2784 1683/1743/2787 1682/1742/2786
f 1526/1582/2513 1679/1739/2783 1682/1742/2786
f 1682/1742/2786 1525/1581/2512 1526/1582/2513
f 1684/1744/2788 1682/1742/2786 1683/1743/2787
f 1683/1743/2787 1685/1745/2789 1684/1744/2788
f 1525/1581/2512 1682/1742/2786 1684/1744/2788
f 1684/1744/2788 1528/1584/2517 1525/1581/2512
f 1686/1746/2790 1684/1744/2788 1685/1745/2789
f 1685/1745/2789 1687/1747/2791 1686/1746/2790
f 1528/1584/2517 1684/1744/2792 1686/1746/2790
f 1686/1746/2790 1530/1586/2522 1528/1584/2517
f 1688/1748/2793 1686/1746/2794 1687/1747/2795
f 1687/1747/2795 1689/1749/2796 1688/1748/2793
f 1530/1586/2522 1686/1746/2790 1688/1748/2793
f 1688/1748/2793 1532/1588/2523 1530/1586/2522
f 1690/1750/2797 1688/1748/2798 1689/1749/2799
f 1689/1749/2796 1691/1751/2800 1690/1750/2797
f 1532/1588/2523 1688/1748/2793 1690/1750/2797
f 1690/1750/2797 1534/1590/2801 1532/1588/2523
f 1692/1752/2802 1690/1750/2797 1691/1751/2800
f 1691/1751/2800 1693/1753/2803 1692/1752/2802
f 1534/1590/2526 1690/1750/2797 1692/1752/2802
f 1692/1752/2802 1536/1592/2534 1534/1590/2801
f 1694/1754/2804 1692/1752/2802 1693/1753/2803
f 1693/1753/2803 1695/1755/2805 1694/1754/2804
f 1536/1592/2534 1692/1752/2802 1694/1754/2804
f 1694/1754/2804 1538/1594/2535 1536/1592/2534
f 1696/1756/2806 1694/1754/2804 1695/1755/2805
f 1695/1755/2805 1697/1757/2807 1696/1756/2806
f 1538/1594/2535 1694/1754/2804 1696/1756/2806
f 1696/1756/2806 1540/1596/2808 1538/1594/2535
f 1698/1758/2809 1696/1756/2806 1697/1757/2807
f 1697/1757/2807 1699/1759/2810 1698/1758/2809
f 1540/1596/2539 1696/1756/2806 1698/1758/2811
f 1698/1758/2809 1542/1598/2541 1540/1596/2539
f 1700/1760/2812 1698/1758/2813 1699/1759/2810
f 1699/1759/2810 1701/1761/2814 1700/1760/2812
f 1542/1598/2541 1698/1758/2809 1700/1760/2815
f 1700/1760/2815 1544/1600/2543 1542/1598/2541
f 1549/1605/2555 1700/1760/2815 1701/1761/2814
f 1701/1761/2814 1702/1762/2816 1549/1605/2817
f 1544/1600/2543 1700/1760/2812 1549/1605/2817
f 1549/1605/2555 1546/1602/2546 1544/1600/2543
f 1703/1763/2818 1702/1762/2816 1701/1761/2814
f 1701/1761/2814 1704/1764/2819 1703/1763/2818
f 1552/1608/2561 1702/1762/2816 1703/1763/2818
f 1703/1763/2818 1705/1765/2820 1552/1608/2561
f 1549/1605/2821 1702/1762/2816 1552/1608/2561
f 1552/1608/2561 1548/1604/2556 1549/1605/2821
f 1706/1766/2822 1705/1765/2820 1703/1763/2818
f 1703/1763/2818 1707/1767/2823 1706/1766/2822
f 1555/1611/2824 1705/1765/2820 1706/1766/2822
f 1706/1766/2822 1708/1768/2825 1555/1611/2824
f 1552/1608/2561 1705/1765/2820 1555/1611/2824
f 1555/1611/2824 1551/1607/2826 1552/1608/2561
f 1709/1769/2827 1708/1768/2825 1706/1766/2822
f 1706/1766/2822 1710/1770/2828 1709/1769/2827
f 1558/1614/2573 1708/1768/2825 1709/1769/2827
f 1709/1769/2827 1711/1771/2829 1558/1614/2830
f 1555/1611/2824 1708/1768/2831 1558/1614/2830
f 1558/1614/2573 1554/1610/2566 1555/1611/2824
f 1712/1772/2832 1711/1771/2829 1709/1769/2827
f 1709/1769/2827 1713/1773/2833 1712/1772/2834
f 1714/1774/2835 1711/1771/2836 1712/1772/2834
f 1712/1772/2834 1715/1775/2837 1714/1774/2835
f 1558/1614/2573 1711/1771/2836 1714/1774/2838
f 1714/1774/2835 1557/1613/2572 1558/1614/2830
f 1563/1619/2581 1714/1774/2835 1715/1775/2837
f 1715/1775/2837 1716/1776/2839 1563/1619/2581
f 1557/1613/2572 1714/1774/2838 1563/1619/2840
f 1563/1619/2581 1560/1616/2576 1557/1613/2572
f 1717/1777/2841 1716/1776/2839 1715/1775/2837
f 1715/1775/2837 1718/1778/2842 1717/1777/2841
f 1719/1779/2843 1716/1776/2839 1717/1777/2844
f 1717/1777/2841 1720/1780/2845 1719/1779/2843
f 1563/1619/2581 1716/1776/2839 1719/1779/2843
f 1719/1779/2843 1562/1618/2580 1563/1619/2581
f 1721/1781/2846 1719/1779/2843 1720/1780/2847
f 1720/1780/2845 1722/1782/2848 1721/1781/2846
f 1562/1618/2580 1719/1779/2849 1721/1781/2846
f 1721/1781/2846 1565/1621/2584 1562/1618/2580
f 1723/1783/2850 1721/1781/2851 1722/1782/2848
f 1722/1782/2848 1724/1784/2852 1723/1783/2850
f 1565/1621/2584 1721/1781/2846 1723/1783/2850
f 1723/1783/2850 1567/1623/2586 1565/1621/2584
f 1725/1785/2853 1723/1783/2850 1724/1784/2854
f 1724/1784/2854 1726/1786/2855 1725/1785/2853
f 1567/1623/2856 1723/1783/2850 1725/1785/2853
f 1725/1785/2853 1569/1625/2595 1567/1623/2856
f 1727/1787/2857 1725/1785/2853 1726/1786/2855
f 1726/1786/2855 1728/1788/2858 1727/1787/2859
f 1569/1625/2590 1725/1785/2853 1727/1787/2857
f 1727/1787/2859 1571/1627/2596 1569/1625/2595
f 1576/1632/2860 1727/1787/2857 1728/1788/2861
f 1728/1788/2858 1729/1789/2862 1576/1632/2860
f 1571/1627/2596 1727/1787/2857 1576/1632/2606
f 1576/1632/2606 1573/1629/2599 1571/1627/2596
f 1730/1790/2863 1729/1789/2862 1728/1788/2858
f 1728/1788/2861 1731/1791/2864 1730/1790/2863
f 1579/1635/2610 1729/1789/2862 1730/1790/2865
f 1730/1790/2863 1732/1792/2866 1579/1635/2867
f 1576/1632/2606 1729/1789/2862 1579/1635/2867
f 1579/1635/2610 1575/1631/2604 1576/1632/2860
f 1733/1793/2868 1732/1792/2866 1730/1790/2863
f 1730/1790/2863 1734/1794/2869 1733/1793/2868
f 1582/1638/2616 1732/1792/2866 1733/1793/2868
f 1733/1793/2870 1735/1795/2871 1582/1638/2616
f 1579/1635/2867 1732/1792/2866 1582/1638/2872
f 1582/1638/2616 1578/1634/2609 1579/1635/2867
f 1736/1796/2873 1735/1795/2871 1733/1793/2868
f 1733/1793/2868 1737/1797/2874 1736/1796/2873
f 1585/1641/2875 1735/1795/2871 1736/1796/2873
f 1736/1796/2873 1738/1798/2876 1585/1641/2877
f 1582/1638/2616 1735/1795/2871 1585/1641/2621
f 1585/1641/2875 1581/1637/2615 1582/1638/2616
f 1739/1799/2878 1738/1798/2876 1736/1796/2879
f 1736/1796/2873 1740/1800/2880 1739/1799/2878
f 1741/1801/2881 1738/1798/2876 1739/1799/2878
f 1739/1799/2878 1742/1802/2882 1741/1801/2883
f 1585/1641/2884 1738/1798/2876 1741/1801/2883
f 1741/1801/2883 1584/1640/2885 1585/1641/2884
f 1743/1803/2886 1741/1801/2883 1742/1802/2882
f 1742/1802/2887 1744/1804/2888 1743/1803/2889
f 1584/1640/2620 1741/1801/2883 1743/1803/2886
f 1743/1803/2886 1587/1643/2627 1584/1640/2885
f 1745/1805/2890 1743/1803/2886 1744/1804/2888
f 1744/1804/2888 1746/1806/2891 1745/1805/2892
f 1587/1643/2626 1743/1803/2886 1745/1805/2892
f 1745/1805/2892 1589/1645/2628 1587/1643/2624
f 1747/1807/2893 1745/1805/2892 1746/1806/2891
f 1746/1806/2891 1748/1808/2894 1747/1807/2893
f 1589/1645/2628 1745/1805/2892 1747/1807/2893
f 1747/1807/2895 1591/1647/2632 1589/1645/2628
f 1749/1809/2896 1747/1807/2893 1748/1808/2894
f 1748/1808/2894 1750/1810/2897 1749/1809/2896
f 1591/1647/2632 1747/1807/2895 1749/1809/2896
f 1749/1809/2896 1593/1649/2636 1591/1647/2632
f 1751/1811/2898 1749/1809/2896 1750/1810/2897
f 1750/1810/2897 1752/1812/2899 1751/1811/2898
f 1593/1649/2636 1749/1809/2896 1751/1811/2898
f 1751/1811/2898 1595/1651/2641 1593/1649/2636
f 1753/1813/2900 1751/1811/2898 1752/1812/2901
f 1752/1812/2902 1754/1815/2903 1753/1813/2900
f 1595/1651/2641 1751/1811/2898 1753/1813/2900
f 1753/1813/2904 1597/1654/2643 1595/1651/2641
f 1755/1817/2905 1756/1818/2906 1757/1820/2907
f 1757/1820/2908 1758/1822/2909 1755/1817/2905
f 1600/1659/2648 1756/1818/2906 1755/1817/2910
f 1755/1817/2910 1601/1661/2911 1600/1659/2912
f 1759/1823/2913 1755/1817/2905 1758/1822/2909
f 1758/1822/2909 1760/1824/2914 1759/1823/2915
f 1601/1661/2911 1755/1817/2905 1759/1823/2913
f 1759/1823/2913 1603/1663/2652 1601/1661/2649
f 1761/1825/2916 1759/1823/2913 1760/1824/2914
f 1760/1824/2917 1762/1826/2918 1761/1825/2916
f 1603/1663/2652 1759/1823/2919 1761/1825/2916
f 1761/1825/2916 1605/1665/2656 1603/1663/2652
f 1763/1827/2920 1761/1825/2916 1762/1826/2921
f 1762/1826/2921 1764/1828/2922 1763/1827/2923
f 1605/1665/2924 1761/1825/2916 1763/1827/2923
f 1763/1827/2923 1607/1667/2663 1605/1665/2656
f 1765/1829/2925 1763/1827/2920 1764/1828/2922
f 1764/1828/2922 1766/1830/2926 1765/1829/2927
f 1607/1667/2663 1763/1827/2923 1765/1829/2925
f 1765/1829/2927 1609/1669/2664 1607/1667/2663
f 1767/1831/2928 1765/1829/2929 1766/1830/2930
f 1766/1830/2926 1768/1832/2931 1767/1831/2932
f 1609/1669/2664 1765/1829/2933 1767/1831/2928
f 1767/1831/2928 1611/1671/2668 1609/1669/2664
f 1769/1833/2934 1767/1831/2928 1768/1832/2931
f 1768/1832/2931 1770/1834/2935 1769/1833/2934
f 1611/1671/2668 1767/1831/2928 1769/1833/2936
f 1769/1833/2937 1613/1673/2671 1611/1671/2938
f 1622/1682/2939 1769/1833/2937 1770/1834/2935
f 1770/1834/2935 1771/1835/2940 1622/1682/2686
f 1613/1673/2671 1769/1833/2937 1622/1682/2686
f 1622/1682/2939 1615/1675/2673 1613/1673/2671
f 1772/1836/2941 1771/1835/2940 1770/1834/2935
f 1770/1834/2935 1773/1837/2942 1772/1836/2941
f 1625/1685/2690 1771/1835/2940 1772/1836/2943
f 1772/1836/2941 1774/1838/2944 1625/1685/2690
f 1622/1682/2686 1771/1835/2940 1625/1685/2690
f 1625/1685/2690 1621/1681/2685 1622/1682/2686
f 1775/1839/2945 1774/1838/2946 1772/1836/2941
f 1772/1836/2947 1776/1840/2948 1775/1839/2945
f 1777/1841/2949 1774/1838/2946 1775/1839/2945
f 1775/1839/2945 1778/1842/2950 1777/1841/2949
f 1625/1685/2690 1774/1838/2946 1777/1841/2951
f 1777/1841/2951 1624/1684/2688 1625/1685/2690
f 1779/1843/2952 1777/1841/2951 1778/1842/2950
f 1778/1842/2950 1780/1844/2953 1779/1843/2952
f 1624/1684/2693 1777/1841/2951 1779/1843/2952
f 1779/1843/2952 1627/1687/2694 1624/1684/2693
f 1781/1845/2954 1779/1843/2952 1780/1844/2953
f 1780/1844/2953 1782/1846/2955 1781/1845/2954
f 1627/1687/2694 1779/1843/2952 1781/1845/2956
f 1781/1845/2954 1629/1689/2697 1627/1687/2694
f 1783/1847/2957 1781/1845/2954 1782/1846/2958
f 1782/1846/2955 1784/1848/2959 1783/1847/2957
f 1629/1689/2697 1781/1845/2954 1783/1847/2957
f 1783/1847/2957 1631/1691/2960 1629/1689/2697
f 1785/1849/2961 1783/1847/2957 1784/1848/2959
f 1784/1848/2959 1786/1850/2962 1785/1849/2961
f 1631/1691/2699 1783/1847/2957 1785/1849/2963
f 1785/1849/2964 1787/1851/2965 1631/1691/2699
f 1788/1852/2966 1787/1851/2965 1785/1849/2961
f 1785/1849/2961 1789/1853/2967 1788/1852/2968
f 1634/1694/2705 1787/1851/2965 1788/1852/2966
f 1788/1852/2966 1790/1854/2969 1634/1694/2705
f 1631/1691/2960 1787/1851/2965 1634/1694/2705
f 1634/1694/2705 1630/1690/2700 1631/1691/2960
f 1791/1855/2970 1790/1854/2969 1788/1852/2968
f 1788/1852/2971 1792/1856/2972 1791/1855/2970
f 1793/1857/2973 1790/1854/2969 1791/1855/2970
f 1791/1855/2970 1794/1858/2974 1793/1857/2973
f 1634/1694/2705 1790/1854/2975 1793/1857/2973
f 1793/1857/2973 1633/1693/2703 1634/1694/2705
f 1640/1700/2714 1793/1857/2973 1794/1858/2974
f 1794/1858/2974 1642/1702/2722 1640/1700/2714
f 1633/1693/2703 1793/1857/2973 1640/1700/2714
f 1640/1700/2714 1636/1696/2707 1633/1693/2703
f 1795/1859/2976 1794/1858/2974 1791/1855/2970
f 1791/1855/2970 1796/1860/2977 1795/1859/2978
f 1642/1702/2979 1794/1858/2974 1795/1859/2980
f 1795/1859/2980 1644/1704/2727 1642/1702/2718
f 1797/1861/2981 1795/1859/2978 1796/1860/2982
f 1796/1860/2977 1798/1862/2983 1797/1861/2984
f 1644/1704/2727 1795/1859/2978 1797/1861/2981
f 1797/1861/2981 1646/1706/2728 1644/1704/2727
f 1799/1863/2985 1797/1861/2981 1798/1862/2983
f 1798/1862/2983 1800/1864/2986 1799/1863/2987
f 1646/1706/2728 1797/1861/2981 1799/1863/2988
f 1799/1863/2987 1801/1865/2989 1646/1706/2728
f 1802/1866/2990 1801/1865/2991 1799/1863/2992
f 1799/1863/2985 1803/1867/2993 1802/1866/2990
f 1649/1709/2994 1801/1865/2991 1802/1866/2990
f 1802/1866/2990 1804/1868/2995 1649/1709/2996
f 1646/1706/2728 1801/1865/2989 1649/1709/2732
f 1649/1709/2732 1645/1705/2731 1646/1706/2728
f 1805/1869/2997 1804/1868/2998 1802/1866/2990
f 1802/1866/2990 1806/1870/2999 1805/1869/3000
f 1652/1712/3001 1804/1868/2995 1805/1869/2997
f 1805/1869/2997 1807/1871/3002 1652/1712/2738
f 1649/1709/2994 1804/1868/2998 1652/1712/3001
f 1652/1712/3001 1648/1708/2734 1649/1709/2732
f 1808/1872/3003 1807/1871/3002 1805/1869/2997
f 1805/1869/2997 1809/1873/3004 1808/1872/3003
f 1655/1715/2742 1807/1871/3005 1808/1872/3003
f 1808/1872/3003 1810/1874/3006 1655/1715/2742
f 1652/1712/2738 1807/1871/3005 1655/1715/3007
f 1655/1715/2742 1651/1711/2737 1652/1712/2738
f 1811/1875/3008 1810/1874/3009 1808/1872/3003
f 1808/1872/3003 1812/1876/3010 1811/1875/3008
f 1813/1877/3011 1810/1874/3006 1811/1875/3012
f 1811/1875/3012 1814/1878/3013 1813/1877/3011
f 1655/1715/2742 1810/1874/3006 1813/1877/3011
f 1813/1877/3011 1654/1714/2741 1655/1715/2742
f 1815/1879/3014 1813/1877/3011 1814/1878/3015
f 1814/1878/3016 1816/1880/3017 1815/1879/3018
f 1654/1714/2741 1813/1877/3011 1815/1879/3014
f 1815/1879/3014 1657/1717/3019 1654/1714/2741
f 1817/1881/3020 1815/1879/3014 1816/1880/3017
f 1816/1880/3021 1818/1882/3022 1817/1881/3020
f 1657/1717/3023 1815/1879/3018 1817/1881/3024
f 1817/1881/3024 1659/1719/2747 1657/1717/3023
f 1819/1883/3025 1817/1881/3020 1818/1882/3026
f 1818/1882/3026 1820/1884/3027 1819/1883/3025
f 1659/1719/2747 1817/1881/3020 1819/1883/3025
f 1819/1883/3025 1661/1721/2750 1659/1719/2747
f 1821/1885/3028 1819/1883/3025 1820/1884/3029
f 1820/1884/3027 1822/1886/3030 1821/1885/3028
f 1661/1721/2750 1819/1883/3025 1821/1885/3028
f 1821/1885/3028 1663/1723/2757 1661/1721/2750
f 1823/1887/3031 1821/1885/3028 1822/1886/3030
f 1822/1886/3032 1824/1888/3033 1823/1887/3031
f 1663/1723/2757 1821/1885/3028 1823/1887/3031
f 1823/1887/3031 1665/1725/2758 1663/1723/2757
f 1825/1889/3034 1823/1887/3031 1824/1888/3033
f 1824/1888/3035 1826/1890/3036 1825/1889/3037
f 1665/1725/2758 1823/1887/3031 1825/1889/3037
f 1825/1889/3037 1667/1727/2761 1665/1725/2758
f 1827/1891/3038 1825/1889/3037 1826/1890/3036
f 1826/1890/3036 1828/1892/3039 1827/1891/3040
f 1667/1727/2761 1825/1889/3037 1827/1891/3040
f 1827/1891/3038 1669/1729/2765 1667/1727/3041
f 1681/1741/3042 1827/1891/3040 1828/1892/3039
f 1828/1892/3039 1680/1740/2784 1681/1741/2785
f 1669/1729/3043 1827/1891/3040 1681/1741/2785
f 1681/1741/2785 1675/1735/2774 1669/1729/2765
f 1829/1893/3044 1828/1892/3039 1826/1890/3036
f 1826/1890/3045 1830/1894/3046 1829/1893/3044
f 1680/1740/2784 1828/1892/3047 1829/1893/3044
f 1829/1893/3044 1683/1743/2787 1680/1740/2784
f 1831/1895/3048 1829/1893/3044 1830/1894/3049
f 1830/1894/3046 1832/1896/3050 1831/1895/3048
f 1683/1743/2787 1829/1893/3044 1831/1895/3048
f 1831/1895/3051 1685/1745/2789 1683/1743/2787
f 1833/1897/3052 1831/1895/3048 1832/1896/3050
f 1832/1896/3050 1834/1898/3053 1833/1897/3052
f 1685/1745/2789 1831/1895/3048 1833/1897/3052
f 1833/1897/3052 1687/1747/2795 1685/1745/2789
f 1835/1899/3054 1833/1897/3052 1834/1898/3053
f 1834/1898/3053 1836/1900/3055 1835/1899/3054
f 1687/1747/2795 1833/1897/3052 1835/1899/3054
f 1835/1899/3054 1689/1749/2796 1687/1747/2795
f 1837/1901/3056 1835/1899/3054 1836/1900/3057
f 1836/1900/3055 1838/1902/3058 1837/1901/3056
f 1689/1749/2799 1835/1899/3054 1837/1901/3056
f 1837/1901/3056 1691/1751/2800 1689/1749/2799
f 1839/1903/3059 1837/1901/3056 1838/1902/3058
f 1838/1902/3058 1840/1904/3060 1839/1903/3059
f 1691/1751/2800 1837/1901/3061 1839/1903/3062
f 1839/1903/3062 1693/1753/2803 1691/1751/2800
f 1841/1905/3063 1839/1903/3059 1840/1904/3064
f 1840/1904/3060 1842/1906/3065 1841/1905/3063
f 1693/1753/2803 1839/1903/3059 1841/1905/3063
f 1841/1905/3063 1695/1755/2805 1693/1753/3066
f 1843/1907/3067 1841/1905/3063 1842/1906/3065
f 1842/1906/3065 1844/1908/3068 1843/1907/3069
f 1695/1755/2805 1841/1905/3063 1843/1907/3067
f 1843/1907/3067 1697/1757/3070 1695/1755/2805
f 1845/1909/3071 1843/1907/3069 1844/1908/3068
f 1844/1908/3068 1846/1910/3072 1845/1909/3071
f 1697/1757/3070 1843/1907/3067 1845/1909/3071
f 1845/1909/3071 1699/1759/2810 1697/1757/3070
f 1704/1764/2819 1845/1909/3071 1846/1910/3072
f 1846/1910/3072 1847/1911/3073 1704/1764/2819
f 1699/1759/2810 1845/1909/3071 1704/1764/3074
f 1704/1764/3074 1701/1761/2814 1699/1759/2810
f 1848/1912/3075 1847/1911/3073 1846/1910/3072
f 1846/1910/3072 1849/1913/3076 1848/1912/3075
f 1707/1767/2823 1847/1911/3073 1848/1912/3075
f 1848/1912/3075 1850/1914/3077 1707/1767/2823
f 1704/1764/2819 1847/1911/3073 1707/1767/2823
f 1707/1767/3078 1703/1763/2818 1704/1764/3074
f 1851/1915/3079 1850/1914/3080 1848/1912/3075
f 1848/1912/3075 1852/1916/3081 1851/1915/3079
f 1710/1770/2828 1850/1914/3080 1851/1915/3079
f 1851/1915/3079 1853/1917/3082 1710/1770/2828
f 1707/1767/2823 1850/1914/3077 1710/1770/2828
f 1710/1770/2828 1706/1766/2822 1707/1767/2823
f 1854/1918/3083 1853/1917/3082 1851/1915/3079
f 1851/1915/3079 1855/1919/3084 1854/1918/3083
f 1713/1773/2833 1853/1917/3085 1854/1918/3086
f 1854/1918/3086 1856/1920/3087 1713/1773/2833
f 1710/1770/2828 1853/1917/3085 1713/1773/2833
f 1713/1773/2833 1709/1769/2827 1710/1770/2828
f 1857/1921/3088 1856/1920/3087 1854/1918/3089
f 1854/1918/3086 1858/1922/3090 1857/1921/3088
f 1859/1923/3091 1856/1920/3087 1857/1921/3088
f 1857/1921/3088 1860/1924/3092 1859/1923/3091
f 1713/1773/2833 1856/1920/3087 1859/1923/3091
f 1859/1923/3091 1712/1772/2832 1713/1773/2833
f 1718/1778/2842 1859/1923/3091 1860/1924/3092
f 1860/1924/3092 1861/1925/3093 1718/1778/3094
f 1712/1772/2834 1859/1923/3091 1718/1778/3094
f 1718/1778/2842 1715/1775/2837 1712/1772/2832
f 1862/1926/3095 1861/1925/3096 1860/1924/3092
f 1860/1924/3092 1863/1927/3097 1862/1926/3095
f 1864/1928/3098 1861/1925/3093 1862/1926/3095
f 1862/1926/3095 1865/1929/3099 1864/1928/3098
f 1718/1778/2842 1861/1925/3096 1864/1928/3098
f 1864/1928/3098 1717/1777/2841 1718/1778/2842
f 1866/1930/3100 1864/1928/3098 1865/1929/3099
f 1865/1929/3099 1867/1931/3101 1866/1930/3102
f 1717/1777/2841 1864/1928/3103 1866/1930/3102
f 1866/1930/3102 1720/1780/2845 1717/1777/2841
f 1868/1932/3104 1866/1930/3100 1867/1931/3101
f 1867/1931/3101 1869/1933/3105 1868/1932/3106
f 1720/1780/2845 1866/1930/3100 1868/1932/3106
f 1868/1932/3106 1722/1782/2848 1720/1780/2847
f 1870/1934/3107 1868/1932/3106 1869/1933/3108
f 1869/1933/3105 1871/1935/3109 1870/1934/3110
f 1722/1782/2848 1868/1932/3104 1870/1934/3107
f 1870/1934/3107 1724/1784/2854 1722/1782/2848
f 1872/1936/3111 1870/1934/3107 1871/1935/3109
f 1871/1935/3109 1873/1937/3112 1872/1936/3111
f 1724/1784/2852 1870/1934/3107 1872/1936/3111
f 1872/1936/3111 1726/1786/2855 1724/1784/2854
f 1731/1791/2864 1872/1936/3111 1873/1937/3112
f 1873/1937/3112 1874/1938/3113 1731/1791/2864
f 1726/1786/2855 1872/1936/3111 1731/1791/2864
f 1731/1791/2864 1728/1788/2858 1726/1786/2855
f 1875/1939/3114 1874/1938/3113 1873/1937/3112
f 1873/1937/3112 1876/1940/3115 1875/1939/3114
f 1734/1794/2869 1874/1938/3113 1875/1939/3114
f 1875/1939/3114 1877/1941/3116 1734/1794/2869
f 1731/1791/3117 1874/1938/3113 1734/1794/2869
f 1734/1794/2869 1730/1790/2863 1731/1791/2864
f 1878/1942/3118 1877/1941/3116 1875/1939/3114
f 1875/1939/3114 1879/1943/3119 1878/1942/3118
f 1737/1797/2874 1877/1941/3116 1878/1942/3118
f 1878/1942/3118 1880/1944/3120 1737/1797/3121
f 1734/1794/2869 1877/1941/3116 1737/1797/3121
f 1737/1797/3121 1733/1793/2868 1734/1794/2869
f 1881/1945/3122 1880/1944/3120 1878/1942/3123
f 1878/1942/3118 1882/1946/3124 1881/1945/3122
f 1740/1800/2880 1880/1944/3125 1881/1945/3122
f 1881/1945/3122 1883/1947/3126 1740/1800/3127
f 1737/1797/2874 1880/1944/3128 1740/1800/3127
f 1740/1800/3127 1736/1796/2873 1737/1797/2874
f 1884/1948/3129 1883/1947/3130 1881/1945/3122
f 1881/1945/3122 1885/1949/3131 1884/1948/3129
f 1886/1950/3132 1883/1947/3126 1884/1948/3133
f 1884/1948/3129 1887/1951/3134 1886/1950/3132
f 1740/1800/3127 1883/1947/3130 1886/1950/3132
f 1886/1950/3132 1739/1799/3135 1740/1800/3127
f 1888/1952/3136 1886/1950/3132 1887/1951/3134
f 1887/1951/3134 1889/1953/3137 1888/1952/3136
f 1739/1799/2878 1886/1950/3132 1888/1952/3136
f 1888/1952/3136 1742/1802/2887 1739/1799/2878
f 1890/1954/3138 1888/1952/3136 1889/1953/3137
f 1889/1953/3137 1891/1955/3139 1890/1954/3138
f 1742/1802/2887 1888/1952/3136 1890/1954/3138
f 1890/1954/3138 1744/1804/2888 1742/1802/2882
f 1892/1956/3140 1890/1954/3138 1891/1955/3139
f 1891/1955/3139 1893/1957/3141 1892/1956/3142
f 1744/1804/2888 1890/1954/3138 1892/1956/3142
f 1892/1956/3143 1746/1806/2891 1744/1804/2888
f 1894/1958/3144 1892/1956/3143 1893/1957/3141
f 1893/1957/3141 1895/1959/3145 1894/1958/3146
f 1746/1806/2891 1892/1956/3142 1894/1958/3144
f 1894/1958/3144 1748/1808/2894 1746/1806/2891
f 1896/1960/3147 1894/1958/3146 1895/1959/3145
f 1895/1959/3148 1897/1961/3149 1896/1960/3150
f 1748/1808/2894 1894/1958/3146 1896/1960/3150
f 1896/1960/3147 1750/1810/2897 1748/1808/2894
f 1898/1962/3151 1896/1960/3147 1897/1961/3149
f 1897/1961/3149 1899/1963/3152 1898/1962/3151
f 1750/1810/2897 1896/1960/3150 1898/1962/3153
f 1898/1962/3151 1752/1812/2899 1750/1810/2897
f 1900/1964/3154 1898/1962/3151 1899/1963/3152
f 1899/1963/3155 1901/1966/3156 1900/1964/3154
f 1752/1812/2899 1898/1962/3151 1900/1964/3154
f 1900/1964/3154 1754/1815/2903 1752/1812/3157
f 1902/1968/3158 1901/1966/3156 1899/1963/3152
f 1899/1963/3152 1903/1970/3159 1902/1968/3158
f 1904/1971/3160 1905/1972/3161 1906/1974/3162
f 1906/1974/3162 1907/1976/3163 1904/1971/3160
f 1757/1820/2908 1905/1972/3161 1904/1971/3160
f 1904/1971/3160 1758/1822/2909 1757/1820/2907
f 1908/1977/3164 1904/1971/3160 1907/1976/3165
f 1907/1976/3163 1909/1978/3166 1908/1977/3167
f 1758/1822/3168 1904/1971/3160 1908/1977/3164
f 1908/1977/3164 1760/1824/2917 1758/1822/3169
f 1910/1979/3170 1908/1977/3171 1909/1978/3172
f 1909/1978/3172 1911/1980/3173 1910/1979/3170
f 1760/1824/2914 1908/1977/3164 1910/1979/3170
f 1910/1979/3170 1762/1826/2921 1760/1824/2914
f 1912/1981/3174 1910/1979/3170 1911/1980/3175
f 1911/1980/3175 1913/1982/3176 1912/1981/3174
f 1762/1826/2918 1910/1979/3170 1912/1981/3174
f 1912/1981/3174 1764/1828/2922 1762/1826/2921
f 1914/1983/3177 1912/1981/3178 1913/1982/3179
f 1913/1982/3176 1915/1984/3180 1914/1983/3177
f 1764/1828/2922 1912/1981/3174 1914/1983/3177
f 1914/1983/3177 1766/1830/3181 1764/1828/2922
f 1916/1985/3182 1914/1983/3177 1915/1984/3180
f 1915/1984/3180 1917/1986/3183 1916/1985/3182
f 1766/1830/2926 1914/1983/3177 1916/1985/3184
f 1916/1985/3182 1768/1832/2931 1766/1830/2926
f 1773/1837/3185 1916/1985/3182 1917/1986/3183
f 1917/1986/3183 1918/1987/3186 1773/1837/3185
f 1768/1832/2931 1916/1985/3187 1773/1837/3185
f 1773/1837/3185 1770/1834/2935 1768/1832/2931
f 1919/1988/3188 1918/1987/3186 1917/1986/3183
f 1917/1986/3183 1920/1989/3189 1919/1988/3188
f 1776/1840/3190 1918/1987/3186 1919/1988/3188
f 1919/1988/3188 1921/1990/3191 1776/1840/2948
f 1773/1837/2942 1918/1987/3186 1776/1840/2948
f 1776/1840/3190 1772/1836/2941 1773/1837/2942
f 1922/1991/3192 1921/1990/3191 1919/1988/3188
f 1919/1988/3188 1923/1992/3193 1922/1991/3194
f 1924/1993/3195 1921/1990/3191 1922/1991/3194
f 1922/1991/3196 1925/1994/3197 1924/1993/3198
f 1776/1840/2948 1921/1990/3191 1924/1993/3195
f 1924/1993/3195 1775/1839/2945 1776/1840/2948
f 1926/1995/3199 1924/1993/3198 1925/1994/3197
f 1925/1994/3200 1927/1996/3201 1926/1995/3202
f 1775/1839/2945 1924/1993/3198 1926/1995/3202
f 1926/1995/3203 1778/1842/2950 1775/1839/2945
f 1928/1997/3204 1926/1995/3199 1927/1996/3201
f 1927/1996/3201 1929/1998/3205 1928/1997/3204
f 1778/1842/2950 1926/1995/3202 1928/1997/3204
f 1928/1997/3204 1780/1844/2953 1778/1842/3206
f 1930/1999/3207 1928/1997/3204 1929/1998/3208
f 1929/1998/3208 1931/2000/3209 1930/1999/3210
f 1780/1844/2953 1928/1997/3204 1930/1999/3210
f 1930/1999/3210 1782/1846/2955 1780/1844/2953
f 1932/2001/3211 1930/1999/3210 1931/2000/3212
f 1931/2000/3212 1933/2002/3213 1932/2001/3211
f 1782/1846/2955 1930/1999/3210 1932/2001/3211
f 1932/2001/3211 1784/1848/2959 1782/1846/2955
f 1934/2003/3214 1932/2001/3211 1933/2002/3215
f 1933/2002/3216 1935/2004/3217 1934/2003/3218
f 1784/1848/2959 1932/2001/3211 1934/2003/3214
f 1934/2003/3218 1786/1850/3219 1784/1848/2959
f 1936/2005/3220 1934/2003/3221 1935/2004/3217
f 1935/2004/3222 1937/2006/3223 1936/2005/3224
f 1786/1850/2962 1934/2003/3218 1936/2005/3224
f 1936/2005/3220 1938/2007/3225 1786/1850/3219
f 1939/2008/3226 1938/2007/3227 1936/2005/3220
f 1936/2005/3224 1940/2009/3228 1939/2008/3229
f 1789/1853/2967 1938/2007/3227 1939/2008/3226
f 1939/2008/3226 1941/2010/3230 1789/1853/3231
f 1786/1850/3219 1938/2007/3227 1789/1853/2967
f 1789/1853/3232 1785/1849/2961 1786/1850/3219
f 1942/2011/3233 1941/2010/3234 1939/2008/3226
f 1939/2008/3226 1943/2012/3235 1942/2011/3233
f 1792/1856/2972 1941/2010/3234 1942/2011/3233
f 1942/2011/3233 1944/2013/3236 1792/1856/3237
f 1789/1853/3238 1941/2010/3234 1792/1856/2972
f 1792/1856/2972 1788/1852/2971 1789/1853/3232
f 1945/2014/3239 1944/2013/3236 1942/2011/3233
f 1942/2011/3233 1946/2015/3240 1945/2014/3241
f 1796/1860/2982 1944/2013/3236 1945/2014/3242
f 1945/2014/3243 1798/1862/3244 1796/1860/2982
f 1792/1856/2972 1944/2013/3236 1796/1860/2977
f 1796/1860/2977 1791/1855/2970 1792/1856/3237
f 1947/2016/3245 1945/2014/3246 1946/2015/3240
f 1946/2015/3247 1948/2017/3248 1947/2016/3245
f 1798/1862/2983 1945/2014/3246 1947/2016/3245
f 1947/2016/3245 1800/1864/2986 1798/1862/2983
f 1949/2018/3249 1947/2016/3245 1948/2017/3248
f 1948/2017/3250 1950/2019/3251 1949/2018/3249
f 1800/1864/3252 1947/2016/3245 1949/2018/3249
f 1949/2018/3249 1951/2020/3253 1800/1864/3252
f 1952/2021/3254 1951/2020/3253 1949/2018/3249
f 1949/2018/3249 1953/2022/3255 1952/2021/3254
f 1803/1867/2993 1951/2020/3253 1952/2021/3256
f 1952/2021/3254 1954/2023/3257 1803/1867/2993
f 1800/1864/3252 1951/2020/3253 1803/1867/2993
f 1803/1867/2993 1799/1863/2992 1800/1864/3252
f 1955/2024/3258 1954/2023/3257 1952/2021/3254
f 1952/2021/3254 1956/2025/3259 1955/2024/3258
f 1806/1870/2999 1954/2023/3257 1955/2024/3258
f 1955/2024/3258 1957/2026/3260 1806/1870/2999
f 1803/1867/2993 1954/2023/3257 1806/1870/2999
f 1806/1870/2999 1802/1866/2990 1803/1867/2993
f 1958/2027/3261 1957/2026/3260 1955/2024/3258
f 1955/2024/3258 1959/2028/3262 1958/2027/3261
f 1809/1873/3263 1957/2026/3260 1958/2027/3261
f 1958/2027/3261 1960/2029/3264 1809/1873/3004
f 1806/1870/3265 1957/2026/3260 1809/1873/3004
f 1809/1873/3004 1805/1869/2997 1806/1870/2999
f 1961/2030/3266 1960/2029/3264 1958/2027/3261
f 1958/2027/3261 1962/2031/3267 1961/2030/3266
f 1812/1876/3268 1960/2029/3264 1961/2030/3269
f 1961/2030/3266 1963/2032/3270 1812/1876/3268
f 1809/1873/3263 1960/2029/3271 1812/1876/3268
f 1812/1876/3010 1808/1872/3003 1809/1873/3004
f 1964/2033/3272 1963/2032/3273 1961/2030/3266
f 1961/2030/3266 1965/2034/3274 1964/2033/3272
f 1966/2035/3275 1963/2032/3273 1964/2033/3272
f 1964/2033/3272 1967/2036/3276 1966/2035/3275
f 1812/1876/3268 1963/2032/3273 1966/2035/3275
f 1966/2035/3275 1811/1875/3012 1812/1876/3010
f 1968/2037/3277 1966/2035/3275 1967/2036/3276
f 1967/2036/3276 1969/2038/3278 1968/2037/3279
f 1811/1875/3280 1966/2035/3275 1968/2037/3279
f 1968/2037/3281 1814/1878/3016 1811/1875/3012
f 1970/2039/3282 1968/2037/3279 1969/2038/3278
f 1969/2038/3283 1971/2040/3284 1970/2039/3282
f 1814/1878/3013 1968/2037/3281 1970/2039/3282
f 1970/2039/3282 1816/1880/3285 1814/1878/3016
f 1972/2041/3286 1970/2039/3282 1971/2040/3284
f 1971/2040/3284 1973/2042/3287 1972/2041/3286
f 1816/1880/3017 1970/2039/3282 1972/2041/3288
f 1972/2041/3286 1818/1882/3026 1816/1880/3021
f 1974/2043/3289 1972/2041/3286 1973/2042/3290
f 1973/2042/3291 1975/2044/3292 1974/2043/3289
f 1818/1882/3022 1972/2041/3286 1974/2043/3289
f 1974/2043/3289 1820/1884/3029 1818/1882/3022
f 1976/2045/3293 1974/2043/3289 1975/2044/3292
f 1975/2044/3292 1977/2046/3294 1976/2045/3293
f 1820/1884/3027 1974/2043/3289 1976/2045/3293
f 1976/2045/3293 1822/1886/3030 1820/1884/3029
f 1978/2047/3295 1976/2045/3293 1977/2046/3296
f 1977/2046/3294 1979/2048/3297 1978/2047/3295
f 1822/1886/3032 1976/2045/3293 1978/2047/3295
f 1978/2047/3295 1824/1888/3033 1822/1886/3032
f 1830/1894/3049 1978/2047/3295 1979/2048/3298
f 1979/2048/3297 1832/1896/3050 1830/1894/3046
f 1824/1888/3033 1978/2047/3295 1830/1894/3046
f 1830/1894/3046 1826/1890/3036 1824/1888/3033
f 1980/2049/3299 1979/2048/3297 1977/2046/3294
f 1977/2046/3296 1981/2050/3300 1980/2049/3299
f 1832/1896/3050 1979/2048/3298 1980/2049/3299
f 1980/2049/3299 1834/1898/3053 1832/1896/3050
f 1982/2051/3301 1980/2049/3299 1981/2050/3300
f 1981/2050/3300 1983/2052/3302 1982/2051/3301
f 1834/1898/3303 1980/2049/3299 1982/2051/3301
f 1982/2051/3301 1836/1900/3055 1834/1898/3053
f 1984/2053/3304 1982/2051/3301 1983/2052/3302
f 1983/2052/3305 1985/2054/3306 1984/2053/3304
f 1836/1900/3057 1982/2051/3301 1984/2053/3307
f 1984/2053/3307 1838/1902/3058 1836/1900/3055
f 1986/2055/3308 1984/2053/3304 1985/2054/3306
f 1985/2054/3309 1987/2056/3310 1986/2055/3311
f 1838/1902/3058 1984/2053/3304 1986/2055/3311
f 1986/2055/3308 1840/1904/3064 1838/1902/3058
f 1988/2057/3312 1986/2055/3313 1987/2056/3310
f 1987/2056/3314 1989/2058/3315 1988/2057/3316
f 1840/1904/3060 1986/2055/3317 1988/2057/3316
f 1988/2057/3312 1842/1906/3065 1840/1904/3060
f 1990/2059/3318 1988/2057/3312 1989/2058/3315
f 1989/2058/3315 1991/2060/3319 1990/2059/3318
f 1842/1906/3065 1988/2057/3312 1990/2059/3320
f 1990/2059/3320 1844/1908/3068 1842/1906/3065
f 1849/1913/3321 1990/2059/3318 1991/2060/3322
f 1991/2060/3322 1992/2061/3323 1849/1913/3321
f 1844/1908/3068 1990/2059/3318 1849/1913/3076
f 1849/1913/3321 1846/1910/3072 1844/1908/3068
f 1993/2062/3324 1992/2061/3323 1991/2060/3322
f 1991/2060/3322 1994/2063/3325 1993/2062/3326
f 1852/1916/3081 1992/2061/3323 1993/2062/3324
f 1993/2062/3327 1995/2064/3328 1852/1916/3081
f 1849/1913/3076 1992/2061/3323 1852/1916/3081
f 1852/1916/3081 1848/1912/3075 1849/1913/3076
f 1996/2065/3329 1995/2064/3328 1993/2062/3326
f 1993/2062/3327 1997/2066/3330 1996/2065/3329
f 1855/1919/3331 1995/2064/3328 1996/2065/3329
f 1996/2065/3329 1998/2067/3332 1855/1919/3331
f 1852/1916/3081 1995/2064/3328 1855/1919/3084
f 1855/1919/3333 1851/1915/3079 1852/1916/3081
f 1999/2068/3334 1998/2067/3332 1996/2065/3329
f 1996/2065/3329 2000/2069/3335 1999/2068/3336
f 1858/1922/3090 1998/2067/3332 1999/2068/3336
f 1999/2068/3334 2001/2070/3337 1858/1922/3090
f 1855/1919/3333 1998/2067/3332 1858/1922/3090
f 1858/1922/3090 1854/1918/3083 1855/1919/3084
f 2002/2071/3338 2001/2070/3337 1999/2068/3334
f 1999/2068/3336 2003/2072/3339 2002/2071/3338
f 2004/2073/3340 2001/2070/3337 2002/2071/3338
f 2002/2071/3338 2005/2074/3341 2004/2073/3340
f 1858/1922/3342 2001/2070/3343 2004/2073/3340
f 2004/2073/3340 1857/1921/3088 1858/1922/3090
f 1863/1927/3097 2004/2073/3344 2005/2074/3341
f 2005/2074/3341 2006/2075/3345 1863/1927/3097
f 1857/1921/3346 2004/2073/3340 1863/1927/3097
f 1863/1927/3097 1860/1924/3092 1857/1921/3088
f 2007/2076/3347 2006/2075/3345 2005/2074/3341
f 2005/2074/3348 2008/2077/3349 2007/2076/3347
f 2009/2078/3350 2006/2075/3345 2007/2076/3347
f 2007/2076/3351 2010/2079/3352 2009/2078/3350
f 1863/1927/3097 2006/2075/3345 2009/2078/3353
f 2009/2078/3353 1862/1926/3095 1863/1927/3097
f 2011/2080/3354 2009/2078/3353 2010/2079/3352
f 2010/2079/3352 2012/2081/3355 2011/2080/3356
f 1862/1926/3095 2009/2078/3350 2011/2080/3354
f 2011/2080/3354 1865/1929/3099 1862/1926/3095
f 2013/2082/3357 2011/2080/3358 2012/2081/3359
f 2012/2081/3355 2014/2083/3360 2013/2082/3357
f 1865/1929/3099 2011/2080/3358 2013/2082/3357
f 2013/2082/3361 1867/1931/3101 1865/1929/3099
f 2015/2084/3362 2013/2082/3357 2014/2083/3360
f 2014/2083/3360 2016/2085/3363 2015/2084/3364
f 1867/1931/3101 2013/2082/3361 2015/2084/3362
f 2015/2084/3364 1869/1933/3365 1867/1931/3101
f 2017/2086/3366 2015/2084/3364 2016/2085/3363
f 2016/2085/3363 2018/2087/3367 2017/2086/3366
f 1869/1933/3105 2015/2084/3364 2017/2086/3366
f 2017/2086/3368 1871/1935/3109 1869/1933/3105
f 1876/1940/3115 2017/2086/3366 2018/2087/3369
f 2018/2087/3369 2019/2088/3370 1876/1940/3115
f 1871/1935/3109 2017/2086/3366 1876/1940/3371
f 1876/1940/3115 1873/1937/3112 1871/1935/3109
f 2020/2089/3372 2019/2088/3370 2018/2087/3367
f 2018/2087/3369 2021/2090/3373 2020/2089/3372
f 1879/1943/3119 2019/2088/3370 2020/2089/3372
f 2020/2089/3372 2022/2091/3374 1879/1943/3119
f 1876/1940/3371 2019/2088/3375 1879/1943/3119
f 1879/1943/3119 1875/1939/3114 1876/1940/3115
f 2023/2092/3376 2022/2091/3377 2020/2089/3372
f 2020/2089/3372 2024/2093/3378 2023/2092/3376
f 1882/1946/3124 2022/2091/3374 2023/2092/3379
f 2023/2092/3380 2025/2094/3381 1882/1946/3124
f 1879/1943/3119 2022/2091/3374 1882/1946/3124
f 1882/1946/3124 1878/1942/3118 1879/1943/3119
f 2026/2095/3382 2025/2094/3383 2023/2092/3380
f 2023/2092/3376 2027/2096/3384 2026/2095/3385
f 1885/1949/3131 2025/2094/3381 2026/2095/3385
f 2026/2095/3382 2028/2097/3386 1885/1949/3131
f 1882/1946/3124 2025/2094/3381 1885/1949/3131
f 1885/1949/3131 1881/1945/3122 1882/1946/3124
f 2029/2098/3387 2028/2097/3386 2026/2095/3382
f 2026/2095/3382 2030/2099/3388 2029/2098/3387
f 2031/2100/3389 2028/2097/3386 2029/2098/3390
f 2029/2098/3390 2032/2101/3391 2031/2100/3389
f 1885/1949/3392 2028/2097/3393 2031/2100/3389
f 2031/2100/3389 1884/1948/3394 1885/1949/3131
f 2033/2102/3395 2031/2100/3389 2032/2101/3391
f 2032/2101/3391 2034/2103/3396 2033/2102/3395
f 1884/1948/3129 2031/2100/3389 2033/2102/3395
f 2033/2102/3395 1887/1951/3134 1884/1948/3129
f 2035/2104/3397 2033/2102/3395 2034/2103/3398
f 2034/2103/3396 2036/2105/3399 2035/2104/3397
f 1887/1951/3134 2033/2102/3395 2035/2104/3397
f 2035/2104/3397 1889/1953/3137 1887/1951/3134
f 2037/2106/3400 2035/2104/3397 2036/2105/3399
f 2036/2105/3399 2038/2107/3401 2037/2106/3400
f 1889/1953/3137 2035/2104/3397 2037/2106/3400
f 2037/2106/3402 1891/1955/3139 1889/1953/3137
f 2039/2108/3403 2037/2106/3400 2038/2107/3404
f 2038/2107/3405 2040/2109/3406 2039/2108/3403
f 1891/1955/3139 2037/2106/3400 2039/2108/3403
f 2039/2108/3403 1893/1957/3141 1891/1955/3139
f 2041/2110/3407 2039/2108/3403 2040/2109/3408
f 2040/2109/3409 2042/2111/3410 2041/2110/3407
f 1893/1957/3141 2039/2108/3403 2041/2110/3407
f 2041/2110/3407 1895/1959/3145 1893/1957/3141
f 2043/2112/3411 2041/2110/3407 2042/2111/3410
f 2042/2111/3410 2044/2113/3412 2043/2112/3411
f 1895/1959/3145 2041/2110/3407 2043/2112/3411
f 2043/2112/3411 1897/1961/3149 1895/1959/3145
f 1903/1970/3159 2043/2112/3411 2044/2113/3413
f 2044/2113/3412 2045/2114/3414 1903/1970/3415
f 1897/1961/3149 2043/2112/3411 1903/1970/3416
f 1903/1970/3415 1899/1963/3152 1897/1961/3149
f 2046/2115/3417 2045/2114/3414 2044/2113/3412
f 2044/2113/3412 2047/2116/3418 2046/2115/3419
f 2048/2117/3420 2045/2114/3414 2046/2115/3419
f 2046/2115/3421 2049/2119/3422 2048/2117/3420
f 1903/1970/3159 2045/2114/3423 2048/2117/3420
f 2048/2117/3420 1902/1968/3158 1903/1970/3415
f 2050/2121/3424 2049/2119/3422 2046/2115/3419
f 2046/2115/3419 2051/2123/3425 2050/2121/3424
f 2052/2124/3426 2053/2125/3427 2054/2127/3428
f 2054/2127/3428 2055/2129/3429 2052/2124/3430
f 1906/1974/3162 2053/2125/3427 2052/2124/3431
f 2052/2124/3426 1907/1976/3163 1906/1974/3162
f 2056/2130/3432 2052/2124/3431 2055/2129/3429
f 2055/2129/3433 2057/2131/3434 2056/2130/3432
f 1907/1976/3435 2052/2124/3426 2056/2130/3432
f 2056/2130/3432 1909/1978/3172 1907/1976/3435
f 2058/2132/3436 2056/2130/3432 2057/2131/3434
f 2057/2131/3434 2059/2133/3437 2058/2132/3438
f 1909/1978/3172 2056/2130/3439 2058/2132/3436
f 2058/2132/3436 1911/1980/3175 1909/1978/3166
f 2060/2134/3440 2058/2132/3436 2059/2133/3441
f 2059/2133/3441 2061/2135/3442 2060/2134/3440
f 1911/1980/3175 2058/2132/3436 2060/2134/3440
f 2060/2134/3440 1913/1982/3176 1911/1980/3173
f 2062/2136/3443 2060/2134/3440 2061/2135/3442
f 2061/2135/3442 2063/2137/3444 2062/2136/3445
f 1913/1982/3176 2060/2134/3446 2062/2136/3443
f 2062/2136/3445 1915/1984/3180 1913/1982/3176
f 1920/1989/3189 2062/2136/3443 2063/2137/3444
f 2063/2137/3444 2064/2138/3447 1920/1989/3189
f 1915/1984/3180 2062/2136/3443 1920/1989/3189
f 1920/1989/3189 1917/1986/3183 1915/1984/3180
f 2065/2139/3448 2064/2138/3447 2063/2137/3444
f 2063/2137/3444 2066/2140/3449 2065/2139/3448
f 1923/1992/3193 2064/2138/3447 2065/2139/3448
f 2065/2139/3448 2067/2141/3450 1923/1992/3193
f 1920/1989/3189 2064/2138/3447 1923/1992/3193
f 1923/1992/3193 1919/1988/3188 1920/1989/3189
f 2068/2142/3451 2067/2141/3450 2065/2139/3448
f 2065/2139/3448 2069/2143/3452 2068/2142/3453
f 2070/2144/3454 2067/2141/3450 2068/2142/3451
f 2068/2142/3451 2071/2145/3455 2070/2144/3454
f 1923/1992/3456 2067/2141/3450 2070/2144/3454
f 2070/2144/3454 1922/1991/3194 1923/1992/3456
f 2072/2146/3457 2070/2144/3454 2071/2145/3455
f 2071/2145/3455 2073/2147/3458 2072/2146/3459
f 1922/1991/3194 2070/2144/3454 2072/2146/3459
f 2072/2146/3457 1925/1994/3197 1922/1991/3196
f 2074/2148/3460 2072/2146/3459 2073/2147/3461
f 2073/2147/3458 2075/2149/3462 2074/2148/3460
f 1925/1994/3197 2072/2146/3459 2074/2148/3460
f 2074/2148/3463 1927/1996/3201 1925/1994/3200
f 2076/2150/3464 2074/2148/3463 2075/2149/3462
f 2075/2149/3462 2077/2151/3465 2076/2150/3466
f 1927/1996/3467 2074/2148/3460 2076/2150/3466
f 2076/2150/3466 1929/1998/3208 1927/1996/3201
f 2078/2152/3468 2076/2150/3464 2077/2151/3465
f 2077/2151/3465 2079/2153/3469 2078/2152/3468
f 1929/1998/3208 2076/2150/3464 2078/2152/3468
f 2078/2152/3470 1931/2000/3212 1929/1998/3208
f 2080/2154/3471 2078/2152/3470 2079/2153/3472
f 2079/2153/3473 2081/2155/3474 2080/2154/3475
f 1931/2000/3209 2078/2152/3470 2080/2154/3475
f 2080/2154/3475 1933/2002/3476 1931/2000/3209
f 2082/2156/3477 2080/2154/3475 2081/2155/3478
f 2081/2155/3478 2083/2157/3479 2082/2156/3477
f 1933/2002/3216 2080/2154/3475 2082/2156/3477
f 2082/2156/3477 1935/2004/3217 1933/2002/3216
f 2084/2158/3480 2082/2156/3477 2083/2157/3479
f 2083/2157/3479 2085/2159/3481 2084/2158/3480
f 1935/2004/3217 2082/2156/3477 2084/2158/3480
f 2084/2158/3480 1937/2006/3223 1935/2004/3217
f 2086/2160/3482 2084/2158/3480 2085/2159/3483
f 2085/2159/3481 2087/2161/3484 2086/2160/3482
f 1937/2006/3223 2084/2158/3480 2086/2160/3482
f 2086/2160/3485 2088/2162/3486 1937/2006/3223
f 2089/2163/3487 2088/2162/3486 2086/2160/3482
f 2086/2160/3485 2090/2164/3488 2089/2163/3489
f 1940/2009/3228 2088/2162/3486 2089/2163/3489
f 2089/2163/3487 2091/2165/3490 1940/2009/3228
f 1937/2006/3223 2088/2162/3486 1940/2009/3228
f 1940/2009/3228 1936/2005/3220 1937/2006/3491
f 2092/2166/3492 2091/2165/3490 2089/2163/3493
f 2089/2163/3494 2093/2167/3495 2092/2166/3492
f 1943/2012/3235 2091/2165/3490 2092/2166/3492
f 2092/2166/3492 2094/2168/3496 1943/2012/3235
f 1940/2009/3228 2091/2165/3490 1943/2012/3235
f 1943/2012/3235 1939/2008/3226 1940/2009/3228
f 2095/2169/3497 2094/2168/3496 2092/2166/3492
f 2092/2166/3492 2096/2170/3498 2095/2169/3497
f 1946/2015/3240 2094/2168/3499 2095/2169/3497
f 2095/2169/3497 1948/2017/3250 1946/2015/3247
f 1943/2012/3235 2094/2168/3499 1946/2015/3240
f 1946/2015/3240 1942/2011/3233 1943/2012/3235
f 2097/2171/3500 2095/2169/3497 2096/2170/3498
f 2096/2170/3501 2098/2172/3502 2097/2171/3500
f 1948/2017/3250 2095/2169/3503 2097/2171/3504
f 2097/2171/3500 1950/2019/3251 1948/2017/3248
f 2099/2173/3505 2097/2171/3500 2098/2172/3502
f 2098/2172/3502 2100/2174/3506 2099/2173/3507
f 1950/2019/3508 2097/2171/3500 2099/2173/3505
f 2099/2173/3509 2101/2175/3510 1950/2019/3508
f 2102/2176/3511 2101/2175/3512 2099/2173/3505
f 2099/2173/3505 2103/2177/3513 2102/2176/3511
f 1953/2022/3255 2101/2175/3512 2102/2176/3511
f 2102/2176/3511 2104/2178/3514 1953/2022/3255
f 1950/2019/3251 2101/2175/3510 1953/2022/3255
f 1953/2022/3255 1949/2018/3249 1950/2019/3251
f 2105/2179/3515 2104/2178/3516 2102/2176/3511
f 2102/2176/3511 2106/2180/3517 2105/2179/3515
f 1956/2025/3259 2104/2178/3518 2105/2179/3515
f 2105/2179/3515 2107/2181/3519 1956/2025/3259
f 1953/2022/3255 2104/2178/3514 1956/2025/3259
f 1956/2025/3259 1952/2021/3254 1953/2022/3255
f 2108/2182/3520 2107/2181/3519 2105/2179/3515
f 2105/2179/3515 2109/2183/3521 2108/2182/3520
f 1959/2028/3262 2107/2181/3519 2108/2182/3522
f 2108/2182/3520 2110/2184/3523 1959/2028/3262
f 1956/2025/3259 2107/2181/3519 1959/2028/3262
f 1959/2028/3262 1955/2024/3258 1956/2025/3259
f 2111/2185/3524 2110/2184/3525 2108/2182/3520
f 2108/2182/3520 2112/2186/3526 2111/2185/3524
f 1962/2031/3267 2110/2184/3525 2111/2185/3524
f 2111/2185/3524 2113/2187/3527 1962/2031/3267
f 1959/2028/3262 2110/2184/3525 1962/2031/3267
f 1962/2031/3267 1958/2027/3261 1959/2028/3262
f 2114/2188/3528 2113/2187/3529 2111/2185/3524
f 2111/2185/3524 2115/2189/3530 2114/2188/3528
f 1965/2034/3274 2113/2187/3527 2114/2188/3528
f 2114/2188/3528 2116/2190/3531 1965/2034/3274
f 1962/2031/3267 2113/2187/3527 1965/2034/3274
f 1965/2034/3274 1961/2030/3266 1962/2031/3267
f 2117/2191/3532 2116/2190/3531 2114/2188/3528
f 2114/2188/3528 2118/2192/3533 2117/2191/3532
f 2119/2193/3534 2116/2190/3531 2117/2191/3532
f 2117/2191/3532 2120/2194/3535 2119/2193/3534
f 1965/2034/3274 2116/2190/3531 2119/2193/3536
f 2119/2193/3536 1964/2033/3272 1965/2034/3274
f 2121/2195/3537 2119/2193/3536 2120/2194/3538
f 2120/2194/3538 2122/2196/3539 2121/2195/3537
f 1964/2033/3272 2119/2193/3536 2121/2195/3537
f 2121/2195/3537 1967/2036/3276 1964/2033/3272
f 2123/2197/3540 2121/2195/3541 2122/2196/3539
f 2122/2196/3539 2124/2198/3542 2123/2197/3540
f 1967/2036/3276 2121/2195/3537 2123/2197/3540
f 2123/2197/3540 1969/2038/3278 1967/2036/3276
f 2125/2199/3543 2123/2197/3540 2124/2198/3542
f 2124/2198/3544 2126/2200/3545 2125/2199/3543
f 1969/2038/3278 2123/2197/3540 2125/2199/3546
f 2125/2199/3543 1971/2040/3284 1969/2038/3278
f 2127/2201/3547 2125/2199/3543 2126/2200/3545
f 2126/2200/3545 2128/2202/3548 2127/2201/3549
f 1971/2040/3284 2125/2199/3546 2127/2201/3549
f 2127/2201/3549 1973/2042/3291 1971/2040/3284
f 2129/2203/3550 2127/2201/3549 2128/2202/3548
f 2128/2202/3548 2130/2204/3551 2129/2203/3550
f 1973/2042/3291 2127/2201/3549 2129/2203/3550
f 2129/2203/3550 1975/2044/3292 1973/2042/3291
f 1981/2050/3300 2129/2203/3550 2130/2204/3551
f 2130/2204/3551 1983/2052/3302 1981/2050/3300
f 1975/2044/3292 2129/2203/3550 1981/2050/3552
f 1981/2050/3300 1977/2046/3294 1975/2044/3292
f 2131/2205/3553 2130/2204/3551 2128/2202/3554
f 2128/2202/3554 2132/2206/3555 2131/2205/3553
f 1983/2052/3302 2130/2204/3551 2131/2205/3553
f 2131/2205/3553 1985/2054/3309 1983/2052/3305
f 2133/2207/3556 2131/2205/3553 2132/2206/3555
f 2132/2206/3555 2134/2208/3557 2133/2207/3556
f 1985/2054/3306 2131/2205/3553 2133/2207/3558
f 2133/2207/3556 1987/2056/3310 1985/2054/3309
f 2135/2209/3559 2133/2207/3556 2134/2208/3560
f 2134/2208/3557 2136/2210/3561 2135/2209/3559
f 1987/2056/3310 2133/2207/3556 2135/2209/3559
f 2135/2209/3559 1989/2058/3315 1987/2056/3310
f 1994/2063/3325 2135/2209/3559 2136/2210/3561
f 2136/2210/3561 2137/2211/3562 1994/2063/3325
f 1989/2058/3315 2135/2209/3559 1994/2063/3325
f 1994/2063/3325 1991/2060/3322 1989/2058/3315
f 2138/2212/3563 2137/2211/3562 2136/2210/3561
f 2136/2210/3564 2139/2213/3565 2138/2212/3563
f 1997/2066/3330 2137/2211/3566 2138/2212/3563
f 2138/2212/3563 2140/2214/3567 1997/2066/3568
f 1994/2063/3325 2137/2211/3562 1997/2066/3330
f 1997/2066/3330 1993/2062/3324 1994/2063/3325
f 2141/2215/3569 2140/2214/3567 2138/2212/3563
f 2138/2212/3563 2142/2216/3570 2141/2215/3569
f 2000/2069/3335 2140/2214/3567 2141/2215/3571
f 2141/2215/3572 2143/2217/3573 2000/2069/3335
f 1997/2066/3330 2140/2214/3574 2000/2069/3335
f 2000/2069/3335 1996/2065/3329 1997/2066/3330
f 2144/2218/3575 2143/2217/3573 2141/2215/3572
f 2141/2215/3569 2145/2219/3576 2144/2218/3575
f 2003/2072/3577 2143/2217/3573 2144/2218/3575
f 2144/2218/3575 2146/2220/3578 2003/2072/3577
f 2000/2069/3335 2143/2217/3573 2003/2072/3577
f 2003/2072/3577 1999/2068/3336 2000/2069/3335
f 2147/2221/3579 2146/2220/3578 2144/2218/3575
f 2144/2218/3575 2148/2222/3580 2147/2221/3581
f 2149/2223/3582 2146/2220/3578 2147/2221/3581
f 2147/2221/3581 2150/2224/3583 2149/2223/3582
f 2003/2072/3339 2146/2220/3578 2149/2223/3582
f 2149/2223/3584 2002/2071/3338 2003/2072/3577
f 2008/2077/3349 2149/2223/3582 2150/2224/3583
f 2150/2224/3585 2151/2225/3586 2008/2077/3349
f 2002/2071/3338 2149/2223/3582 2008/2077/3349
f 2008/2077/3349 2005/2074/3341 2002/2071/3587
f 2152/2226/3588 2151/2225/3586 2150/2224/3585
f 2150/2224/3585 2153/2227/3589 2152/2226/3588
f 2154/2228/3590 2151/2225/3586 2152/2226/3588
f 2152/2226/3588 2155/2229/3591 2154/2228/3590
f 2008/2077/3349 2151/2225/3586 2154/2228/3590
f 2154/2228/3592 2007/2076/3351 2008/2077/3349
f 2156/2230/3593 2154/2228/3594 2155/2229/3595
f 2155/2229/3596 2157/2231/3597 2156/2230/3598
f 2007/2076/3347 2154/2228/3590 2156/2230/3599
f 2156/2230/3598 2010/2079/3352 2007/2076/3351
f 2158/2232/3600 2156/2230/3599 2157/2231/3597
f 2157/2231/3597 2159/2233/3601 2158/2232/3602
f 2010/2079/3352 2156/2230/3598 2158/2232/3600
f 2158/2232/3602 2012/2081/3359 2010/2079/3352
f 2160/2234/3603 2158/2232/3600 2159/2233/3604
f 2159/2233/3601 2161/2235/3605 2160/2234/3603
f 2012/2081/3359 2158/2232/3600 2160/2234/3606
f 2160/2234/3603 2014/2083/3360 2012/2081/3359
f 2162/2236/3607 2160/2234/3606 2161/2235/3608
f 2161/2235/3609 2163/2237/3610 2162/2236/3607
f 2014/2083/3360 2160/2234/3603 2162/2236/3611
f 2162/2236/3607 2016/2085/3612 2014/2083/3360
f 2021/2090/3373 2162/2236/3611 2163/2237/3610
f 2163/2237/3610 2164/2238/3613 2021/2090/3373
f 2016/2085/3363 2162/2236/3607 2021/2090/3373
f 2021/2090/3614 2018/2087/3369 2016/2085/3363
f 2165/2239/3615 2164/2238/3616 2163/2237/3610
f 2163/2237/3610 2166/2240/3617 2165/2239/3615
f 2024/2093/3378 2164/2238/3616 2165/2239/3615
f 2165/2239/3615 2167/2241/3618 2024/2093/3378
f 2021/2090/3619 2164/2238/3616 2024/2093/3620
f 2024/2093/3620 2020/2089/3372 2021/2090/3619
f 234/238/317 2167/2241/3621 2165/2239/3615
f 2165/2239/3615 232/236/318 234/238/317
f 2027/2096/3384 2167/2241/3618 234/238/317
f 234/238/317 2168/2242/3622 2027/2096/3384
f 2024/2093/3378 2167/2241/3621 2027/2096/3384
f 2027/2096/3384 2023/2092/3376 2024/2093/3378
f 219/223/3623 2168/2242/3624 234/238/317
f 234/238/317 233/237/316 219/223/299
f 2030/2099/3388 2168/2242/3622 219/223/299
f 219/223/3623 218/222/303 2030/2099/3388
f 2027/2096/3384 2168/2242/3622 2030/2099/3388
f 2030/2099/3388 2026/2095/3385 2027/2096/3384
f 232/236/318 2165/2239/3615 2166/2240/3617
f 2166/2240/3625 235/239/320 232/236/318
f 235/239/320 2166/2240/3625 2169/2243/3626
f 2169/2243/3626 2170/2244/3627 235/239/320
f 2169/2243/3626 2166/2240/3617 2163/2237/3610
f 2163/2237/3610 2161/2235/3628 2169/2243/3626
f 2171/2245/3629 2170/2244/3627 2172/2246/3630
f 2172/2246/3631 2173/2247/3632 2171/2245/3633
f 235/239/320 2170/2244/3627 2171/2245/3629
f 2171/2245/3633 230/234/313 235/239/320
f 2172/2246/3630 2170/2244/3627 2169/2243/3626
f 2169/2243/3626 2174/2248/3634 2172/2246/3631
f 2172/2246/3631 2174/2248/3634 2175/2249/3635
f 2175/2249/3635 2176/2250/3636 2172/2246/3630
f 2159/2233/3601 2174/2248/3634 2169/2243/3626
f 2169/2243/3626 2161/2235/3609 2159/2233/3604
f 2175/2249/3635 2174/2248/3634 2159/2233/3604
f 2159/2233/3604 2157/2231/3597 2175/2249/3635
f 2177/2251/3637 2176/2250/3636 2178/2252/3638
f 2178/2252/3638 2179/2253/3639 2177/2251/3637
f 2172/2246/3630 2176/2250/3640 2177/2251/3637
f 2177/2251/3637 2173/2247/3632 2172/2246/3630
f 2178/2252/3641 2176/2250/3640 2175/2249/3635
f 2175/2249/3635 2180/2254/3642 2178/2252/3638
f 2178/2252/3638 2180/2254/3642 2181/2255/3643
f 2181/2255/3643 2182/2256/3644 2178/2252/3638
f 2155/2229/3591 2180/2254/3642 2175/2249/3635
f 2175/2249/3635 2157/2231/3597 2155/2229/3596
f 2181/2255/3645 2180/2254/3642 2155/2229/3595
f 2155/2229/3646 2152/2226/3588 2181/2255/3643
f 2183/2257/3647 2182/2256/3644 2184/2258/3648
f 2184/2258/3649 2185/2259/3650 2183/2257/3647
f 2178/2252/3638 2182/2256/3644 2183/2257/3651
f 2183/2257/3647 2179/2253/3652 2178/2252/3638
f 2184/2258/3653 2182/2256/3644 2181/2255/3645
f 2181/2255/3643 2186/2260/3654 2184/2258/3648
f 2184/2258/3649 2186/2260/3655 2187/2261/3656
f 2187/2261/3657 2188/2262/3658 2184/2258/3653
f 2153/2227/3589 2186/2260/3655 2181/2255/3645
f 2181/2255/3643 2152/2226/3588 2153/2227/3589
f 2187/2261/3657 2186/2260/3659 2153/2227/3589
f 2153/2227/3589 2189/2263/3660 2187/2261/3657
f 2187/2261/3656 2189/2263/3660 2190/2264/3661
f 2190/2264/3662 2191/2265/3663 2187/2261/3657
f 2147/2221/3581 2189/2263/3660 2153/2227/3589
f 2153/2227/3589 2150/2224/3585 2147/2221/3579
f 2190/2264/3661 2189/2263/3664 2147/2221/3579
f 2147/2221/3581 2148/2222/3580 2190/2264/3662
f 2192/2266/3665 2191/2265/3663 2193/2267/3666
f 2193/2267/3666 2194/2268/3667 2192/2266/3668
f 2187/2261/3657 2191/2265/3663 2192/2266/3665
f 2192/2266/3665 2188/2262/3658 2187/2261/3657
f 2193/2267/3666 2191/2265/3663 2190/2264/3662
f 2190/2264/3662 2195/2269/3669 2193/2267/3666
f 2193/2267/3670 2195/2269/3669 2196/2270/3671
f 2196/2270/3671 2197/2271/3672 2193/2267/3670
f 2198/2272/3673 2195/2269/3669 2190/2264/3661
f 2190/2264/3674 2148/2222/3580 2198/2272/3673
f 2196/2270/3671 2195/2269/3669 2198/2272/3673
f 2198/2272/3673 2199/2273/3675 2196/2270/3671
f 2196/2270/3671 2199/2273/3675 2200/2274/3676
f 2200/2274/3676 2201/2275/3677 2196/2270/3671
f 2202/2276/3678 2199/2273/3675 2198/2272/3673
f 2198/2272/3673 2145/2219/3576 2202/2276/3678
f 2200/2274/3676 2199/2273/3675 2202/2276/3678
f 2202/2276/3678 2203/2277/3679 2200/2274/3676
f 2200/2274/3676 2203/2277/3679 2204/2278/3680
f 2204/2278/3681 2205/2279/3682 2200/2274/3676
f 2206/2280/3683 2203/2277/3679 2202/2276/3678
f 2202/2276/3678 2142/2216/3570 2206/2280/3684
f 2204/2278/3680 2203/2277/3679 2206/2280/3683
f 2206/2280/3685 2207/2281/3686 2204/2278/3681
f 2204/2278/3680 2207/2281/3686 2208/2282/3687
f 2208/2282/3687 2209/2283/3688 2204/2278/3681
f 2210/2284/3689 2207/2281/3686 2206/2280/3684
f 2206/2280/3690 2139/2213/3565 2210/2284/3689
f 2208/2282/3687 2207/2281/3686 2210/2284/3689
f 2210/2284/3689 2211/2285/3691 2208/2282/3687
f 2208/2282/3687 2211/2285/3691 2126/2200/3692
f 2126/2200/3545 2124/2198/3542 2208/2282/3687
f 2132/2206/3555 2211/2285/3691 2210/2284/3689
f 2210/2284/3689 2134/2208/3557 2132/2206/3555
f 2126/2200/3545 2211/2285/3691 2132/2206/3693
f 2132/2206/3555 2128/2202/3548 2126/2200/3545
f 2134/2208/3557 2210/2284/3689 2139/2213/3565
f 2139/2213/3565 2136/2210/3561 2134/2208/3560
f 2212/2286/3694 2209/2283/3695 2122/2196/3539
f 2122/2196/3696 2120/2194/3535 2212/2286/3694
f 2204/2278/3680 2209/2283/3695 2212/2286/3694
f 2212/2286/3694 2205/2279/3697 2204/2278/3680
f 2122/2196/3696 2209/2283/3695 2208/2282/3687
f 2208/2282/3687 2124/2198/3544 2122/2196/3539
f 2213/2287/3698 2212/2286/3694 2120/2194/3538
f 2120/2194/3538 2117/2191/3532 2213/2287/3698
f 2205/2279/3697 2212/2286/3694 2213/2287/3698
f 2213/2287/3698 2214/2288/3699 2205/2279/3697
f 2215/2289/3700 2214/2288/3699 2213/2287/3698
f 2213/2287/3698 2216/2290/3701 2215/2289/3700
f 2201/2275/3677 2214/2288/3702 2215/2289/3700
f 2215/2289/3700 2217/2291/3703 2201/2275/3677
f 2205/2279/3697 2214/2288/3699 2201/2275/3677
f 2201/2275/3677 2200/2274/3676 2205/2279/3697
f 2218/2292/3704 2217/2291/3703 2215/2289/3700
f 2215/2289/3700 2219/2293/3705 2218/2292/3704
f 2197/2271/3672 2217/2291/3706 2218/2292/3707
f 2218/2292/3708 2220/2294/3709 2197/2271/3672
f 2201/2275/3677 2217/2291/3706 2197/2271/3710
f 2197/2271/3672 2196/2270/3671 2201/2275/3677
f 2221/2295/3711 2220/2294/3709 2218/2292/3704
f 2218/2292/3704 2222/2296/3712 2221/2295/3711
f 2194/2268/3667 2220/2294/3709 2221/2295/3711
f 2221/2295/3711 2223/2297/3713 2194/2268/3667
f 2197/2271/3710 2220/2294/3709 2194/2268/3667
f 2194/2268/3667 2193/2267/3666 2197/2271/3710
f 2224/2298/3714 2223/2297/3715 2221/2295/3711
f 2221/2295/3711 2225/2299/3716 2224/2298/3714
f 2226/2300/3717 2223/2297/3713 2224/2298/3714
f 2224/2298/3714 2227/2301/3718 2226/2300/3717
f 2194/2268/3667 2223/2297/3715 2226/2300/3719
f 2226/2300/3717 2192/2266/3668 2194/2268/3667
f 2228/2302/3720 2226/2300/3719 2227/2301/3721
f 2227/2301/3718 2229/2303/3722 2228/2302/3723
f 2192/2266/3668 2226/2300/3719 2228/2302/3720
f 2228/2302/3720 2188/2262/3658 2192/2266/3665
f 2185/2259/3650 2228/2302/3720 2229/2303/3724
f 2229/2303/3722 2230/2304/3725 2185/2259/3650
f 2188/2262/3658 2228/2302/3720 2185/2259/3650
f 2185/2259/3726 2184/2258/3648 2188/2262/3727
f 2231/2305/3728 2230/2304/3725 2229/2303/3722
f 2229/2303/3722 2232/2306/3729 2231/2305/3728
f 2233/2307/3730 2230/2304/3725 2231/2305/3731
f 2231/2305/3728 2234/2308/3732 2233/2307/3733
f 2185/2259/3734 2230/2304/3725 2233/2307/3733
f 2233/2307/3733 2183/2257/3647 2185/2259/3650
f 2235/2309/3735 2233/2307/3736 2234/2308/3732
f 2234/2308/3737 2236/2310/3738 2235/2309/3735
f 2183/2257/3647 2233/2307/3739 2235/2309/3735
f 2235/2309/3740 2179/2253/3639 2183/2257/3647
f 2237/2311/3741 2235/2309/3735 2236/2310/3738
f 2236/2310/3742 2238/2312/3743 2237/2311/3741
f 2179/2253/3639 2235/2309/3735 2237/2311/3744
f 2237/2311/3741 2177/2251/3637 2179/2253/3652
f 2239/2313/3745 2237/2311/3744 2238/2312/3743
f 2238/2312/3743 2240/2314/3746 2239/2313/3745
f 2177/2251/3637 2237/2311/3744 2239/2313/3747
f 2239/2313/3748 2173/2247/3632 2177/2251/3637
f 2241/2315/3749 2239/2313/3748 2240/2314/3746
f 2240/2314/3746 2242/2316/3750 2241/2315/3749
f 2173/2247/3632 2239/2313/3747 2241/2315/3749
f 2241/2315/3749 2171/2245/3629 2173/2247/3632
f 231/235/314 2241/2315/3749 2242/2316/3750
f 2242/2316/3750 2243/2317/3751 231/235/314
f 2171/2245/3633 2241/2315/3749 231/235/314
f 231/235/314 230/234/313 2171/2245/3633
f 2244/2318/3752 2243/2317/3751 2242/2316/3753
f 2242/2316/3750 2245/2319/3754 2244/2318/3752
f 2246/2320/3755 2243/2317/3751 2244/2318/3752
f 2244/2318/3752 2247/2321/3756 2246/2320/3755
f 231/235/314 2243/2317/3751 2246/2320/3755
f 2246/2320/3755 228/232/311 231/235/314
f 2248/2322/3757 2246/2320/3755 2247/2321/3756
f 2247/2321/3756 2249/2323/3758 2248/2322/3757
f 228/232/311 2246/2320/3755 2248/2322/3759
f 2248/2322/3757 237/241/3760 228/232/311
f 2250/2324/3761 2248/2322/3757 2249/2323/3762
f 2249/2323/3762 2251/2325/3763 2250/2324/3761
f 237/241/322 2248/2322/3757 2250/2324/3761
f 2250/2324/3761 2252/2326/3764 237/241/3760
f 2253/2327/3765 2252/2326/3764 2250/2324/3761
f 2250/2324/3761 2254/2328/3766 2253/2327/3767
f 2255/2329/3768 2252/2326/3764 2253/2327/3767
f 2253/2327/3767 2256/2330/3769 2255/2329/3768
f 237/241/3760 2252/2326/3764 2255/2329/3768
f 2255/2329/3768 236/240/323 237/241/322
f 2257/2331/3770 2255/2329/3768 2256/2330/3769
f 2256/2330/3769 2258/2332/3771 2257/2331/3772
f 236/240/321 2255/2329/3768 2257/2331/3772
f 2257/2331/3772 238/242/3773 236/240/321
f 221/225/301 2257/2331/3772 2258/2332/3771
f 2258/2332/3771 2259/2333/3774 221/225/301
f 238/242/324 2257/2331/3772 221/225/301
f 221/225/3775 216/220/296 238/242/324
f 2260/2334/3776 2259/2333/3777 2258/2332/3771
f 2258/2332/3771 2261/2335/3778 2260/2334/3776
f 2262/2336/3779 2259/2333/3777 2260/2334/3776
f 2260/2334/3776 2263/2337/3780 2262/2336/3781
f 221/225/3782 2259/2333/3774 2262/2336/3779
f 2262/2336/3779 220/224/302 221/225/301
f 2264/2338/3783 2262/2336/3779 2263/2337/3780
f 2263/2337/3780 2265/2339/3784 2264/2338/3783
f 220/224/302 2262/2336/3781 2264/2338/3783
f 2264/2338/3783 222/226/304 220/224/302
f 2032/2101/3391 2264/2338/3783 2265/2339/3785
f 2265/2339/3784 2034/2103/3396 2032/2101/3786
f 222/226/3787 2264/2338/3783 2032/2101/3391
f 2032/2101/3391 2029/2098/3387 222/226/3787
f 2266/2340/3788 2265/2339/3785 2263/2337/3780
f 2263/2337/3780 2267/2341/3789 2266/2340/3788
f 2034/2103/3790 2265/2339/3784 2266/2340/3791
f 2266/2340/3791 2036/2105/3399 2034/2103/3398
f 2268/2342/3792 2266/2340/3793 2267/2341/3794
f 2267/2341/3794 2269/2343/3795 2268/2342/3792
f 2036/2105/3399 2266/2340/3796 2268/2342/3792
f 2268/2342/3792 2038/2107/3401 2036/2105/3399
f 2270/2344/3797 2268/2342/3792 2269/2343/3798
f 2269/2343/3799 2271/2345/3800 2270/2344/3797
f 2038/2107/3401 2268/2342/3792 2270/2344/3797
f 2270/2344/3797 2040/2109/3408 2038/2107/3401
f 2272/2346/3801 2270/2344/3797 2271/2345/3802
f 2271/2345/3802 2273/2347/3803 2272/2346/3801
f 2040/2109/3408 2270/2344/3797 2272/2346/3801
f 2272/2346/3801 2042/2111/3804 2040/2109/3408
f 2047/2116/3418 2272/2346/3801 2273/2347/3803
f 2273/2347/3803 2274/2348/3805 2047/2116/3418
f 2042/2111/3804 2272/2346/3801 2047/2116/3418
f 2047/2116/3418 2044/2113/3412 2042/2111/3410
f 2275/2349/3806 2274/2348/3805 2273/2347/3803
f 2273/2347/3803 2276/2350/3807 2275/2349/3806
f 2051/2123/3808 2274/2348/3805 2275/2349/3806
f 2275/2349/3809 2277/2351/3810 2051/2123/3808
f 2047/2116/3418 2274/2348/3805 2051/2123/3425
f 2051/2123/3808 2046/2115/3419 2047/2116/3811
f 2278/2352/3812 2277/2351/3813 2275/2349/3809
f 2275/2349/3806 2279/2353/3814 2278/2352/3812
f 2280/2354/3815 2277/2351/3813 2278/2352/3812
f 2278/2352/3812 2281/2356/3816 2280/2354/3815
f 2051/2123/3425 2277/2351/3813 2280/2354/3815
f 2280/2354/3815 2050/2121/3424 2051/2123/3808
f 2282/2358/3817 2283/2359/3818 2284/2361/3819
f 2284/2361/3819 2285/2363/3820 2282/2358/3817
f 2054/2127/3821 2283/2359/3822 2282/2358/3817
f 2282/2358/3817 2055/2129/3823 2054/2127/3428
f 2286/2364/3824 2282/2358/3817 2285/2363/3825
f 2285/2363/3820 2287/2365/3826 2286/2364/3824
f 2055/2129/3823 2282/2358/3817 2286/2364/3824
f 2286/2364/3824 2057/2131/3434 2055/2129/3827
f 2288/2366/3828 2286/2364/3829 2287/2365/3830
f 2287/2365/3830 2289/2367/3831 2288/2366/3828
f 2057/2131/3434 2286/2364/3824 2288/2366/3828
f 2288/2366/3828 2059/2133/3441 2057/2131/3434
f 2290/2368/3832 2288/2366/3828 2289/2367/3831
f 2289/2367/3831 2291/2369/3833 2290/2368/3832
f 2059/2133/3441 2288/2366/3828 2290/2368/3832
f 2290/2368/3832 2061/2135/3442 2059/2133/3441
f 2066/2140/3834 2290/2368/3832 2291/2369/3833
f 2291/2369/3835 2292/2370/3836 2066/2140/3834
f 2061/2135/3442 2290/2368/3832 2066/2140/3834
f 2066/2140/3834 2063/2137/3444 2061/2135/3442
f 2293/2371/3837 2292/2370/3836 2291/2369/3838
f 2291/2369/3833 2294/2372/3839 2293/2371/3837
f 2069/2143/3452 2292/2370/3836 2293/2371/3837
f 2293/2371/3837 2295/2373/3840 2069/2143/3452
f 2066/2140/3834 2292/2370/3841 2069/2143/3452
f 2069/2143/3452 2065/2139/3448 2066/2140/3449
f 2296/2374/3842 2295/2373/3840 2293/2371/3843
f 2293/2371/3837 2297/2375/3844 2296/2374/3842
f 2298/2376/3845 2295/2373/3846 2296/2374/3842
f 2296/2374/3842 2299/2377/3847 2298/2376/3848
f 2069/2143/3452 2295/2373/3840 2298/2376/3849
f 2298/2376/3848 2068/2142/3451 2069/2143/3452
f 2300/2378/3850 2298/2376/3849 2299/2377/3847
f 2299/2377/3847 2301/2379/3851 2300/2378/3850
f 2068/2142/3852 2298/2376/3849 2300/2378/3850
f 2300/2378/3850 2071/2145/3455 2068/2142/3852
f 2302/2380/3853 2300/2378/3850 2301/2379/3854
f 2301/2379/3851 2303/2381/3855 2302/2380/3853
f 2071/2145/3455 2300/2378/3856 2302/2380/3853
f 2302/2380/3853 2073/2147/3461 2071/2145/3455
f 2304/2382/3857 2302/2380/3853 2303/2381/3855
f 2303/2381/3855 2305/2383/3858 2304/2382/3857
f 2073/2147/3458 2302/2380/3853 2304/2382/3857
f 2304/2382/3857 2075/2149/3462 2073/2147/3461
f 2306/2384/3859 2304/2382/3857 2305/2383/3858
f 2305/2383/3860 2307/2385/3861 2306/2384/3859
f 2075/2149/3462 2304/2382/3857 2306/2384/3859
f 2306/2384/3859 2077/2151/3465 2075/2149/3462
f 2308/2386/3862 2306/2384/3859 2307/2385/3861
f 2307/2385/3863 2309/2387/3864 2308/2386/3862
f 2077/2151/3465 2306/2384/3859 2308/2386/3862
f 2308/2386/3862 2079/2153/3469 2077/2151/3465
f 2310/2388/3865 2308/2386/3862 2309/2387/3864
f 2309/2387/3864 2311/2389/3866 2310/2388/3865
f 2079/2153/3867 2308/2386/3862 2310/2388/3868
f 2310/2388/3869 2081/2155/3478 2079/2153/3472
f 2312/2390/3870 2310/2388/3869 2311/2389/3871
f 2311/2389/3866 2313/2391/3872 2312/2390/3870
f 2081/2155/3478 2310/2388/3868 2312/2390/3870
f 2312/2390/3870 2083/2157/3479 2081/2155/3478
f 2314/2392/3873 2312/2390/3870 2313/2391/3874
f 2313/2391/3875 2315/2393/3876 2314/2392/3873
f 2083/2157/3479 2312/2390/3870 2314/2392/3873
f 2314/2392/3873 2085/2159/3481 2083/2157/3877
f 2316/2394/3878 2314/2392/3873 2315/2393/3876
f 2315/2393/3879 2317/2395/3880 2316/2394/3878
f 2085/2159/3481 2314/2392/3873 2316/2394/3881
f 2316/2394/3878 2087/2161/3484 2085/2159/3481
f 2318/2396/3882 2316/2394/3878 2317/2395/3880
f 2317/2395/3880 2319/2397/3883 2318/2396/3882
f 2087/2161/3884 2316/2394/3878 2318/2396/3882
f 2318/2396/3882 2320/2398/3885 2087/2161/3484
f 2321/2399/3886 2320/2398/3885 2318/2396/3882
f 2318/2396/3882 2322/2400/3887 2321/2399/3886
f 2090/2164/3488 2320/2398/3885 2321/2399/3886
f 2321/2399/3888 2323/2401/3889 2090/2164/3890
f 2087/2161/3484 2320/2398/3885 2090/2164/3890
f 2090/2164/3890 2086/2160/3485 2087/2161/3884
f 2324/2402/3891 2323/2401/3889 2321/2399/3886
f 2321/2399/3886 2325/2403/3892 2324/2402/3893
f 2093/2167/3894 2323/2401/3889 2324/2402/3891
f 2324/2402/3893 2326/2404/3895 2093/2167/3894
f 2090/2164/3488 2323/2401/3889 2093/2167/3495
f 2093/2167/3495 2089/2163/3489 2090/2164/3890
f 2327/2405/3896 2326/2404/3897 2324/2402/3893
f 2324/2402/3891 2328/2406/3898 2327/2405/3896
f 2096/2170/3498 2326/2404/3897 2327/2405/3896
f 2327/2405/3896 2098/2172/3502 2096/2170/3501
f 2093/2167/3495 2326/2404/3895 2096/2170/3899
f 2096/2170/3900 2092/2166/3492 2093/2167/3495
f 2329/2407/3901 2327/2405/3896 2328/2406/3898
f 2328/2406/3898 2330/2408/3902 2329/2407/3901
f 2098/2172/3903 2327/2405/3896 2329/2407/3904
f 2329/2407/3904 2100/2174/3905 2098/2172/3502
f 2331/2409/3906 2329/2407/3904 2330/2408/3902
f 2330/2408/3907 2332/2410/3908 2331/2409/3906
f 2100/2174/3506 2329/2407/3904 2331/2409/3906
f 2331/2409/3906 2333/2411/3909 2100/2174/3905
f 2334/2412/3910 2333/2411/3911 2331/2409/3912
f 2331/2409/3906 2335/2413/3913 2334/2412/3910
f 2103/2177/3914 2333/2411/3909 2334/2412/3915
f 2334/2412/3910 2336/2414/3916 2103/2177/3914
f 2100/2174/3506 2333/2411/3911 2103/2177/3914
f 2103/2177/3513 2099/2173/3509 2100/2174/3506
f 2337/2415/3917 2336/2414/3916 2334/2412/3910
f 2334/2412/3910 2338/2416/3918 2337/2415/3919
f 2106/2180/3517 2336/2414/3916 2337/2415/3917
f 2337/2415/3917 2339/2417/3920 2106/2180/3517
f 2103/2177/3513 2336/2414/3916 2106/2180/3517
f 2106/2180/3517 2102/2176/3511 2103/2177/3914
f 2340/2418/3921 2339/2417/3920 2337/2415/3917
f 2337/2415/3917 2341/2419/3922 2340/2418/3923
f 2109/2183/3521 2339/2417/3924 2340/2418/3921
f 2340/2418/3923 2342/2420/3925 2109/2183/3521
f 2106/2180/3517 2339/2417/3924 2109/2183/3521
f 2109/2183/3521 2105/2179/3515 2106/2180/3926
f 2343/2421/3927 2342/2420/3925 2340/2418/3923
f 2340/2418/3921 2344/2422/3928 2343/2421/3927
f 2112/2186/3526 2342/2420/3925 2343/2421/3927
f 2343/2421/3927 2345/2423/3929 2112/2186/3526
f 2109/2183/3521 2342/2420/3925 2112/2186/3526
f 2112/2186/3526 2108/2182/3522 2109/2183/3930
f 2346/2424/3931 2345/2423/3932 2343/2421/3927
f 2343/2421/3927 2347/2425/3933 2346/2424/3934
f 2115/2189/3530 2345/2423/3929 2346/2424/3931
f 2346/2424/3934 2348/2426/3935 2115/2189/3530
f 2112/2186/3526 2345/2423/3932 2115/2189/3530
f 2115/2189/3530 2111/2185/3524 2112/2186/3526
f 2349/2427/3936 2348/2426/3935 2346/2424/3934
f 2346/2424/3931 2350/2428/3937 2349/2427/3938
f 2118/2192/3533 2348/2426/3935 2349/2427/3936
f 2349/2427/3936 2216/2290/3701 2118/2192/3533
f 2115/2189/3530 2348/2426/3939 2118/2192/3533
f 2118/2192/3533 2114/2188/3528 2115/2189/3530
f 2219/2293/3705 2349/2427/3936 2350/2428/3937
f 2350/2428/3940 2351/2429/3941 2219/2293/3705
f 2216/2290/3701 2349/2427/3936 2219/2293/3705
f 2219/2293/3705 2215/2289/3700 2216/2290/3701
f 2352/2430/3942 2351/2429/3941 2350/2428/3940
f 2350/2428/3937 2353/2431/3943 2352/2430/3942
f 2222/2296/3712 2351/2429/3941 2352/2430/3944
f 2352/2430/3944 2354/2432/3945 2222/2296/3712
f 2219/2293/3705 2351/2429/3941 2222/2296/3712
f 2222/2296/3712 2218/2292/3704 2219/2293/3705
f 2355/2433/3946 2354/2432/3947 2352/2430/3942
f 2352/2430/3942 2356/2434/3948 2355/2433/3946
f 2225/2299/3716 2354/2432/3949 2355/2433/3946
f 2355/2433/3946 2357/2435/3950 2225/2299/3716
f 2222/2296/3712 2354/2432/3945 2225/2299/3716
f 2225/2299/3951 2221/2295/3711 2222/2296/3712
f 2358/2436/3952 2357/2435/3950 2355/2433/3946
f 2355/2433/3946 2359/2437/3953 2358/2436/3952
f 2360/2438/3954 2357/2435/3950 2358/2436/3952
f 2358/2436/3952 2361/2439/3955 2360/2438/3956
f 2225/2299/3716 2357/2435/3950 2360/2438/3954
f 2360/2438/3954 2224/2298/3714 2225/2299/3716
f 2362/2440/3957 2360/2438/3954 2361/2439/3955
f 2361/2439/3958 2363/2441/3959 2362/2440/3957
f 2224/2298/3960 2360/2438/3954 2362/2440/3957
f 2362/2440/3957 2227/2301/3718 2224/2298/3714
f 2232/2306/3961 2362/2440/3957 2363/2441/3959
f 2363/2441/3959 2364/2442/3962 2232/2306/3729
f 2227/2301/3718 2362/2440/3957 2232/2306/3729
f 2232/2306/3729 2229/2303/3722 2227/2301/3718
f 2365/2443/3963 2364/2442/3962 2363/2441/3959
f 2363/2441/3959 2366/2444/3964 2365/2443/3965
f 2367/2445/3966 2364/2442/3962 2365/2443/3965
f 2365/2443/3963 2368/2446/3967 2367/2445/3966
f 2232/2306/3729 2364/2442/3962 2367/2445/3966
f 2367/2445/3966 2231/2305/3728 2232/2306/3968
f 2369/2447/3969 2367/2445/3966 2368/2446/3967
f 2368/2446/3970 2370/2448/3971 2369/2447/3969
f 2231/2305/3972 2367/2445/3966 2369/2447/3969
f 2369/2447/3969 2234/2308/3737 2231/2305/3728
f 2371/2449/3973 2369/2447/3969 2370/2448/3974
f 2370/2448/3975 2372/2450/3976 2371/2449/3977
f 2234/2308/3732 2369/2447/3969 2371/2449/3977
f 2371/2449/3977 2236/2310/3978 2234/2308/3737
f 2373/2451/3979 2371/2449/3973 2372/2450/3976
f 2372/2450/3976 2374/2452/3980 2373/2451/3979
f 2236/2310/3742 2371/2449/3973 2373/2451/3979
f 2373/2451/3979 2238/2312/3743 2236/2310/3978
f 2375/2453/3981 2373/2451/3979 2374/2452/3980
f 2374/2452/3982 2376/2454/3983 2375/2453/3984
f 2238/2312/3743 2373/2451/3979 2375/2453/3984
f 2375/2453/3981 2240/2314/3746 2238/2312/3743
f 2245/2319/3754 2375/2453/3985 2376/2454/3986
f 2376/2454/3986 2377/2455/3987 2245/2319/3988
f 2240/2314/3746 2375/2453/3984 2245/2319/3988
f 2245/2319/3754 2242/2316/3750 2240/2314/3746
f 2378/2456/3989 2377/2455/3987 2376/2454/3983
f 2376/2454/3986 2379/2457/3990 2378/2456/3991
f 2380/2458/3992 2377/2455/3987 2378/2456/3989
f 2378/2456/3989 2381/2459/3993 2380/2458/3992
f 2245/2319/3754 2377/2455/3987 2380/2458/3992
f 2380/2458/3992 2244/2318/3752 2245/2319/3988
f 2382/2460/3994 2380/2458/3992 2381/2459/3995
f 2381/2459/3995 2383/2461/3996 2382/2460/3994
f 2244/2318/3752 2380/2458/3992 2382/2460/3994
f 2382/2460/3994 2247/2321/3756 2244/2318/3752
f 2384/2462/3997 2382/2460/3994 2383/2461/3996
f 2383/2461/3996 2385/2463/3998 2384/2462/3999
f 2247/2321/4000 2382/2460/3994 2384/2462/4001
f 2384/2462/4001 2249/2323/3762 2247/2321/4000
f 2386/2464/4002 2384/2462/3997 2385/2463/4003
f 2385/2463/4004 2387/2465/4005 2386/2464/4006
f 2249/2323/3758 2384/2462/3997 2386/2464/4007
f 2386/2464/4007 2251/2325/4008 2249/2323/3762
f 2388/2466/4009 2386/2464/4007 2387/2465/4005
f 2387/2465/4010 2389/2467/4011 2388/2466/4009
f 2251/2325/3763 2386/2464/4007 2388/2466/4009
f 2388/2466/4009 2390/2468/4012 2251/2325/4008
f 2391/2469/4013 2390/2468/4014 2388/2466/4009
f 2388/2466/4009 2392/2470/4015 2391/2469/4016
f 2254/2328/4017 2390/2468/4012 2391/2469/4016
f 2391/2469/4016 2393/2471/4018 2254/2328/3766
f 2251/2325/3763 2390/2468/4014 2254/2328/3766
f 2254/2328/4017 2250/2324/3761 2251/2325/3763
f 2394/2472/4019 2393/2471/4018 2391/2469/4016
f 2391/2469/4016 2395/2473/4020 2394/2472/4019
f 2396/2474/4021 2393/2471/4018 2394/2472/4019
f 2394/2472/4019 2397/2475/4022 2396/2474/4021
f 2254/2328/3766 2393/2471/4018 2396/2474/4021
f 2396/2474/4021 2253/2327/3767 2254/2328/4017
f 2398/2476/4023 2396/2474/4021 2397/2475/4022
f 2397/2475/4022 2399/2477/4024 2398/2476/4025
f 2253/2327/3767 2396/2474/4021 2398/2476/4023
f 2398/2476/4023 2256/2330/4026 2253/2327/3767
f 2261/2335/3778 2398/2476/4025 2399/2477/4027
f 2399/2477/4024 2400/2478/4028 2261/2335/3778
f 2256/2330/3769 2398/2476/4025 2261/2335/3778
f 2261/2335/3778 2258/2332/3771 2256/2330/3769
f 2401/2479/4029 2400/2478/4028 2399/2477/4027
f 2399/2477/4024 2402/2480/4030 2401/2479/4029
f 2403/2481/4031 2400/2478/4028 2401/2479/4029
f 2401/2479/4029 2404/2482/4032 2403/2481/4033
f 2261/2335/3778 2400/2478/4028 2403/2481/4031
f 2403/2481/4031 2260/2334/3776 2261/2335/3778
f 2267/2341/3794 2403/2481/4031 2404/2482/4034
f 2404/2482/4034 2269/2343/3795 2267/2341/3789
f 2260/2334/3776 2403/2481/4033 2267/2341/3789
f 2267/2341/3789 2263/2337/3780 2260/2334/3776
f 2405/2483/4035 2404/2482/4034 2401/2479/4029
f 2401/2479/4029 2406/2484/4036 2405/2483/4037
f 2269/2343/3795 2404/2482/4032 2405/2483/4037
f 2405/2483/4038 2271/2345/3802 2269/2343/3799
f 2276/2350/3807 2405/2483/4038 2406/2484/4036
f 2406/2484/4036 2407/2485/4039 2276/2350/3807
f 2271/2345/3800 2405/2483/4038 2276/2350/3807
f 2276/2350/3807 2273/2347/3803 2271/2345/3802
f 2408/2486/4040 2407/2485/4039 2406/2484/4036
f 2406/2484/4036 2409/2487/4041 2408/2486/4040
f 2279/2353/3814 2407/2485/4042 2408/2486/4040
f 2408/2486/4043 2410/2488/4044 2279/2353/3814
f 2276/2350/3807 2407/2485/4042 2279/2353/3814
f 2279/2353/3814 2275/2349/3806 2276/2350/3807
f 2411/2489/4045 2410/2488/4044 2408/2486/4040
f 2408/2486/4043 2412/2490/4046 2411/2489/4045
f 2413/2491/4047 2410/2488/4044 2411/2489/4045
f 2411/2489/4045 2414/2492/4048 2413/2491/4049
f 2279/2353/4050 2410/2488/4044 2413/2491/4047
f 2413/2491/4047 2278/2352/3812 2279/2353/3814
f 2415/2493/4051 2413/2491/4049 2414/2492/4052
f 2414/2492/4052 2416/2495/4053 2415/2493/4051
f 2278/2352/3812 2413/2491/4047 2415/2493/4051
f 2415/2493/4051 2281/2356/4054 2278/2352/3812
f 2417/2497/4055 2418/2498/4056 2419/2500/4057
f 2419/2500/4058 2420/2502/4059 2417/2497/4060
f 2284/2361/3819 2418/2498/4056 2417/2497/4055
f 2417/2497/4055 2285/2363/3820 2284/2361/3819
f 2421/2503/4061 2417/2497/4055 2420/2502/4062
f 2420/2502/4062 2422/2504/4063 2421/2503/4064
f 2285/2363/3820 2417/2497/4055 2421/2503/4061
f 2421/2503/4061 2287/2365/3830 2285/2363/3820
f 2423/2505/4065 2421/2503/4061 2422/2504/4066
f 2422/2504/4063 2424/2506/4067 2423/2505/4065
f 2287/2365/3830 2421/2503/4061 2423/2505/4065
f 2423/2505/4068 2289/2367/3831 2287/2365/3830
f 2294/2372/3839 2423/2505/4065 2424/2506/4067
f 2424/2506/4067 2425/2507/4069 2294/2372/3839
f 2289/2367/3831 2423/2505/4065 2294/2372/3839
f 2294/2372/3839 2291/2369/3833 2289/2367/3831
f 2426/2508/4070 2425/2507/4071 2424/2506/4072
f 2424/2506/4067 2427/2509/4073 2426/2508/4070
f 2297/2375/3844 2425/2507/4069 2426/2508/4070
f 2426/2508/4070 2428/2510/4074 2297/2375/4075
f 2294/2372/3839 2425/2507/4069 2297/2375/3844
f 2297/2375/4076 2293/2371/3837 2294/2372/3839
f 2429/2511/4077 2428/2510/4074 2426/2508/4070
f 2426/2508/4070 2430/2512/4078 2429/2511/4077
f 2431/2513/4079 2428/2510/4074 2429/2511/4077
f 2429/2511/4077 2432/2514/4080 2431/2513/4081
f 2297/2375/3844 2428/2510/4074 2431/2513/4079
f 2431/2513/4081 2296/2374/3842 2297/2375/3844
f 2433/2515/4082 2431/2513/4081 2432/2514/4083
f 2432/2514/4083 2434/2516/4084 2433/2515/4082
f 2296/2374/3842 2431/2513/4081 2433/2515/4082
f 2433/2515/4082 2299/2377/3847 2296/2374/3842
f 2435/2517/4085 2433/2515/4082 2434/2516/4086
f 2434/2516/4084 2436/2518/4087 2435/2517/4088
f 2299/2377/3847 2433/2515/4082 2435/2517/4085
f 2435/2517/4085 2301/2379/3851 2299/2377/4089
f 2437/2519/4090 2435/2517/4085 2436/2518/4087
f 2436/2518/4087 2438/2520/4091 2437/2519/4090
f 2301/2379/3851 2435/2517/4085 2437/2519/4090
f 2437/2519/4090 2303/2381/3855 2301/2379/3851
f 2439/2521/4092 2437/2519/4090 2438/2520/4091
f 2438/2520/4091 2440/2522/4093 2439/2521/4092
f 2303/2381/3855 2437/2519/4090 2439/2521/4092
f 2439/2521/4092 2305/2383/3858 2303/2381/3855
f 2441/2523/4094 2439/2521/4092 2440/2522/4093
f 2440/2522/4093 2442/2524/4095 2441/2523/4094
f 2305/2383/3860 2439/2521/4092 2441/2523/4094
f 2441/2523/4094 2307/2385/3861 2305/2383/3858
f 2443/2525/4096 2441/2523/4094 2442/2524/4095
f 2442/2524/4095 2444/2526/4097 2443/2525/4096
f 2307/2385/3861 2441/2523/4094 2443/2525/4096
f 2443/2525/4098 2309/2387/3864 2307/2385/3861
f 2445/2527/4099 2443/2525/4098 2444/2526/4097
f 2444/2526/4097 2446/2528/4100 2445/2527/4099
f 2309/2387/3864 2443/2525/4098 2445/2527/4099
f 2445/2527/4099 2311/2389/3871 2309/2387/3864
f 2447/2529/4101 2445/2527/4099 2446/2528/4102
f 2446/2528/4102 2448/2530/4103 2447/2529/4101
f 2311/2389/3866 2445/2527/4099 2447/2529/4101
f 2447/2529/4101 2313/2391/3872 2311/2389/3871
f 2449/2531/4104 2447/2529/4101 2448/2530/4103
f 2448/2530/4105 2450/2532/4106 2449/2531/4107
f 2313/2391/3875 2447/2529/4101 2449/2531/4108
f 2449/2531/4109 2315/2393/4110 2313/2391/3874
f 2451/2533/4111 2449/2531/4104 2450/2532/4106
f 2450/2532/4106 2452/2534/4112 2451/2533/4111
f 2315/2393/3879 2449/2531/4104 2451/2533/4111
f 2451/2533/4111 2317/2395/3880 2315/2393/4110
f 2453/2535/4113 2451/2533/4111 2452/2534/4114
f 2452/2534/4112 2454/2536/4115 2453/2535/4113
f 2317/2395/3880 2451/2533/4111 2453/2535/4113
f 2453/2535/4116 2319/2397/3883 2317/2395/3880
f 2455/2537/4117 2453/2535/4113 2454/2536/4118
f 2454/2536/4115 2456/2538/4119 2455/2537/4117
f 2319/2397/3883 2453/2535/4113 2455/2537/4117
f 2455/2537/4117 2457/2539/4120 2319/2397/4121
f 2458/2540/4122 2457/2539/4120 2455/2537/4117
f 2455/2537/4117 2459/2541/4123 2458/2540/4122
f 2322/2400/3887 2457/2539/4120 2458/2540/4122
f 2458/2540/4122 2460/2542/4124 2322/2400/3887
f 2319/2397/3883 2457/2539/4120 2322/2400/3887
f 2322/2400/3887 2318/2396/3882 2319/2397/3883
f 2461/2543/4125 2460/2542/4124 2458/2540/4122
f 2458/2540/4122 2462/2544/4126 2461/2543/4125
f 2325/2403/4127 2460/2542/4124 2461/2543/4125
f 2461/2543/4125 2463/2545/4128 2325/2403/4127
f 2322/2400/3887 2460/2542/4124 2325/2403/4127
f 2325/2403/4127 2321/2399/3886 2322/2400/3887
f 2464/2546/4129 2463/2545/4128 2461/2543/4125
f 2461/2543/4125 2465/2547/4130 2464/2546/4129
f 2328/2406/3898 2463/2545/4128 2464/2546/4131
f 2464/2546/4129 2330/2408/3902 2328/2406/3898
f 2325/2403/4127 2463/2545/4128 2328/2406/3898
f 2328/2406/3898 2324/2402/3893 2325/2403/4127
f 2466/2548/4132 2464/2546/4129 2465/2547/4130
f 2465/2547/4130 2467/2549/4133 2466/2548/4132
f 2330/2408/4134 2464/2546/4129 2466/2548/4132
f 2466/2548/4132 2332/2410/3908 2330/2408/3902
f 2468/2550/4135 2466/2548/4132 2467/2549/4133
f 2467/2549/4133 2469/2551/4136 2468/2550/4135
f 2332/2410/4137 2466/2548/4132 2468/2550/4135
f 2468/2550/4135 2470/2552/4138 2332/2410/4137
f 2471/2553/4139 2470/2552/4138 2468/2550/4135
f 2468/2550/4135 2472/2554/4140 2471/2553/4139
f 2335/2413/3913 2470/2552/4138 2471/2553/4139
f 2471/2553/4139 2473/2555/4141 2335/2413/4142
f 2332/2410/4143 2470/2552/4138 2335/2413/4144
f 2335/2413/3913 2331/2409/3906 2332/2410/4143
f 2474/2556/4145 2473/2555/4141 2471/2553/4139
f 2471/2553/4139 2475/2557/4146 2474/2556/4145
f 2338/2416/3918 2473/2555/4141 2474/2556/4145
f 2474/2556/4145 2476/2558/4147 2338/2416/3918
f 2335/2413/3913 2473/2555/4141 2338/2416/4148
f 2338/2416/4148 2334/2412/3910 2335/2413/3913
f 2477/2559/4149 2476/2558/4147 2474/2556/4145
f 2474/2556/4145 2478/2560/4150 2477/2559/4149
f 2341/2419/3922 2476/2558/4147 2477/2559/4149
f 2477/2559/4149 2479/2561/4151 2341/2419/3922
f 2338/2416/4148 2476/2558/4147 2341/2419/3922
f 2341/2419/4152 2337/2415/4153 2338/2416/4148
f 2480/2562/4154 2479/2561/4151 2477/2559/4149
f 2477/2559/4149 2481/2563/4155 2480/2562/4156
f 2344/2422/3928 2479/2561/4151 2480/2562/4154
f 2480/2562/4156 2482/2564/4157 2344/2422/3928
f 2341/2419/4152 2479/2561/4151 2344/2422/3928
f 2344/2422/3928 2340/2418/3923 2341/2419/3922
f 2483/2565/4158 2482/2564/4157 2480/2562/4154
f 2480/2562/4156 2484/2566/4159 2483/2565/4160
f 2347/2425/4161 2482/2564/4162 2483/2565/4160
f 2483/2565/4160 2353/2431/3943 2347/2425/3933
f 2344/2422/3928 2482/2564/4162 2347/2425/3933
f 2347/2425/3933 2343/2421/3927 2344/2422/4163
f 2356/2434/4164 2483/2565/4160 2484/2566/4159
f 2484/2566/4159 2485/2567/4165 2356/2434/4166
f 2353/2431/3943 2483/2565/4160 2356/2434/3948
f 2356/2434/4164 2352/2430/3942 2353/2431/3943
f 2486/2568/4167 2485/2567/4165 2484/2566/4168
f 2484/2566/4159 2487/2569/4169 2486/2568/4167
f 2359/2437/3953 2485/2567/4165 2486/2568/4167
f 2486/2568/4167 2488/2570/4170 2359/2437/3953
f 2356/2434/4164 2485/2567/4165 2359/2437/3953
f 2359/2437/3953 2355/2433/3946 2356/2434/4164
f 2489/2571/4171 2488/2570/4170 2486/2568/4167
f 2486/2568/4167 2490/2572/4172 2489/2571/4171
f 2491/2573/4173 2488/2570/4170 2489/2571/4171
f 2489/2571/4171 2492/2574/4174 2491/2573/4175
f 2359/2437/3953 2488/2570/4176 2491/2573/4175
f 2491/2573/4175 2358/2436/3952 2359/2437/3953
f 2493/2575/4177 2491/2573/4175 2492/2574/4178
f 2492/2574/4174 2494/2576/4179 2493/2575/4177
f 2358/2436/3952 2491/2573/4175 2493/2575/4177
f 2493/2575/4177 2361/2439/3958 2358/2436/3952
f 2366/2444/3964 2493/2575/4177 2494/2576/4180
f 2494/2576/4179 2495/2577/4181 2366/2444/3964
f 2361/2439/3958 2493/2575/4182 2366/2444/3964
f 2366/2444/3964 2363/2441/3959 2361/2439/3955
f 2496/2578/4183 2495/2577/4181 2494/2576/4179
f 2494/2576/4179 2497/2579/4184 2496/2578/4183
f 2498/2580/4185 2495/2577/4181 2496/2578/4183
f 2496/2578/4183 2499/2581/4186 2498/2580/4185
f 2366/2444/3964 2495/2577/4181 2498/2580/4187
f 2498/2580/4185 2365/2443/4188 2366/2444/3964
f 2500/2582/4189 2498/2580/4185 2499/2581/4186
f 2499/2581/4186 2501/2583/4190 2500/2582/4189
f 2365/2443/3965 2498/2580/4187 2500/2582/4189
f 2500/2582/4189 2368/2446/3967 2365/2443/3965
f 2502/2584/4191 2500/2582/4192 2501/2583/4190
f 2501/2583/4190 2503/2585/4193 2502/2584/4191
f 2368/2446/3967 2500/2582/4189 2502/2584/4191
f 2502/2584/4191 2370/2448/3971 2368/2446/3967
f 2504/2586/4194 2502/2584/4191 2503/2585/4193
f 2503/2585/4193 2505/2587/4195 2504/2586/4196
f 2370/2448/3974 2502/2584/4191 2504/2586/4194
f 2504/2586/4194 2372/2450/3976 2370/2448/4197
f 2506/2588/4198 2504/2586/4194 2505/2587/4195
f 2505/2587/4199 2507/2589/4200 2506/2588/4201
f 2372/2450/3976 2504/2586/4194 2506/2588/4201
f 2506/2588/4201 2374/2452/3980 2372/2450/3976
f 2379/2457/3990 2506/2588/4201 2507/2589/4202
f 2507/2589/4200 2508/2590/4203 2379/2457/3990
f 2374/2452/3980 2506/2588/4201 2379/2457/4204
f 2379/2457/3990 2376/2454/3983 2374/2452/4205
f 2509/2591/4206 2508/2590/4207 2507/2589/4200
f 2507/2589/4200 2510/2592/4208 2509/2591/4206
f 2511/2593/4209 2508/2590/4203 2509/2591/4206
f 2509/2591/4206 2512/2594/4210 2511/2593/4211
f 2379/2457/4204 2508/2590/4207 2511/2593/4209
f 2511/2593/4209 2378/2456/3989 2379/2457/4204
f 2513/2595/4212 2511/2593/4209 2512/2594/4210
f 2512/2594/4210 2514/2596/4213 2513/2595/4214
f 2378/2456/3989 2511/2593/4209 2513/2595/4214
f 2513/2595/4212 2381/2459/4215 2378/2456/3989
f 2515/2597/4216 2513/2595/4212 2514/2596/4217
f 2514/2596/4213 2516/2598/4218 2515/2597/4219
f 2381/2459/3993 2513/2595/4212 2515/2597/4220
f 2515/2597/4219 2383/2461/3996 2381/2459/4215
f 2517/2599/4221 2515/2597/4219 2516/2598/4218
f 2516/2598/4218 2518/2600/4222 2517/2599/4221
f 2383/2461/3996 2515/2597/4219 2517/2599/4223
f 2517/2599/4221 2385/2463/4224 2383/2461/3996
f 2519/2601/4225 2517/2599/4223 2518/2600/4226
f 2518/2600/4222 2520/2602/4227 2519/2601/4225
f 2385/2463/3998 2517/2599/4221 2519/2601/4225
f 2519/2601/4225 2387/2465/4005 2385/2463/3998
f 2521/2603/4228 2519/2601/4225 2520/2602/4227
f 2520/2602/4227 2522/2604/4229 2521/2603/4230
f 2387/2465/4005 2519/2601/4225 2521/2603/4228
f 2521/2603/4228 2389/2467/4011 2387/2465/4005
f 2523/2605/4231 2521/2603/4228 2522/2604/4229
f 2522/2604/4229 2524/2606/4232 2523/2605/4231
f 2389/2467/4233 2521/2603/4230 2523/2605/4231
f 2523/2605/4231 2525/2607/4234 2389/2467/4011
f 2526/2608/4235 2525/2607/4234 2523/2605/4231
f 2523/2605/4231 2527/2609/4236 2526/2608/4237
f 2392/2470/4015 2525/2607/4234 2526/2608/4237
f 2526/2608/4235 2528/2610/4238 2392/2470/4015
f 2389/2467/4239 2525/2607/4234 2392/2470/4015
f 2392/2470/4015 2388/2466/4009 2389/2467/4011
f 2529/2611/4240 2528/2610/4238 2526/2608/4235
f 2526/2608/4237 2530/2612/4241 2529/2611/4242
f 2395/2473/4243 2528/2610/4244 2529/2611/4240
f 2529/2611/4240 2531/2613/4245 2395/2473/4020
f 2392/2470/4015 2528/2610/4238 2395/2473/4246
f 2395/2473/4243 2391/2469/4016 2392/2470/4015
f 2532/2614/4247 2531/2613/4245 2529/2611/4240
f 2529/2611/4242 2533/2615/4248 2532/2614/4247
f 2534/2616/4249 2531/2613/4245 2532/2614/4247
f 2532/2614/4247 2535/2617/4250 2534/2616/4251
f 2395/2473/4020 2531/2613/4245 2534/2616/4249
f 2534/2616/4249 2394/2472/4019 2395/2473/4246
f 2536/2618/4252 2534/2616/4249 2535/2617/4250
f 2535/2617/4250 2537/2619/4253 2536/2618/4254
f 2394/2472/4019 2534/2616/4249 2536/2618/4254
f 2536/2618/4255 2397/2475/4022 2394/2472/4256
f 2402/2480/4257 2536/2618/4254 2537/2619/4253
f 2537/2619/4253 2409/2487/4041 2402/2480/4030
f 2397/2475/4022 2536/2618/4252 2402/2480/4030
f 2402/2480/4258 2399/2477/4024 2397/2475/4022
f 2412/2490/4046 2537/2619/4253 2535/2617/4250
f 2535/2617/4250 2538/2620/4259 2412/2490/4046
f 2409/2487/4041 2537/2619/4253 2412/2490/4260
f 2412/2490/4046 2408/2486/4043 2409/2487/4041
f 2539/2621/4261 2538/2620/4259 2535/2617/4250
f 2535/2617/4250 2532/2614/4247 2539/2621/4261
f 2540/2622/4262 2538/2620/4263 2539/2621/4261
f 2539/2621/4261 2541/2623/4264 2540/2622/4262
f 2412/2490/4265 2538/2620/4259 2540/2622/4266
f 2540/2622/4262 2411/2489/4045 2412/2490/4046
f 2542/2624/4267 2540/2622/4262 2541/2623/4264
f 2541/2623/4264 2543/2625/4268 2542/2624/4269
f 2411/2489/4045 2540/2622/4262 2542/2624/4269
f 2542/2624/4267 2414/2492/4048 2411/2489/4045
f 2544/2626/4270 2542/2624/4269 2543/2625/4268
f 2543/2625/4268 2545/2628/4271 2544/2626/4270
f 2414/2492/4048 2542/2624/4269 2544/2626/4272
f 2544/2626/4270 2416/2495/4053 2414/2492/4048
f 2546/2630/4273 2547/2631/4274 2548/2633/4275
f 2548/2633/4275 2549/2635/4276 2546/2630/4273
f 2419/2500/4277 2547/2631/4274 2546/2630/4273
f 2546/2630/4273 2420/2502/4059 2419/2500/4057
f 2550/2636/4278 2546/2630/4273 2549/2635/4279
f 2549/2635/4276 2551/2637/4280 2550/2636/4281
f 2420/2502/4062 2546/2630/4273 2550/2636/4281
f 2550/2636/4281 2422/2504/4063 2420/2502/4062
f 2427/2509/4073 2550/2636/4278 2551/2637/4282
f 2551/2637/4280 2552/2638/4283 2427/2509/4284
f 2422/2504/4063 2550/2636/4281 2427/2509/4073
f 2427/2509/4073 2424/2506/4067 2422/2504/4063
f 2553/2639/4285 2552/2638/4286 2551/2637/4282
f 2551/2637/4280 2554/2640/4287 2553/2639/4288
f 2430/2512/4078 2552/2638/4286 2553/2639/4285
f 2553/2639/4288 2555/2641/4289 2430/2512/4078
f 2427/2509/4073 2552/2638/4286 2430/2512/4290
f 2430/2512/4078 2426/2508/4070 2427/2509/4284
f 2556/2642/4291 2555/2641/4292 2553/2639/4288
f 2553/2639/4285 2557/2643/4293 2556/2642/4294
f 2558/2644/4295 2555/2641/4292 2556/2642/4294
f 2556/2642/4294 2559/2645/4296 2558/2644/4295
f 2430/2512/4290 2555/2641/4292 2558/2644/4295
f 2558/2644/4295 2429/2511/4077 2430/2512/4078
f 2560/2646/4297 2558/2644/4295 2559/2645/4298
f 2559/2645/4299 2561/2647/4300 2560/2646/4297
f 2429/2511/4077 2558/2644/4295 2560/2646/4297
f 2560/2646/4297 2432/2514/4083 2429/2511/4077
f 2562/2648/4301 2560/2646/4297 2561/2647/4302
f 2561/2647/4300 2563/2649/4303 2562/2648/4301
f 2432/2514/4083 2560/2646/4297 2562/2648/4301
f 2562/2648/4301 2434/2516/4084 2432/2514/4083
f 2564/2650/4304 2562/2648/4301 2563/2649/4303
f 2563/2649/4305 2565/2651/4306 2564/2650/4304
f 2434/2516/4086 2562/2648/4301 2564/2650/4307
f 2564/2650/4304 2436/2518/4087 2434/2516/4084
f 2566/2652/4308 2564/2650/4304 2565/2651/4306
f 2565/2651/4306 2567/2653/4309 2566/2652/4308
f 2436/2518/4087 2564/2650/4304 2566/2652/4308
f 2566/2652/4308 2438/2520/4091 2436/2518/4087
f 2568/2654/4310 2566/2652/4308 2567/2653/4309
f 2567/2653/4309 2569/2655/4311 2568/2654/4310
f 2438/2520/4091 2566/2652/4308 2568/2654/4310
f 2568/2654/4310 2440/2522/4093 2438/2520/4091
f 2570/2656/4312 2568/2654/4310 2569/2655/4311
f 2569/2655/4311 2571/2657/4313 2570/2656/4312
f 2440/2522/4093 2568/2654/4310 2570/2656/4312
f 2570/2656/4312 2442/2524/4095 2440/2522/4093
f 2572/2658/4314 2570/2656/4312 2571/2657/4313
f 2571/2657/4315 2573/2659/4316 2572/2658/4314
f 2442/2524/4095 2570/2656/4312 2572/2658/4314
f 2572/2658/4317 2444/2526/4097 2442/2524/4095
f 2574/2660/4318 2572/2658/4314 2573/2659/4319
f 2573/2659/4316 2575/2661/4320 2574/2660/4321
f 2444/2526/4097 2572/2658/4314 2574/2660/4318
f 2574/2660/4318 2446/2528/4102 2444/2526/4097
f 2576/2662/4322 2574/2660/4321 2575/2661/4323
f 2575/2661/4320 2577/2663/4324 2576/2662/4322
f 2446/2528/4102 2574/2660/4318 2576/2662/4322
f 2576/2662/4322 2448/2530/4105 2446/2528/4100
f 2578/2664/4325 2576/2662/4322 2577/2663/4326
f 2577/2663/4327 2579/2665/4328 2578/2664/4325
f 2448/2530/4105 2576/2662/4322 2578/2664/4325
f 2578/2664/4325 2450/2532/4329 2448/2530/4103
f 2580/2666/4330 2578/2664/4331 2579/2665/4332
f 2579/2665/4328 2581/2667/4333 2580/2666/4330
f 2450/2532/4106 2578/2664/4334 2580/2666/4330
f 2580/2666/4330 2452/2534/4112 2450/2532/4106
f 2582/2668/4335 2580/2666/4330 2581/2667/4333
f 2581/2667/4333 2583/2669/4336 2582/2668/4337
f 2452/2534/4112 2580/2666/4330 2582/2668/4335
f 2582/2668/4338 2454/2536/4115 2452/2534/4339
f 2584/2670/4340 2582/2668/4337 2583/2669/4336
f 2583/2669/4336 2585/2671/4341 2584/2670/4340
f 2454/2536/4118 2582/2668/4342 2584/2670/4340
f 2584/2670/4340 2456/2538/4119 2454/2536/4115
f 2586/2672/4343 2584/2670/4340 2585/2671/4341
f 2585/2671/4341 2587/2673/4344 2586/2672/4343
f 2456/2538/4119 2584/2670/4340 2586/2672/4343
f 2586/2672/4343 2588/2674/4345 2456/2538/4119
f 2589/2675/4346 2588/2674/4347 2586/2672/4343
f 2586/2672/4348 2590/2676/4349 2589/2675/4346
f 2459/2541/4123 2588/2674/4345 2589/2675/4346
f 2589/2675/4346 2591/2677/4350 2459/2541/4123
f 2456/2538/4119 2588/2674/4345 2459/2541/4123
f 2459/2541/4123 2455/2537/4117 2456/2538/4119
f 2592/2678/4351 2591/2677/4352 2589/2675/4353
f 2589/2675/4346 2593/2679/4354 2592/2678/4351
f 2462/2544/4355 2591/2677/4350 2592/2678/4351
f 2592/2678/4351 2594/2680/4356 2462/2544/4126
f 2459/2541/4357 2591/2677/4350 2462/2544/4126
f 2462/2544/4126 2458/2540/4122 2459/2541/4123
f 2595/2681/4358 2594/2680/4356 2592/2678/4351
f 2592/2678/4351 2596/2682/4359 2595/2681/4358
f 2465/2547/4130 2594/2680/4356 2595/2681/4360
f 2595/2681/4358 2467/2549/4133 2465/2547/4130
f 2462/2544/4126 2594/2680/4356 2465/2547/4130
f 2465/2547/4130 2461/2543/4125 2462/2544/4355
f 2597/2683/4361 2595/2681/4358 2596/2682/4359
f 2596/2682/4359 2598/2684/4362 2597/2683/4361
f 2467/2549/4133 2595/2681/4358 2597/2683/4361
f 2597/2683/4361 2469/2551/4136 2467/2549/4133
f 2599/2685/4363 2597/2683/4361 2598/2684/4364
f 2598/2684/4362 2600/2686/4365 2599/2685/4363
f 2469/2551/4136 2597/2683/4361 2599/2685/4363
f 2599/2685/4363 2601/2687/4366 2469/2551/4367
f 2602/2688/4368 2601/2687/4366 2599/2685/4363
f 2599/2685/4363 2603/2689/4369 2602/2688/4368
f 2472/2554/4140 2601/2687/4366 2602/2688/4368
f 2602/2688/4368 2604/2690/4370 2472/2554/4140
f 2469/2551/4136 2601/2687/4366 2472/2554/4140
f 2472/2554/4140 2468/2550/4135 2469/2551/4136
f 2605/2691/4371 2604/2690/4370 2602/2688/4368
f 2602/2688/4368 2606/2692/4372 2605/2691/4371
f 2475/2557/4373 2604/2690/4370 2605/2691/4371
f 2605/2691/4371 2607/2693/4374 2475/2557/4373
f 2472/2554/4140 2604/2690/4370 2475/2557/4373
f 2475/2557/4373 2471/2553/4139 2472/2554/4140
f 2608/2694/4375 2607/2693/4374 2605/2691/4371
f 2605/2691/4371 2609/2695/4376 2608/2694/4375
f 2478/2560/4377 2607/2693/4378 2608/2694/4379
f 2608/2694/4375 2610/2696/4380 2478/2560/4377
f 2475/2557/4146 2607/2693/4374 2478/2560/4377
f 2478/2560/4377 2474/2556/4145 2475/2557/4146
f 2611/2697/4381 2610/2696/4382 2608/2694/4375
f 2608/2694/4375 2612/2698/4383 2611/2697/4384
f 2481/2563/4385 2610/2696/4380 2611/2697/4381
f 2611/2697/4381 2487/2569/4169 2481/2563/4385
f 2478/2560/4377 2610/2696/4386 2481/2563/4155
f 2481/2563/4155 2477/2559/4149 2478/2560/4150
f 2490/2572/4172 2611/2697/4381 2612/2698/4383
f 2612/2698/4383 2613/2699/4387 2490/2572/4172
f 2487/2569/4169 2611/2697/4381 2490/2572/4172
f 2490/2572/4172 2486/2568/4167 2487/2569/4388
f 2614/2700/4389 2613/2699/4387 2612/2698/4383
f 2612/2698/4383 2615/2701/4390 2614/2700/4389
f 2616/2702/4391 2613/2699/4387 2614/2700/4389
f 2614/2700/4389 2617/2703/4392 2616/2702/4391
f 2490/2572/4172 2613/2699/4387 2616/2702/4391
f 2616/2702/4391 2489/2571/4393 2490/2572/4172
f 2618/2704/4394 2616/2702/4391 2617/2703/4392
f 2617/2703/4392 2619/2705/4395 2618/2704/4394
f 2489/2571/4171 2616/2702/4391 2618/2704/4394
f 2618/2704/4394 2492/2574/4178 2489/2571/4171
f 2497/2579/4396 2618/2704/4394 2619/2705/4395
f 2619/2705/4395 2620/2706/4397 2497/2579/4184
f 2492/2574/4178 2618/2704/4394 2497/2579/4184
f 2497/2579/4396 2494/2576/4180 2492/2574/4174
f 2621/2707/4398 2620/2706/4397 2619/2705/4395
f 2619/2705/4395 2622/2708/4399 2621/2707/4398
f 2623/2709/4400 2620/2706/4397 2621/2707/4398
f 2621/2707/4398 2624/2710/4401 2623/2709/4400
f 2497/2579/4184 2620/2706/4397 2623/2709/4400
f 2623/2709/4400 2496/2578/4183 2497/2579/4396
f 2625/2711/4402 2623/2709/4400 2624/2710/4401
f 2624/2710/4401 2626/2712/4403 2625/2711/4404
f 2496/2578/4183 2623/2709/4400 2625/2711/4402
f 2625/2711/4404 2499/2581/4186 2496/2578/4183
f 2627/2713/4405 2625/2711/4402 2626/2712/4403
f 2626/2712/4406 2628/2714/4407 2627/2713/4405
f 2499/2581/4186 2625/2711/4402 2627/2713/4405
f 2627/2713/4405 2501/2583/4190 2499/2581/4186
f 2629/2715/4408 2627/2713/4405 2628/2714/4407
f 2628/2714/4407 2630/2716/4409 2629/2715/4408
f 2501/2583/4190 2627/2713/4405 2629/2715/4408
f 2629/2715/4408 2503/2585/4193 2501/2583/4190
f 2631/2717/4410 2629/2715/4408 2630/2716/4411
f 2630/2716/4411 2632/2718/4412 2631/2717/4410
f 2503/2585/4193 2629/2715/4408 2631/2717/4410
f 2631/2717/4410 2505/2587/4195 2503/2585/4193
f 2510/2592/4413 2631/2717/4410 2632/2718/4412
f 2632/2718/4412 2633/2719/4414 2510/2592/4413
f 2505/2587/4199 2631/2717/4410 2510/2592/4415
f 2510/2592/4413 2507/2589/4202 2505/2587/4195
f 2634/2720/4416 2633/2719/4417 2632/2718/4418
f 2632/2718/4412 2635/2721/4419 2634/2720/4420
f 2636/2722/4421 2633/2719/4414 2634/2720/4416
f 2634/2720/4420 2637/2723/4422 2636/2722/4421
f 2510/2592/4413 2633/2719/4417 2636/2722/4421
f 2636/2722/4421 2509/2591/4206 2510/2592/4423
f 2638/2724/4424 2636/2722/4421 2637/2723/4422
f 2637/2723/4422 2639/2725/4425 2638/2724/4424
f 2509/2591/4206 2636/2722/4421 2638/2724/4424
f 2638/2724/4424 2512/2594/4210 2509/2591/4206
f 2640/2726/4426 2638/2724/4424 2639/2725/4427
f 2639/2725/4427 2641/2727/4428 2640/2726/4429
f 2512/2594/4210 2638/2724/4424 2640/2726/4426
f 2640/2726/4426 2514/2596/4213 2512/2594/4210
f 2642/2728/4430 2640/2726/4429 2641/2727/4428
f 2641/2727/4428 2643/2729/4431 2642/2728/4430
f 2514/2596/4213 2640/2726/4426 2642/2728/4430
f 2642/2728/4430 2516/2598/4218 2514/2596/4213
f 2644/2730/4432 2642/2728/4430 2643/2729/4431
f 2643/2729/4431 2645/2731/4433 2644/2730/4432
f 2516/2598/4218 2642/2728/4430 2644/2730/4434
f 2644/2730/4432 2518/2600/4222 2516/2598/4218
f 2646/2732/4435 2644/2730/4432 2645/2731/4433
f 2645/2731/4433 2647/2733/4436 2646/2732/4437
f 2518/2600/4438 2644/2730/4432 2646/2732/4437
f 2646/2732/4437 2520/2602/4439 2518/2600/4222
f 2648/2734/4440 2646/2732/4437 2647/2733/4436
f 2647/2733/4441 2649/2735/4442 2648/2734/4440
f 2520/2602/4227 2646/2732/4437 2648/2734/4443
f 2648/2734/4440 2522/2604/4229 2520/2602/4227
f 2650/2736/4444 2648/2734/4440 2649/2735/4442
f 2649/2735/4442 2651/2737/4445 2650/2736/4444
f 2522/2604/4229 2648/2734/4440 2650/2736/4444
f 2650/2736/4444 2524/2606/4446 2522/2604/4229
f 241/245/328 2650/2736/4444 2651/2737/4445
f 2651/2737/4445 242/246/4447 241/245/328
f 2524/2606/4446 2650/2736/4444 241/245/328
f 241/245/328 245/249/335 2524/2606/4446
f 2652/2738/4448 2651/2737/4445 2649/2735/4442
f 2649/2735/4449 2653/2739/4450 2652/2738/4448
f 242/246/4451 2651/2737/4445 2652/2738/4452
f 2652/2738/4452 2654/2740/4453 242/246/329
f 247/251/4454 2654/2740/4455 2652/2738/4452
f 2652/2738/4452 248/252/338 247/251/4454
f 2655/2741/4456 2654/2740/4457 247/251/4454
f 247/251/4454 252/256/343 2655/2741/4458
f 242/246/4451 2654/2740/4455 2655/2741/4456
f 2655/2741/4458 239/243/4459 242/246/329
f 2656/2742/4460 2655/2741/4456 252/256/343
f 252/256/343 2657/2743/4461 2656/2742/4460
f 239/243/332 2655/2741/4456 2656/2742/4460
f 2656/2742/4460 244/248/333 239/243/332
f 2658/2744/4462 2656/2742/4460 2657/2743/4463
f 2657/2743/4463 2659/2745/4464 2658/2744/4462
f 244/248/333 2656/2742/4460 2658/2744/4462
f 2658/2744/4462 2660/2746/4465 244/248/333
f 244/248/333 2660/2746/4466 2661/2747/4467
f 2661/2747/4467 243/247/334 244/248/333
f 2662/2748/4468 2660/2746/4465 2658/2744/4462
f 2658/2744/4469 2663/2749/4470 2662/2748/4471
f 2661/2747/4472 2660/2746/4465 2662/2748/4468
f 2662/2748/4471 2530/2612/4473 2661/2747/4467
f 2533/2615/4248 2662/2748/4471 2663/2749/4474
f 2663/2749/4475 2664/2750/4476 2533/2615/4477
f 2530/2612/4473 2662/2748/4471 2533/2615/4248
f 2533/2615/4248 2529/2611/4240 2530/2612/4473
f 2665/2751/4478 2664/2750/4479 2663/2749/4475
f 2663/2749/4475 2666/2752/4480 2665/2751/4478
f 2539/2621/4481 2664/2750/4479 2665/2751/4478
f 2665/2751/4478 2541/2623/4264 2539/2621/4261
f 2533/2615/4477 2664/2750/4479 2539/2621/4261
f 2539/2621/4261 2532/2614/4247 2533/2615/4477
f 2667/2753/4482 2665/2751/4478 2666/2752/4480
f 2666/2752/4480 2668/2754/4483 2667/2753/4482
f 2541/2623/4264 2665/2751/4478 2667/2753/4482
f 2667/2753/4482 2543/2625/4268 2541/2623/4264
f 2669/2755/4484 2667/2753/4482 2668/2754/4485
f 2668/2754/4483 2670/2757/4486 2669/2755/4487
f 2543/2625/4268 2667/2753/4482 2669/2755/4487
f 2669/2755/4484 2545/2628/4271 2543/2625/4268
f 2671/2759/4488 2672/2760/4489 2673/2762/4490
f 2673/2762/4490 2674/2764/4491 2671/2759/4488
f 2548/2633/4275 2672/2760/4489 2671/2759/4492
f 2671/2759/4488 2549/2635/4276 2548/2633/4275
f 2554/2640/4493 2671/2759/4488 2674/2764/4491
f 2674/2764/4491 2675/2765/4494 2554/2640/4287
f 2549/2635/4276 2671/2759/4488 2554/2640/4495
f 2554/2640/4493 2551/2637/4280 2549/2635/4276
f 2676/2766/4496 2675/2765/4494 2674/2764/4491
f 2674/2764/4491 2677/2767/4497 2676/2766/4496
f 2557/2643/4293 2675/2765/4494 2676/2766/4496
f 2676/2766/4496 2678/2768/4498 2557/2643/4499
f 2554/2640/4287 2675/2765/4494 2557/2643/4293
f 2557/2643/4293 2553/2639/4288 2554/2640/4287
f 2679/2769/4500 2678/2768/4501 2676/2766/4496
f 2676/2766/4496 2680/2770/4502 2679/2769/4500
f 2681/2771/4503 2678/2768/4501 2679/2769/4500
f 2679/2769/4500 2682/2772/4504 2681/2771/4503
f 2557/2643/4505 2678/2768/4498 2681/2771/4503
f 2681/2771/4506 2556/2642/4294 2557/2643/4505
f 2683/2773/4507 2681/2771/4506 2682/2772/4504
f 2682/2772/4504 2684/2774/4508 2683/2773/4507
f 2556/2642/4294 2681/2771/4506 2683/2773/4507
f 2683/2773/4507 2559/2645/4298 2556/2642/4291
f 2685/2775/4509 2683/2773/4507 2684/2774/4510
f 2684/2774/4510 2686/2776/4511 2685/2775/4512
f 2559/2645/4299 2683/2773/4507 2685/2775/4509
f 2685/2775/4509 2561/2647/4302 2559/2645/4296
f 2687/2777/4513 2685/2775/4509 2686/2776/4514
f 2686/2776/4511 2688/2778/4515 2687/2777/4513
f 2561/2647/4300 2685/2775/4509 2687/2777/4513
f 2687/2777/4513 2563/2649/4303 2561/2647/4300
f 2689/2779/4516 2687/2777/4513 2688/2778/4515
f 2688/2778/4515 2690/2780/4517 2689/2779/4518
f 2563/2649/4303 2687/2777/4513 2689/2779/4518
f 2689/2779/4518 2565/2651/4306 2563/2649/4303
f 2691/2781/4519 2689/2779/4516 2690/2780/4520
f 2690/2780/4520 2692/2782/4521 2691/2781/4519
f 2565/2651/4306 2689/2779/4518 2691/2781/4519
f 2691/2781/4519 2567/2653/4309 2565/2651/4306
f 2693/2783/4522 2691/2781/4519 2692/2782/4523
f 2692/2782/4523 2694/2784/4524 2693/2783/4525
f 2567/2653/4309 2691/2781/4519 2693/2783/4525
f 2693/2783/4525 2569/2655/4526 2567/2653/4309
f 2695/2785/4527 2693/2783/4522 2694/2784/4528
f 2694/2784/4529 2696/2786/4530 2695/2785/4527
f 2569/2655/4311 2693/2783/4531 2695/2785/4527
f 2695/2785/4527 2571/2657/4315 2569/2655/4526
f 2697/2787/4532 2695/2785/4527 2696/2786/4530
f 2696/2786/4530 2698/2788/4533 2697/2787/4532
f 2571/2657/4313 2695/2785/4527 2697/2787/4534
f 2697/2787/4532 2573/2659/4319 2571/2657/4315
f 2699/2789/4535 2697/2787/4534 2698/2788/4533
f 2698/2788/4533 2700/2790/4536 2699/2789/4535
f 2573/2659/4319 2697/2787/4532 2699/2789/4535
f 2699/2789/4535 2575/2661/4323 2573/2659/4316
f 2701/2791/4537 2699/2789/4535 2700/2790/4536
f 2700/2790/4538 2702/2792/4539 2701/2791/4537
f 2575/2661/4323 2699/2789/4535 2701/2791/4537
f 2701/2791/4537 2577/2663/4324 2575/2661/4323
f 2703/2793/4540 2701/2791/4537 2702/2792/4539
f 2702/2792/4539 2704/2794/4541 2703/2793/4540
f 2577/2663/4324 2701/2791/4537 2703/2793/4540
f 2703/2793/4540 2579/2665/4328 2577/2663/4542
f 2705/2795/4543 2703/2793/4540 2704/2794/4544
f 2704/2794/4541 2706/2796/4545 2705/2795/4543
f 2579/2665/4328 2703/2793/4540 2705/2795/4543
f 2705/2795/4543 2581/2667/4333 2579/2665/4332
f 2707/2797/4546 2705/2795/4543 2706/2796/4547
f 2706/2796/4547 2708/2798/4548 2707/2797/4546
f 2581/2667/4333 2705/2795/4543 2707/2797/4546
f 2707/2797/4549 2583/2669/4336 2581/2667/4333
f 2709/2799/4550 2707/2797/4546 2708/2798/4551
f 2708/2798/4551 2710/2800/4552 2709/2799/4553
f 2583/2669/4336 2707/2797/4549 2709/2799/4554
f 2709/2799/4554 2585/2671/4341 2583/2669/4336
f 2711/2801/4555 2709/2799/4553 2710/2800/4556
f 2710/2800/4556 2712/2802/4557 2711/2801/4555
f 2585/2671/4341 2709/2799/4554 2711/2801/4555
f 2711/2801/4555 2587/2673/4344 2585/2671/4341
f 2713/2803/4558 2711/2801/4555 2712/2802/4557
f 2712/2802/4557 2714/2804/4559 2713/2803/4558
f 2587/2673/4560 2711/2801/4555 2713/2803/4558
f 2713/2803/4558 2715/2805/4561 2587/2673/4560
f 2716/2806/4562 2715/2805/4561 2713/2803/4563
f 2713/2803/4558 2717/2807/4564 2716/2806/4562
f 2590/2676/4349 2715/2805/4561 2716/2806/4562
f 2716/2806/4562 2718/2808/4565 2590/2676/4349
f 2587/2673/4560 2715/2805/4561 2590/2676/4349
f 2590/2676/4349 2586/2672/4343 2587/2673/4560
f 2719/2809/4566 2718/2808/4567 2716/2806/4562
f 2716/2806/4562 2720/2810/4568 2719/2809/4566
f 2593/2679/4354 2718/2808/4567 2719/2809/4566
f 2719/2809/4566 2721/2811/4569 2593/2679/4354
f 2590/2676/4349 2718/2808/4567 2593/2679/4354
f 2593/2679/4354 2589/2675/4346 2590/2676/4349
f 2722/2812/4570 2721/2811/4571 2719/2809/4566
f 2719/2809/4566 2723/2813/4572 2722/2812/4570
f 2596/2682/4359 2721/2811/4569 2722/2812/4570
f 2722/2812/4573 2598/2684/4362 2596/2682/4359
f 2593/2679/4354 2721/2811/4574 2596/2682/4359
f 2596/2682/4359 2592/2678/4351 2593/2679/4354
f 2724/2814/4575 2722/2812/4570 2723/2813/4576
f 2723/2813/4576 2725/2815/4577 2724/2814/4575
f 2598/2684/4362 2722/2812/4570 2724/2814/4578
f 2724/2814/4575 2600/2686/4365 2598/2684/4362
f 2726/2816/4579 2724/2814/4580 2725/2815/4581
f 2725/2815/4577 2727/2817/4582 2726/2816/4583
f 2600/2686/4584 2724/2814/4575 2726/2816/4583
f 2726/2816/4579 2728/2818/4585 2600/2686/4584
f 2729/2819/4586 2728/2818/4585 2726/2816/4579
f 2726/2816/4579 2730/2820/4587 2729/2819/4586
f 2603/2689/4369 2728/2818/4585 2729/2819/4586
f 2729/2819/4586 2731/2821/4588 2603/2689/4369
f 2600/2686/4584 2728/2818/4585 2603/2689/4369
f 2603/2689/4369 2599/2685/4363 2600/2686/4584
f 2732/2822/4589 2731/2821/4590 2729/2819/4586
f 2729/2819/4591 2733/2823/4592 2732/2822/4593
f 2606/2692/4372 2731/2821/4590 2732/2822/4589
f 2732/2822/4589 2734/2824/4594 2606/2692/4372
f 2603/2689/4369 2731/2821/4588 2606/2692/4372
f 2606/2692/4372 2602/2688/4368 2603/2689/4369
f 2735/2825/4595 2734/2824/4594 2732/2822/4589
f 2732/2822/4589 2736/2826/4596 2735/2825/4595
f 2609/2695/4376 2734/2824/4594 2735/2825/4595
f 2735/2825/4595 2615/2701/4597 2609/2695/4376
f 2606/2692/4372 2734/2824/4594 2609/2695/4376
f 2609/2695/4598 2605/2691/4371 2606/2692/4372
f 2737/2827/4599 2735/2825/4595 2736/2826/4596
f 2736/2826/4596 2738/2828/4600 2737/2827/4599
f 2615/2701/4597 2735/2825/4595 2737/2827/4599
f 2737/2827/4599 2614/2700/4389 2615/2701/4597
f 2739/2829/4601 2737/2827/4599 2738/2828/4600
f 2738/2828/4600 2740/2830/4602 2739/2829/4603
f 2614/2700/4389 2737/2827/4599 2739/2829/4604
f 2739/2829/4601 2617/2703/4392 2614/2700/4389
f 2622/2708/4399 2739/2829/4601 2740/2830/4602
f 2740/2830/4605 2741/2831/4606 2622/2708/4607
f 2617/2703/4392 2739/2829/4601 2622/2708/4399
f 2622/2708/4399 2619/2705/4395 2617/2703/4392
f 2742/2832/4608 2741/2831/4606 2740/2830/4602
f 2740/2830/4602 2743/2833/4609 2742/2832/4610
f 2744/2834/4611 2741/2831/4606 2742/2832/4610
f 2742/2832/4610 2745/2835/4612 2744/2834/4611
f 2622/2708/4399 2741/2831/4606 2744/2834/4613
f 2744/2834/4611 2621/2707/4398 2622/2708/4607
f 2746/2836/4614 2744/2834/4613 2745/2835/4612
f 2745/2835/4612 2747/2837/4615 2746/2836/4616
f 2621/2707/4398 2744/2834/4611 2746/2836/4617
f 2746/2836/4616 2624/2710/4401 2621/2707/4398
f 2748/2838/4618 2746/2836/4619 2747/2837/4615
f 2747/2837/4615 2749/2839/4620 2748/2838/4618
f 2624/2710/4401 2746/2836/4619 2748/2838/4618
f 2748/2838/4618 2626/2712/4403 2624/2710/4401
f 2750/2840/4621 2748/2838/4618 2749/2839/4620
f 2749/2839/4620 2751/2841/4622 2750/2840/4623
f 2626/2712/4403 2748/2838/4618 2750/2840/4623
f 2750/2840/4624 2628/2714/4407 2626/2712/4406
f 2752/2842/4625 2750/2840/4626 2751/2841/4622
f 2751/2841/4622 2753/2843/4627 2752/2842/4625
f 2628/2714/4407 2750/2840/4624 2752/2842/4625
f 2752/2842/4625 2630/2716/4411 2628/2714/4407
f 2635/2721/4419 2752/2842/4625 2753/2843/4628
f 2753/2843/4629 2754/2844/4630 2635/2721/4419
f 2630/2716/4409 2752/2842/4625 2635/2721/4419
f 2635/2721/4631 2632/2718/4412 2630/2716/4411
f 2755/2845/4632 2754/2844/4633 2753/2843/4634
f 2753/2843/4628 2756/2846/4635 2755/2845/4632
f 2757/2847/4636 2754/2844/4633 2755/2845/4632
f 2755/2845/4632 2758/2848/4637 2757/2847/4636
f 2635/2721/4419 2754/2844/4633 2757/2847/4636
f 2757/2847/4636 2634/2720/4420 2635/2721/4419
f 2759/2849/4638 2757/2847/4636 2758/2848/4639
f 2758/2848/4639 2760/2850/4640 2759/2849/4641
f 2634/2720/4420 2757/2847/4636 2759/2849/4638
f 2759/2849/4642 2637/2723/4422 2634/2720/4416
f 2761/2851/4643 2759/2849/4644 2760/2850/4640
f 2760/2850/4645 2762/2852/4646 2761/2851/4643
f 2637/2723/4422 2759/2849/4641 2761/2851/4643
f 2761/2851/4643 2639/2725/4427 2637/2723/4422
f 2763/2853/4647 2761/2851/4643 2762/2852/4646
f 2762/2852/4646 2764/2854/4648 2763/2853/4649
f 2639/2725/4427 2761/2851/4643 2763/2853/4650
f 2763/2853/4651 2641/2727/4428 2639/2725/4652
f 2765/2855/4653 2763/2853/4654 2764/2854/4648
f 2764/2854/4648 2766/2856/4655 2765/2855/4653
f 2641/2727/4428 2763/2853/4649 2765/2855/4653
f 2765/2855/4656 2643/2729/4431 2641/2727/4428
f 2767/2857/4657 2765/2855/4653 2766/2856/4658
f 2766/2856/4658 2768/2858/4659 2767/2857/4657
f 2643/2729/4431 2765/2855/4653 2767/2857/4657
f 2767/2857/4657 2645/2731/4433 2643/2729/4431
f 2769/2859/4660 2767/2857/4661 2768/2858/4662
f 2768/2858/4659 2770/2860/4663 2769/2859/4664
f 2645/2731/4433 2767/2857/4661 2769/2859/4664
f 2769/2859/4664 2647/2733/4441 2645/2731/4433
f 2653/2739/4450 2769/2859/4664 2770/2860/4663
f 2770/2860/4663 2771/2861/4665 2653/2739/4666
f 2647/2733/4667 2769/2859/4664 2653/2739/4668
f 2653/2739/4668 2649/2735/4442 2647/2733/4436
f 2772/2862/4669 2771/2861/4665 2770/2860/4663
f 2770/2860/4663 2773/2863/4670 2772/2862/4671
f 248/252/338 2771/2861/4665 2772/2862/4671
f 2772/2862/4671 249/253/4672 248/252/338
f 2653/2739/4668 2771/2861/4665 248/252/338
f 248/252/4673 2652/2738/4448 2653/2739/4668
f 2774/2864/4674 2772/2862/4671 2773/2863/4675
f 2773/2863/4670 2775/2865/4676 2774/2864/4674
f 249/253/339 2772/2862/4671 2774/2864/4677
f 2774/2864/4677 2776/2866/4678 249/253/339
f 2777/2867/4679 2776/2866/4680 2774/2864/4674
f 2774/2864/4674 2778/2868/4681 2777/2867/4682
f 2779/2869/4683 2776/2866/4678 2777/2867/4682
f 2777/2867/4682 2780/2870/4684 2779/2869/4683
f 249/253/4685 2776/2866/4680 2779/2869/4683
f 2779/2869/4683 246/250/336 249/253/339
f 2781/2871/4686 2779/2869/4683 2780/2870/4684
f 2780/2870/4684 2782/2872/4687 2781/2871/4688
f 246/250/341 2779/2869/4683 2781/2871/4686
f 2781/2871/4688 251/255/4689 246/250/341
f 2783/2873/4690 2781/2871/4688 2782/2872/4691
f 2782/2872/4691 2784/2875/4692 2783/2873/4690
f 251/255/4689 2781/2871/4686 2783/2873/4690
f 2783/2873/4690 2785/2877/4693 251/255/4689
f 251/255/4689 2785/2877/4693 2786/2879/4694
f 2786/2879/4694 250/254/340 251/255/4689
f 250/254/340 2786/2879/4694 2787/2881/4695
f 2787/2881/4695 253/257/344 250/254/340
f 253/257/4696 2787/2881/4695 2788/2883/4697
f 2788/2883/4697 2789/2885/4698 253/257/4696
f 253/257/344 2789/2885/4698 2657/2743/4463
f 2657/2743/4463 252/256/343 253/257/344
f 2790/2886/4699 2789/2885/4700 2788/2883/4697
f 2788/2883/4697 2791/2887/4701 2790/2886/4702
f 2657/2743/4461 2789/2885/4698 2790/2886/4703
f 2790/2886/4699 2659/2745/4464 2657/2743/4463
f 2668/2754/4485 2790/2886/4699 2791/2887/4701
f 2791/2887/4701 2670/2757/4486 2668/2754/4485
f 2659/2745/4464 2790/2886/4704 2668/2754/4485
f 2668/2754/4483 2666/2752/4705 2659/2745/4464
f 2677/2767/4497 2792/2889/4706 2793/2891/4707
f 2793/2891/4707 2794/2893/4708 2677/2767/4497
f 2673/2762/4490 2792/2889/4706 2677/2767/4497
f 2677/2767/4497 2674/2764/4491 2673/2762/4490
f 2795/2894/4709 2794/2893/4710 2793/2891/4707
f 2793/2891/4711 2796/2895/4712 2795/2894/4709
f 2680/2770/4502 2794/2893/4710 2795/2894/4709
f 2795/2894/4709 2797/2897/4713 2680/2770/4502
f 2677/2767/4497 2794/2893/4708 2680/2770/4502
f 2680/2770/4714 2676/2766/4496 2677/2767/4497
f 2798/2898/4715 2797/2897/4713 2795/2894/4709
f 2795/2894/4716 2799/2899/4717 2798/2898/4715
f 2800/2900/4718 2797/2897/4713 2798/2898/4715
f 2798/2898/4715 2801/2901/4719 2800/2900/4720
f 2680/2770/4502 2797/2897/4713 2800/2900/4718
f 2800/2900/4718 2679/2769/4500 2680/2770/4502
f 2802/2902/4721 2800/2900/4718 2801/2901/4722
f 2801/2901/4719 2803/2903/4723 2802/2902/4721
f 2679/2769/4500 2800/2900/4718 2802/2902/4721
f 2802/2902/4721 2682/2772/4504 2679/2769/4500
f 2804/2904/4724 2802/2902/4721 2803/2903/4723
f 2803/2903/4723 2805/2905/4725 2804/2904/4724
f 2682/2772/4504 2802/2902/4721 2804/2904/4724
f 2804/2904/4724 2684/2774/4508 2682/2772/4504
f 2806/2906/4726 2804/2904/4724 2805/2905/4727
f 2805/2905/4725 2807/2907/4728 2806/2906/4729
f 2684/2774/4730 2804/2904/4724 2806/2906/4726
f 2806/2906/4731 2686/2776/4511 2684/2774/4510
f 2808/2908/4732 2806/2906/4729 2807/2907/4728
f 2807/2907/4728 2809/2909/4733 2808/2908/4734
f 2686/2776/4511 2806/2906/4729 2808/2908/4732
f 2808/2908/4732 2688/2778/4515 2686/2776/4511
f 2810/2910/4735 2808/2908/4732 2809/2909/4736
f 2809/2909/4737 2811/2911/4738 2810/2910/4735
f 2688/2778/4515 2808/2908/4734 2810/2910/4735
f 2810/2910/4739 2690/2780/4517 2688/2778/4515
f 2812/2912/4740 2810/2910/4735 2811/2911/4741
f 2811/2911/4738 2813/2913/4742 2812/2912/4743
f 2690/2780/4517 2810/2910/4735 2812/2912/4743
f 2812/2912/4743 2692/2782/4521 2690/2780/4517
f 2814/2914/4744 2812/2912/4743 2813/2913/4742
f 2813/2913/4742 2815/2915/4745 2814/2914/4744
f 2692/2782/4521 2812/2912/4743 2814/2914/4744
f 2814/2914/4744 2694/2784/4524 2692/2782/4746
f 2816/2916/4747 2814/2914/4744 2815/2915/4745
f 2815/2915/4748 2817/2917/4749 2816/2916/4747
f 2694/2784/4750 2814/2914/4744 2816/2916/4747
f 2816/2916/4751 2696/2786/4530 2694/2784/4524
f 2818/2918/4752 2816/2916/4751 2817/2917/4753
f 2817/2917/4749 2819/2919/4754 2818/2918/4755
f 2696/2786/4530 2816/2916/4756 2818/2918/4752
f 2818/2918/4752 2698/2788/4533 2696/2786/4530
f 2820/2920/4757 2818/2918/4758 2819/2919/4754
f 2819/2919/4759 2821/2921/4760 2820/2920/4761
f 2698/2788/4533 2818/2918/4752 2820/2920/4757
f 2820/2920/4761 2700/2790/4536 2698/2788/4533
f 2822/2922/4762 2820/2920/4761 2821/2921/4760
f 2821/2921/4760 2823/2923/4763 2822/2922/4762
f 2700/2790/4536 2820/2920/4761 2822/2922/4762
f 2822/2922/4762 2702/2792/4539 2700/2790/4536
f 2824/2924/4764 2822/2922/4762 2823/2923/4763
f 2823/2923/4763 2825/2925/4765 2824/2924/4764
f 2702/2792/4539 2822/2922/4762 2824/2924/4766
f 2824/2924/4764 2704/2794/4544 2702/2792/4539
f 2826/2926/4767 2824/2924/4764 2825/2925/4768
f 2825/2925/4768 2827/2927/4769 2826/2926/4770
f 2704/2794/4544 2824/2924/4764 2826/2926/4770
f 2826/2926/4770 2706/2796/4547 2704/2794/4771
f 2828/2928/4772 2826/2926/4767 2827/2927/4769
f 2827/2927/4769 2829/2929/4773 2828/2928/4772
f 2706/2796/4547 2826/2926/4767 2828/2928/4774
f 2828/2928/4774 2708/2798/4775 2706/2796/4547
f 2830/2930/4776 2828/2928/4774 2829/2929/4773
f 2829/2929/4773 2831/2931/4777 2830/2930/4778
f 2708/2798/4548 2828/2928/4774 2830/2930/4776
f 2830/2930/4778 2710/2800/4779 2708/2798/4548
f 2832/2932/4780 2830/2930/4778 2831/2931/4781
f 2831/2931/4777 2833/2933/4782 2832/2932/4783
f 2710/2800/4556 2830/2930/4778 2832/2932/4780
f 2832/2932/4780 2712/2802/4557 2710/2800/4556
f 2834/2934/4784 2832/2932/4780 2833/2933/4782
f 2833/2933/4782 2835/2935/4785 2834/2934/4784
f 2712/2802/4557 2832/2932/4780 2834/2934/4786
f 2834/2934/4784 2714/2804/4559 2712/2802/4557
f 2836/2936/4787 2834/2934/4784 2835/2935/4785
f 2835/2935/4785 2837/2937/4788 2836/2936/4787
f 2714/2804/4559 2834/2934/4784 2836/2936/4787
f 2836/2936/4787 2838/2938/4789 2714/2804/4559
f 2839/2939/4790 2838/2938/4791 2836/2936/4787
f 2836/2936/4787 2840/2940/4792 2839/2939/4790
f 2717/2807/4564 2838/2938/4789 2839/2939/4790
f 2839/2939/4790 2841/2941/4793 2717/2807/4794
f 2714/2804/4559 2838/2938/4789 2717/2807/4564
f 2717/2807/4564 2713/2803/4558 2714/2804/4559
f 2842/2942/4795 2841/2941/4793 2839/2939/4796
f 2839/2939/4790 2843/2943/4797 2842/2942/4795
f 2720/2810/4568 2841/2941/4793 2842/2942/4795
f 2842/2942/4795 2844/2944/4798 2720/2810/4568
f 2717/2807/4564 2841/2941/4793 2720/2810/4568
f 2720/2810/4568 2716/2806/4562 2717/2807/4564
f 2845/2945/4799 2844/2944/4800 2842/2942/4795
f 2842/2942/4795 2846/2946/4801 2845/2945/4799
f 2723/2813/4576 2844/2944/4800 2845/2945/4802
f 2845/2945/4799 2725/2815/4577 2723/2813/4576
f 2720/2810/4803 2844/2944/4800 2723/2813/4572
f 2723/2813/4576 2719/2809/4566 2720/2810/4568
f 2847/2947/4804 2845/2945/4802 2846/2946/4805
f 2846/2946/4806 2848/2948/4807 2847/2947/4808
f 2725/2815/4577 2845/2945/4799 2847/2947/4808
f 2847/2947/4804 2727/2817/4809 2725/2815/4581
f 2849/2949/4810 2847/2947/4804 2848/2948/4811
f 2848/2948/4807 2850/2950/4812 2849/2949/4810
f 2727/2817/4582 2847/2947/4808 2849/2949/4810
f 2849/2949/4810 2851/2951/4813 2727/2817/4809
f 2852/2952/4814 2851/2951/4813 2849/2949/4815
f 2849/2949/4810 2853/2953/4816 2852/2952/4814
f 2730/2820/4587 2851/2951/4817 2852/2952/4814
f 2852/2952/4814 2854/2954/4818 2730/2820/4587
f 2727/2817/4582 2851/2951/4817 2730/2820/4587
f 2730/2820/4587 2726/2816/4583 2727/2817/4809
f 2855/2955/4819 2854/2954/4818 2852/2952/4814
f 2852/2952/4814 2856/2956/4820 2855/2955/4821
f 2733/2823/4822 2854/2954/4818 2855/2955/4821
f 2855/2955/4821 2857/2957/4823 2733/2823/4822
f 2730/2820/4587 2854/2954/4818 2733/2823/4824
f 2733/2823/4592 2729/2819/4586 2730/2820/4587
f 2858/2958/4825 2857/2957/4823 2855/2955/4821
f 2855/2955/4821 2859/2959/4826 2858/2958/4825
f 2736/2826/4596 2857/2957/4823 2858/2958/4825
f 2858/2958/4825 2738/2828/4600 2736/2826/4596
f 2733/2823/4592 2857/2957/4823 2736/2826/4596
f 2736/2826/4596 2732/2822/4589 2733/2823/4822
f 2743/2833/4827 2858/2958/4825 2859/2959/4828
f 2859/2959/4826 2860/2960/4829 2743/2833/4609
f 2738/2828/4600 2858/2958/4825 2743/2833/4609
f 2743/2833/4609 2740/2830/4602 2738/2828/4600
f 2861/2961/4830 2860/2960/4829 2859/2959/4831
f 2859/2959/4828 2862/2962/4832 2861/2961/4833
f 2863/2963/4834 2860/2960/4829 2861/2961/4830
f 2861/2961/4833 2864/2964/4835 2863/2963/4834
f 2743/2833/4827 2860/2960/4836 2863/2963/4837
f 2863/2963/4834 2742/2832/4610 2743/2833/4609
f 2865/2965/4838 2863/2963/4834 2864/2964/4835
f 2864/2964/4835 2866/2966/4839 2865/2965/4838
f 2742/2832/4610 2863/2963/4834 2865/2965/4840
f 2865/2965/4840 2745/2835/4612 2742/2832/4610
f 2867/2967/4841 2865/2965/4840 2866/2966/4839
f 2866/2966/4839 2868/2968/4842 2867/2967/4843
f 2745/2835/4612 2865/2965/4840 2867/2967/4841
f 2867/2967/4844 2747/2837/4615 2745/2835/4612
f 2869/2969/4845 2867/2967/4846 2868/2968/4842
f 2868/2968/4842 2870/2970/4847 2869/2969/4848
f 2747/2837/4849 2867/2967/4846 2869/2969/4848
f 2869/2969/4845 2749/2839/4620 2747/2837/4615
f 2871/2971/4850 2869/2969/4851 2870/2970/4852
f 2870/2970/4847 2872/2972/4853 2871/2971/4854
f 2749/2839/4620 2869/2969/4855 2871/2971/4854
f 2871/2971/4854 2751/2841/4622 2749/2839/4620
f 2756/2846/4635 2871/2971/4854 2872/2972/4856
f 2872/2972/4853 2873/2973/4857 2756/2846/4635
f 2751/2841/4622 2871/2971/4854 2756/2846/4635
f 2756/2846/4635 2753/2843/4627 2751/2841/4622
f 2874/2974/4858 2873/2973/4857 2872/2972/4859
f 2872/2972/4856 2875/2975/4860 2874/2974/4858
f 2876/2976/4861 2873/2973/4857 2874/2974/4858
f 2874/2974/4858 2877/2977/4862 2876/2976/4863
f 2756/2846/4635 2873/2973/4857 2876/2976/4861
f 2876/2976/4863 2755/2845/4632 2756/2846/4635
f 2878/2978/4864 2876/2976/4863 2877/2977/4862
f 2877/2977/4862 2879/2979/4865 2878/2978/4864
f 2755/2845/4632 2876/2976/4861 2878/2978/4864
f 2878/2978/4864 2758/2848/4637 2755/2845/4632
f 2880/2980/4866 2878/2978/4864 2879/2979/4867
f 2879/2979/4867 2881/2981/4868 2880/2980/4869
f 2758/2848/4637 2878/2978/4864 2880/2980/4870
f 2880/2980/4866 2760/2850/4645 2758/2848/4639
f 2882/2982/4871 2880/2980/4869 2881/2981/4872
f 2881/2981/4868 2883/2983/4873 2882/2982/4871
f 2760/2850/4640 2880/2980/4866 2882/2982/4871
f 2882/2982/4874 2762/2852/4646 2760/2850/4640
f 2884/2984/4875 2882/2982/4874 2883/2983/4876
f 2883/2983/4873 2885/2985/4877 2884/2984/4875
f 2762/2852/4646 2882/2982/4871 2884/2984/4875
f 2884/2984/4878 2764/2854/4648 2762/2852/4646
f 2886/2986/4879 2884/2984/4875 2885/2985/4880
f 2885/2985/4880 2887/2987/4881 2886/2986/4879
f 2764/2854/4648 2884/2984/4875 2886/2986/4879
f 2886/2986/4879 2766/2856/4655 2764/2854/4648
f 2888/2988/4882 2886/2986/4879 2887/2987/4881
f 2887/2987/4881 2889/2989/4883 2888/2988/4882
f 2766/2856/4884 2886/2986/4879 2888/2988/4885
f 2888/2988/4882 2768/2858/4659 2766/2856/4658
f 2773/2863/4675 2888/2988/4882 2889/2989/4886
f 2889/2989/4886 2775/2865/4887 2773/2863/4675
f 2768/2858/4659 2888/2988/4882 2773/2863/4675
f 2773/2863/4675 2770/2860/4663 2768/2858/4659
f 2890/2990/4888 2889/2989/4883 2887/2987/4881
f 2887/2987/4881 2891/2991/4889 2890/2990/4890
f 2775/2865/4676 2889/2989/4886 2890/2990/4888
f 2890/2990/4891 2892/2992/4892 2775/2865/4676
f 2893/2993/4893 2892/2992/4892 2890/2990/4888
f 2890/2990/4890 2894/2994/4894 2893/2993/4895
f 2778/2868/4681 2892/2992/4892 2893/2993/4893
f 2893/2993/4893 2895/2995/4896 2778/2868/4681
f 2775/2865/4676 2892/2992/4892 2778/2868/4681
f 2778/2868/4681 2774/2864/4677 2775/2865/4897
f 2896/2996/4898 2895/2995/4896 2893/2993/4893
f 2893/2993/4893 2897/2997/4899 2896/2996/4900
f 2898/2998/4901 2895/2995/4896 2896/2996/4898
f 2896/2996/4900 2899/2999/4902 2898/2998/4901
f 2778/2868/4681 2895/2995/4896 2898/2998/4901
f 2898/2998/4901 2777/2867/4679 2778/2868/4681
f 2900/3000/4903 2898/2998/4901 2899/2999/4902
f 2899/2999/4902 2901/3001/4904 2900/3000/4905
f 2777/2867/4682 2898/2998/4906 2900/3000/4903
f 2900/3000/4905 2780/2870/4907 2777/2867/4682
f 2902/3002/4908 2900/3000/4903 2901/3001/4909
f 2901/3001/4909 2903/3003/4910 2902/3002/4908
f 2780/2870/4684 2900/3000/4903 2902/3002/4908
f 2902/3002/4908 2782/2872/4687 2780/2870/4907
f 2904/3004/4911 2902/3002/4908 2903/3003/4910
f 2903/3003/4910 2905/3006/4912 2904/3004/4913
f 2782/2872/4687 2902/3002/4908 2904/3004/4911
f 2904/3004/4913 2784/2875/4914 2782/2872/4687
f 2799/2899/4717 2906/3008/4915 2907/3010/4916
f 2907/3010/4916 2908/3012/4917 2799/2899/4918
f 2796/2895/4712 2906/3008/4915 2799/2899/4918
f 2799/2899/4918 2795/2894/4709 2796/2895/4712
f 2909/3013/4919 2908/3012/4920 2907/3010/4916
f 2907/3010/4916 2910/3014/4921 2909/3013/4922
f 2911/3016/4923 2908/3012/4920 2909/3013/4919
f 2909/3013/4922 2912/3017/4924 2911/3016/4923
f 2799/2899/4717 2908/3012/4917 2911/3016/4925
f 2911/3016/4925 2798/2898/4715 2799/2899/4717
f 2913/3018/4926 2911/3016/4925 2912/3017/4927
f 2912/3017/4927 2914/3019/4928 2913/3018/4929
f 2798/2898/4715 2911/3016/4923 2913/3018/4930
f 2913/3018/4929 2801/2901/4719 2798/2898/4715
f 2915/3020/4931 2913/3018/4932 2914/3019/4928
f 2914/3019/4928 2916/3021/4933 2915/3020/4931
f 2801/2901/4934 2913/3018/4929 2915/3020/4931
f 2915/3020/4931 2803/2903/4723 2801/2901/4719
f 2917/3022/4935 2915/3020/4931 2916/3021/4936
f 2916/3021/4936 2918/3023/4937 2917/3022/4938
f 2803/2903/4723 2915/3020/4931 2917/3022/4935
f 2917/3022/4938 2805/2905/4727 2803/2903/4723
f 2919/3024/4939 2917/3022/4940 2918/3023/4937
f 2918/3023/4941 2920/3025/4942 2919/3024/4939
f 2805/2905/4725 2917/3022/4940 2919/3024/4939
f 2919/3024/4939 2807/2907/4943 2805/2905/4727
f 2921/3026/4944 2919/3024/4939 2920/3025/4942
f 2920/3025/4942 2922/3027/4945 2921/3026/4946
f 2807/2907/4728 2919/3024/4939 2921/3026/4944
f 2921/3026/4946 2809/2909/4737 2807/2907/4943
f 2923/3028/4947 2921/3026/4944 2922/3027/4945
f 2922/3027/4945 2924/3029/4948 2923/3028/4949
f 2809/2909/4737 2921/3026/4946 2923/3028/4949
f 2923/3028/4949 2811/2911/4741 2809/2909/4733
f 2925/3030/4950 2923/3028/4949 2924/3029/4948
f 2924/3029/4951 2926/3031/4952 2925/3030/4950
f 2811/2911/4738 2923/3028/4949 2925/3030/4950
f 2925/3030/4950 2813/2913/4742 2811/2911/4738
f 2927/3032/4953 2925/3030/4950 2926/3031/4952
f 2926/3031/4952 2928/3033/4954 2927/3032/4955
f 2813/2913/4956 2925/3030/4950 2927/3032/4955
f 2927/3032/4953 2815/2915/4745 2813/2913/4742
f 2929/3034/4957 2927/3032/4955 2928/3033/4954
f 2928/3033/4954 2930/3035/4958 2929/3034/4957
f 2815/2915/4748 2927/3032/4953 2929/3034/4957
f 2929/3034/4959 2817/2917/4749 2815/2915/4745
f 2931/3036/4960 2929/3034/4957 2930/3035/4958
f 2930/3035/4958 2932/3037/4961 2931/3036/4960
f 2817/2917/4749 2929/3034/4957 2931/3036/4960
f 2931/3036/4960 2819/2919/4962 2817/2917/4749
f 2933/3038/4963 2931/3036/4960 2932/3037/4961
f 2932/3037/4961 2934/3039/4964 2933/3038/4963
f 2819/2919/4759 2931/3036/4960 2933/3038/4963
f 2933/3038/4963 2821/2921/4760 2819/2919/4965
f 2935/3040/4966 2933/3038/4963 2934/3039/4967
f 2934/3039/4967 2936/3041/4968 2935/3040/4966
f 2821/2921/4760 2933/3038/4963 2935/3040/4966
f 2935/3040/4966 2823/2923/4763 2821/2921/4760
f 2937/3042/4969 2935/3040/4966 2936/3041/4968
f 2936/3041/4968 2938/3043/4970 2937/3042/4969
f 2823/2923/4763 2935/3040/4966 2937/3042/4969
f 2937/3042/4969 2825/2925/4768 2823/2923/4763
f 2939/3044/4971 2937/3042/4969 2938/3043/4972
f 2938/3043/4970 2940/3045/4973 2939/3044/4971
f 2825/2925/4765 2937/3042/4969 2939/3044/4971
f 2939/3044/4971 2827/2927/4974 2825/2925/4768
f 2941/3046/4975 2939/3044/4971 2940/3045/4973
f 2940/3045/4973 2942/3047/4976 2941/3046/4975
f 2827/2927/4974 2939/3044/4971 2941/3046/4975
f 2941/3046/4975 2829/2929/4773 2827/2927/4769
f 2943/3048/4977 2941/3046/4975 2942/3047/4978
f 2942/3047/4976 2944/3049/4979 2943/3048/4980
f 2829/2929/4773 2941/3046/4975 2943/3048/4977
f 2943/3048/4981 2831/2931/4777 2829/2929/4773
f 2945/3050/4982 2943/3048/4981 2944/3049/4979
f 2944/3049/4983 2946/3051/4984 2945/3050/4985
f 2831/2931/4777 2943/3048/4986 2945/3050/4985
f 2945/3050/4985 2833/2933/4782 2831/2931/4777
f 2947/3052/4987 2945/3050/4985 2946/3051/4984
f 2946/3051/4984 2948/3053/4988 2947/3052/4989
f 2833/2933/4782 2945/3050/4985 2947/3052/4989
f 2947/3052/4987 2835/2935/4785 2833/2933/4782
f 2949/3054/4990 2947/3052/4989 2948/3053/4988
f 2948/3053/4988 2950/3055/4991 2949/3054/4992
f 2835/2935/4785 2947/3052/4989 2949/3054/4992
f 2949/3054/4992 2837/2937/4788 2835/2935/4785
f 2951/3056/4993 2949/3054/4990 2950/3055/4991
f 2950/3055/4991 2952/3057/4994 2951/3056/4995
f 2837/2937/4996 2949/3054/4997 2951/3056/4995
f 2951/3056/4993 2953/3058/4998 2837/2937/4788
f 2954/3059/4999 2953/3058/5000 2951/3056/4995
f 2951/3056/4995 2955/3060/5001 2954/3059/4999
f 2840/2940/5002 2953/3058/5003 2954/3059/5004
f 2954/3059/5004 2956/3061/5005 2840/2940/4792
f 2837/2937/4788 2953/3058/4998 2840/2940/4792
f 2840/2940/4792 2836/2936/4787 2837/2937/4996
f 2957/3062/5006 2956/3061/5005 2954/3059/4999
f 2954/3059/5004 2958/3063/5007 2957/3062/5006
f 2843/2943/4797 2956/3061/5005 2957/3062/5006
f 2957/3062/5008 2959/3064/5009 2843/2943/4797
f 2840/2940/5002 2956/3061/5005 2843/2943/4797
f 2843/2943/4797 2839/2939/4790 2840/2940/5002
f 2960/3065/5010 2959/3064/5009 2957/3062/5006
f 2957/3062/5006 2961/3066/5011 2960/3065/5010
f 2846/2946/4806 2959/3064/5009 2960/3065/5010
f 2960/3065/5010 2848/2948/4811 2846/2946/4801
f 2843/2943/4797 2959/3064/5009 2846/2946/4805
f 2846/2946/4805 2842/2942/4795 2843/2943/4797
f 2962/3067/5012 2960/3065/5010 2961/3066/5011
f 2961/3066/5011 2963/3068/5013 2962/3067/5012
f 2848/2948/4811 2960/3065/5010 2962/3067/5012
f 2962/3067/5012 2850/2950/4812 2848/2948/4811
f 2964/3069/5014 2962/3067/5012 2963/3068/5013
f 2963/3068/5013 2965/3070/5015 2964/3069/5014
f 2850/2950/4812 2962/3067/5012 2964/3069/5014
f 2964/3069/5014 2966/3071/5016 2850/2950/4812
f 2967/3072/5017 2966/3071/5018 2964/3069/5014
f 2964/3069/5014 2968/3073/5019 2967/3072/5017
f 2853/2953/4816 2966/3071/5020 2967/3072/5017
f 2967/3072/5021 2969/3074/5022 2853/2953/5023
f 2850/2950/4812 2966/3071/5018 2853/2953/4816
f 2853/2953/4816 2849/2949/5024 2850/2950/4812
f 2970/3075/5025 2969/3074/5022 2967/3072/5021
f 2967/3072/5017 2971/3076/5026 2970/3075/5025
f 2856/2956/5027 2969/3074/5022 2970/3075/5025
f 2970/3075/5025 2862/2962/4832 2856/2956/5027
f 2853/2953/4816 2969/3074/5022 2856/2956/4820
f 2856/2956/4820 2852/2952/4814 2853/2953/4816
f 2972/3077/5028 2970/3075/5025 2971/3076/5026
f 2971/3076/5026 2973/3078/5029 2972/3077/5028
f 2862/2962/4832 2970/3075/5025 2972/3077/5028
f 2972/3077/5028 2861/2961/4830 2862/2962/4832
f 2974/3079/5030 2972/3077/5028 2973/3078/5029
f 2973/3078/5029 257/261/348 2974/3079/5031
f 2861/2961/4830 2972/3077/5028 2974/3079/5031
f 2974/3079/5031 2864/2964/4835 2861/2961/4830
f 2975/3080/5032 2974/3079/5031 257/261/348
f 257/261/348 256/260/347 2975/3080/5032
f 2864/2964/4835 2974/3079/5031 2975/3080/5032
f 2975/3080/5032 2866/2966/4839 2864/2964/4835
f 2976/3081/5033 2975/3080/5032 256/260/347
f 256/260/347 259/263/350 2976/3081/5034
f 2866/2966/4839 2975/3080/5032 2976/3081/5034
f 2976/3081/5034 2868/2968/4842 2866/2966/4839
f 2977/3082/5035 2976/3081/5033 259/263/350
f 259/263/5036 2978/3083/5037 2977/3082/5035
f 2868/2968/4842 2976/3081/5033 2977/3082/5038
f 2977/3082/5038 2870/2970/4847 2868/2968/4842
f 2875/2975/4860 2977/3082/5035 2978/3083/5039
f 2978/3083/5039 2979/3084/5040 2875/2975/5041
f 2870/2970/4852 2977/3082/5038 2875/2975/4860
f 2875/2975/5041 2872/2972/4859 2870/2970/4852
f 2980/3085/5042 2979/3084/5040 2978/3083/5037
f 2978/3083/5037 2981/3086/5043 2980/3085/5042
f 2982/3087/5044 2979/3084/5040 2980/3085/5042
f 2980/3085/5042 2983/3088/5045 2982/3087/5044
f 2875/2975/5041 2979/3084/5046 2982/3087/5047
f 2982/3087/5048 2874/2974/5049 2875/2975/4860
f 2984/3089/5050 2982/3087/5051 2983/3088/5045
f 2983/3088/5045 2985/3090/5052 2984/3089/5053
f 2874/2974/4858 2982/3087/5054 2984/3089/5050
f 2984/3089/5050 2877/2977/4862 2874/2974/4858
f 2986/3091/5055 2984/3089/5050 2985/3090/5052
f 2985/3090/5052 2987/3092/5056 2986/3091/5055
f 2877/2977/4862 2984/3089/5057 2986/3091/5055
f 2986/3091/5055 2879/2979/4867 2877/2977/4862
f 2988/3093/5058 2986/3091/5055 2987/3092/5056
f 2987/3092/5056 2989/3094/5059 2988/3093/5060
f 2879/2979/4867 2986/3091/5055 2988/3093/5058
f 2988/3093/5058 2881/2981/4868 2879/2979/4865
f 2990/3095/5061 2988/3093/5060 2989/3094/5059
f 2989/3094/5059 2991/3096/5062 2990/3095/5061
f 2881/2981/4868 2988/3093/5058 2990/3095/5061
f 2990/3095/5061 2883/2983/4876 2881/2981/4868
f 2992/3097/5063 2990/3095/5061 2991/3096/5064
f 2991/3096/5064 2993/3098/5065 2992/3097/5066
f 2883/2983/4873 2990/3095/5061 2992/3097/5063
f 2992/3097/5063 2885/2985/4880 2883/2983/4873
f 2891/2991/4889 2992/3097/5063 2993/3098/5067
f 2993/3098/5067 2994/3099/5068 2891/2991/5069
f 2885/2985/4877 2992/3097/5063 2891/2991/5069
f 2891/2991/4889 2887/2987/4881 2885/2985/5070
f 2995/3100/5071 2994/3099/5068 2993/3098/5072
f 2993/3098/5067 2996/3101/5073 2995/3100/5074
f 2894/2994/4894 2994/3099/5068 2995/3100/5071
f 2995/3100/5074 2997/3102/5075 2894/2994/4894
f 2891/2991/4889 2994/3099/5076 2894/2994/4894
f 2894/2994/4894 2890/2990/4888 2891/2991/4889
f 2998/3103/5077 2997/3102/5075 2995/3100/5071
f 2995/3100/5074 2999/3104/5078 2998/3103/5077
f 2897/2997/5079 2997/3102/5075 2998/3103/5077
f 2998/3103/5077 3000/3105/5080 2897/2997/4899
f 2894/2994/4894 2997/3102/5075 2897/2997/4899
f 2897/2997/5079 2893/2993/4893 2894/2994/4894
f 3001/3106/5081 3000/3105/5080 2998/3103/5077
f 2998/3103/5077 3002/3107/5082 3001/3106/5081
f 3003/3108/5083 3000/3105/5080 3001/3106/5081
f 3001/3106/5081 3004/3109/5084 3003/3108/5085
f 2897/2997/4899 3000/3105/5080 3003/3108/5085
f 3003/3108/5085 2896/2996/4898 2897/2997/4899
f 3005/3110/5086 3003/3108/5085 3004/3109/5084
f 3004/3109/5084 3006/3111/5087 3005/3110/5086
f 2896/2996/4900 3003/3108/5085 3005/3110/5086
f 3005/3110/5086 2899/2999/4902 2896/2996/4898
f 3007/3112/5088 3005/3110/5086 3006/3111/5089
f 3006/3111/5089 3008/3113/5090 3007/3112/5088
f 2899/2999/4902 3005/3110/5086 3007/3112/5088
f 3007/3112/5088 2901/3001/5091 2899/2999/4902
f 3009/3114/5092 3007/3112/5088 3008/3113/5090
f 3008/3113/5090 3010/3115/5093 3009/3114/5092
f 2901/3001/4904 3007/3112/5088 3009/3114/5092
f 3009/3114/5092 2903/3003/4910 2901/3001/4909
f 3011/3116/5094 3009/3114/5092 3010/3115/5095
f 3010/3115/5095 3012/3118/5096 3011/3116/5094
f 2903/3003/4910 3009/3114/5092 3011/3116/5094
f 3011/3116/5094 2905/3006/5097 2903/3003/4910
f 3013/3120/5098 3014/3121/5099 3015/3123/5100
f 3015/3123/5100 3016/3125/5101 3013/3120/5098
f 2910/3014/4921 3014/3121/5102 3013/3120/5098
f 3013/3120/5098 2909/3013/5103 2910/3014/4921
f 3017/3126/5104 3013/3120/5098 3016/3125/5105
f 3016/3125/5106 3018/3127/5107 3017/3126/5108
f 2909/3013/4919 3013/3120/5098 3017/3126/5108
f 3017/3126/5104 2912/3017/4927 2909/3013/4922
f 3019/3128/5109 3017/3126/5108 3018/3127/5107
f 3018/3127/5107 3020/3129/5110 3019/3128/5109
f 2912/3017/5111 3017/3126/5108 3019/3128/5109
f 3019/3128/5109 2914/3019/4928 2912/3017/4927
f 3021/3130/5112 3019/3128/5109 3020/3129/5113
f 3020/3129/5110 3022/3131/5114 3021/3130/5112
f 2914/3019/4928 3019/3128/5109 3021/3130/5112
f 3021/3130/5115 2916/3021/4936 2914/3019/5116
f 3023/3132/5117 3021/3130/5112 3022/3131/5114
f 3022/3131/5114 3024/3133/5118 3023/3132/5117
f 2916/3021/4936 3021/3130/5112 3023/3132/5117
f 3023/3132/5117 2918/3023/4941 2916/3021/4933
f 3025/3134/5119 3023/3132/5117 3024/3133/5118
f 3024/3133/5118 3026/3135/5120 3025/3134/5119
f 2918/3023/4941 3023/3132/5121 3025/3134/5119
f 3025/3134/5119 2920/3025/5122 2918/3023/4937
f 3027/3136/5123 3025/3134/5119 3026/3135/5120
f 3026/3135/5120 3028/3137/5124 3027/3136/5123
f 2920/3025/5122 3025/3134/5119 3027/3136/5123
f 3027/3136/5123 2922/3027/4945 2920/3025/4942
f 3029/3138/5125 3027/3136/5123 3028/3137/5124
f 3028/3137/5124 3030/3139/5126 3029/3138/5125
f 2922/3027/4945 3027/3136/5123 3029/3138/5125
f 3029/3138/5125 2924/3029/4948 2922/3027/4945
f 3031/3140/5127 3029/3138/5125 3030/3139/5126
f 3030/3139/5126 3032/3141/5128 3031/3140/5129
f 2924/3029/4948 3029/3138/5125 3031/3140/5129
f 3031/3140/5127 2926/3031/4952 2924/3029/5130
f 3033/3142/5131 3031/3140/5127 3032/3141/5128
f 3032/3141/5132 3034/3143/5133 3033/3142/5131
f 2926/3031/4952 3031/3140/5127 3033/3142/5131
f 3033/3142/5131 2928/3033/4954 2926/3031/4952
f 3035/3144/5134 3033/3142/5131 3034/3143/5133
f 3034/3143/5133 3036/3145/5135 3035/3144/5134
f 2928/3033/4954 3033/3142/5131 3035/3144/5134
f 3035/3144/5136 2930/3035/5137 2928/3033/4954
f 3037/3146/5138 3035/3144/5134 3036/3145/5135
f 3036/3145/5135 3038/3147/5139 3037/3146/5138
f 2930/3035/4958 3035/3144/5134 3037/3146/5138
f 3037/3146/5140 2932/3037/4961 2930/3035/4958
f 3039/3148/5141 3037/3146/5138 3038/3147/5139
f 3038/3147/5139 3040/3149/5142 3039/3148/5141
f 2932/3037/4961 3037/3146/5138 3039/3148/5141
f 3039/3148/5141 2934/3039/4967 2932/3037/4961
f 3041/3150/5143 3039/3148/5141 3040/3149/5144
f 3040/3149/5144 3042/3151/5145 3041/3150/5143
f 2934/3039/4967 3039/3148/5141 3041/3150/5143
f 3041/3150/5146 2936/3041/4968 2934/3039/4967
f 3043/3152/5147 3041/3150/5143 3042/3151/5148
f 3042/3151/5145 3044/3153/5149 3043/3152/5147
f 2936/3041/4968 3041/3150/5143 3043/3152/5150
f 3043/3152/5147 2938/3043/4972 2936/3041/4968
f 3045/3154/5151 3043/3152/5152 3044/3153/5149
f 3044/3153/5149 3046/3155/5153 3045/3154/5154
f 2938/3043/4970 3043/3152/5155 3045/3154/5151
f 3045/3154/5151 2940/3045/4973 2938/3043/4970
f 3047/3156/5156 3045/3154/5157 3046/3155/5158
f 3046/3155/5158 3048/3157/5159 3047/3156/5156
f 2940/3045/4973 3045/3154/5151 3047/3156/5160
f 3047/3156/5160 2942/3047/4976 2940/3045/4973
f 3049/3158/5161 3047/3156/5160 3048/3157/5159
f 3048/3157/5159 3050/3159/5162 3049/3158/5161
f 2942/3047/4978 3047/3156/5156 3049/3158/5163
f 3049/3158/5161 2944/3049/4979 2942/3047/4976
f 3051/3160/5164 3049/3158/5161 3050/3159/5162
f 3050/3159/5162 3052/3161/5165 3051/3160/5166
f 2944/3049/4983 3049/3158/5163 3051/3160/5167
f 3051/3160/5164 2946/3051/5168 2944/3049/4983
f 3053/3162/5169 3051/3160/5164 3052/3161/5165
f 3052/3161/5165 3054/3163/5170 3053/3162/5169
f 2946/3051/5168 3051/3160/5164 3053/3162/5171
f 3053/3162/5171 2948/3053/4988 2946/3051/4984
f 3055/3164/5172 3053/3162/5171 3054/3163/5170
f 3054/3163/5170 3056/3165/5173 3055/3164/5172
f 2948/3053/4988 3053/3162/5171 3055/3164/5174
f 3055/3164/5172 2950/3055/4991 2948/3053/4988
f 3057/3166/5175 3055/3164/5172 3056/3165/5176
f 3056/3165/5177 3058/3167/5178 3057/3166/5175
f 2950/3055/4991 3055/3164/5179 3057/3166/5175
f 3057/3166/5175 2952/3057/4994 2950/3055/4991
f 3059/3168/5180 3057/3166/5175 3058/3167/5178
f 3058/3167/5178 3060/3169/5181 3059/3168/5180
f 2952/3057/5182 3057/3166/5175 3059/3168/5180
f 3059/3168/5180 3061/3170/5183 2952/3057/4994
f 3062/3171/5184 3061/3170/5183 3059/3168/5180
f 3059/3168/5180 3063/3172/5185 3062/3171/5184
f 2955/3060/5186 3061/3170/5183 3062/3171/5184
f 3062/3171/5184 3064/3173/5187 2955/3060/5186
f 2952/3057/5182 3061/3170/5183 2955/3060/5001
f 2955/3060/5001 2951/3056/4995 2952/3057/5182
f 3065/3174/5188 3064/3173/5187 3062/3171/5184
f 3062/3171/5184 3066/3175/5189 3065/3174/5188
f 2958/3063/5007 3064/3173/5187 3065/3174/5188
f 3065/3174/5188 3067/3176/5190 2958/3063/5007
f 2955/3060/5001 3064/3173/5187 2958/3063/5007
f 2958/3063/5007 2954/3059/5004 2955/3060/5001
f 3068/3177/5191 3067/3176/5190 3065/3174/5188
f 3065/3174/5188 3069/3178/5192 3068/3177/5191
f 2961/3066/5011 3067/3176/5190 3068/3177/5193
f 3068/3177/5193 2963/3068/5194 2961/3066/5011
f 2958/3063/5007 3067/3176/5195 2961/3066/5011
f 2961/3066/5011 2957/3062/5006 2958/3063/5007
f 3070/3179/5196 3068/3177/5191 3069/3178/5192
f 3069/3178/5192 3071/3180/5197 3070/3179/5196
f 2963/3068/5194 3068/3177/5191 3070/3179/5196
f 3070/3179/5196 2965/3070/5015 2963/3068/5013
f 3072/3181/5198 3070/3179/5196 3071/3180/5197
f 3071/3180/5197 3073/3182/5199 3072/3181/5198
f 2965/3070/5015 3070/3179/5196 3072/3181/5200
f 3072/3181/5200 3074/3183/5201 2965/3070/5015
f 3075/3184/5202 3074/3183/5201 3072/3181/5198
f 3072/3181/5198 3076/3185/5203 3075/3184/5202
f 2968/3073/5019 3074/3183/5201 3075/3184/5204
f 3075/3184/5202 3077/3186/5205 2968/3073/5206
f 2965/3070/5015 3074/3183/5201 2968/3073/5019
f 2968/3073/5019 2964/3069/5014 2965/3070/5015
f 3078/3187/5207 3077/3186/5205 3075/3184/5204
f 3075/3184/5202 3079/3188/5208 3078/3187/5209
f 2971/3076/5026 3077/3186/5205 3078/3187/5210
f 3078/3187/5211 2973/3078/5029 2971/3076/5026
f 2968/3073/5019 3077/3186/5205 2971/3076/5212
f 2971/3076/5026 2967/3072/5017 2968/3073/5019
f 254/258/345 3078/3187/5209 3079/3188/5213
f 3079/3188/5208 263/267/5214 254/258/345
f 2973/3078/5029 3078/3187/5207 254/258/345
f 254/258/345 257/261/348 2973/3078/5029
f 3080/3189/5215 3079/3188/5216 3075/3184/5202
f 3075/3184/5202 3076/3185/5203 3080/3189/5215
f 263/267/355 3079/3188/5216 3080/3189/5215
f 3080/3189/5215 267/271/359 263/267/355
f 3081/3190/5217 3080/3189/5215 3076/3185/5203
f 3076/3185/5203 3082/3191/5218 3081/3190/5217
f 267/271/359 3080/3189/5215 3081/3190/5217
f 3081/3190/5217 268/272/360 267/271/359
f 3083/3192/5219 3081/3190/5217 3082/3191/5218
f 3082/3191/5218 3084/3193/5220 3083/3192/5221
f 268/272/360 3081/3190/5217 3083/3192/5221
f 3083/3192/5221 3085/3194/5222 268/272/360
f 3086/3195/5223 3085/3194/5222 3083/3192/5224
f 3083/3192/5219 3087/3196/5225 3086/3195/5223
f 3088/3197/5226 3085/3194/5222 3086/3195/5223
f 3086/3195/5223 3089/3198/5227 3088/3197/5226
f 268/272/360 3085/3194/5222 3088/3197/5226
f 3088/3197/5226 265/269/5228 268/272/360
f 3090/3199/5229 3088/3197/5226 3089/3198/5227
f 3089/3198/5227 3091/3200/5230 3090/3199/5229
f 265/269/5228 3088/3197/5226 3090/3199/5229
f 3090/3199/5229 264/268/356 265/269/5228
f 3092/3201/5231 3090/3199/5229 3091/3200/5232
f 3091/3200/5230 3093/3202/5233 3092/3201/5231
f 264/268/356 3090/3199/5229 3092/3201/5234
f 3092/3201/5231 260/264/352 264/268/356
f 3094/3203/5235 3092/3201/5234 3093/3202/5236
f 3093/3202/5233 3095/3204/5237 3094/3203/5235
f 260/264/352 3092/3201/5231 3094/3203/5235
f 3094/3203/5235 261/265/353 260/264/352
f 3096/3205/5238 3094/3203/5235 3095/3204/5237
f 3095/3204/5237 3097/3206/5239 3096/3205/5240
f 261/265/5241 3094/3203/5235 3096/3205/5240
f 3096/3205/5238 3098/3207/5242 261/265/5241
f 3099/3208/5243 3098/3207/5242 3096/3205/5244
f 3096/3205/5240 3100/3209/5245 3099/3208/5243
f 2981/3086/5043 3098/3207/5242 3099/3208/5246
f 3099/3208/5246 2980/3085/5042 2981/3086/5043
f 261/265/5241 3098/3207/5242 2981/3086/5043
f 2981/3086/5043 258/262/349 261/265/5241
f 3101/3210/5247 3099/3208/5243 3100/3209/5245
f 3100/3209/5245 3102/3211/5248 3101/3210/5247
f 2980/3085/5042 3099/3208/5246 3101/3210/5249
f 3101/3210/5249 2983/3088/5045 2980/3085/5042
f 3103/3212/5250 3101/3210/5251 3102/3211/5248
f 3102/3211/5248 3104/3213/5252 3103/3212/5250
f 2983/3088/5045 3101/3210/5249 3103/3212/5250
f 3103/3212/5253 2985/3090/5052 2983/3088/5045
f 3105/3214/5254 3103/3212/5250 3104/3213/5255
f 3104/3213/5255 3106/3215/5256 3105/3214/5254
f 2985/3090/5052 3103/3212/5253 3105/3214/5254
f 3105/3214/5254 2987/3092/5056 2985/3090/5052
f 3107/3216/5257 3105/3214/5254 3106/3215/5256
f 3106/3215/5258 3108/3217/5259 3107/3216/5260
f 2987/3092/5056 3105/3214/5254 3107/3216/5257
f 3107/3216/5261 2989/3094/5059 2987/3092/5056
f 3109/3218/5262 3107/3216/5260 3108/3217/5259
f 3108/3217/5259 3110/3219/5263 3109/3218/5264
f 2989/3094/5059 3107/3216/5260 3109/3218/5265
f 3109/3218/5262 2991/3096/5064 2989/3094/5059
f 2996/3101/5266 3109/3218/5262 3110/3219/5263
f 3110/3219/5263 3111/3220/5267 2996/3101/5073
f 2991/3096/5064 3109/3218/5268 2996/3101/5073
f 2996/3101/5073 2993/3098/5065 2991/3096/5064
f 3112/3221/5269 3111/3220/5267 3110/3219/5263
f 3110/3219/5263 3113/3222/5270 3112/3221/5269
f 2999/3104/5078 3111/3220/5267 3112/3221/5271
f 3112/3221/5271 3114/3223/5272 2999/3104/5273
f 2996/3101/5073 3111/3220/5267 2999/3104/5274
f 2999/3104/5275 2995/3100/5071 2996/3101/5266
f 3115/3224/5276 3114/3223/5277 3112/3221/5271
f 3112/3221/5271 3116/3225/5278 3115/3224/5276
f 3002/3107/5279 3114/3223/5277 3115/3224/5276
f 3115/3224/5276 3117/3226/5280 3002/3107/5279
f 2999/3104/5281 3114/3223/5277 3002/3107/5082
f 3002/3107/5279 2998/3103/5077 2999/3104/5274
f 3118/3227/5282 3117/3226/5280 3115/3224/5276
f 3115/3224/5276 3119/3228/5283 3118/3227/5282
f 3120/3229/5284 3117/3226/5280 3118/3227/5282
f 3118/3227/5282 3121/3230/5285 3120/3229/5284
f 3002/3107/5082 3117/3226/5280 3120/3229/5284
f 3120/3229/5284 3001/3106/5081 3002/3107/5279
f 3122/3231/5286 3120/3229/5284 3121/3230/5285
f 3121/3230/5285 3123/3232/5287 3122/3231/5286
f 3001/3106/5081 3120/3229/5284 3122/3231/5286
f 3122/3231/5286 3004/3109/5084 3001/3106/5081
f 3124/3233/5288 3122/3231/5289 3123/3232/5287
f 3123/3232/5290 3125/3234/5291 3124/3233/5288
f 3004/3109/5084 3122/3231/5289 3124/3233/5288
f 3124/3233/5288 3006/3111/5292 3004/3109/5084
f 3126/3235/5293 3124/3233/5288 3125/3234/5291
f 3125/3234/5291 3127/3236/5294 3126/3235/5293
f 3006/3111/5089 3124/3233/5288 3126/3235/5295
f 3126/3235/5295 3008/3113/5090 3006/3111/5089
f 3128/3237/5296 3126/3235/5295 3127/3236/5294
f 3127/3236/5297 3129/3238/5298 3128/3237/5296
f 3008/3113/5090 3126/3235/5295 3128/3237/5299
f 3128/3237/5300 3010/3115/5093 3008/3113/5301
f 3130/3239/5302 3128/3237/5303 3129/3238/5298
f 3129/3238/5304 3131/3241/5305 3130/3239/5302
f 3010/3115/5093 3128/3237/5296 3130/3239/5302
f 3130/3239/5302 3012/3118/5096 3010/3115/5093
f 3132/3243/5306 3133/3244/5307 3134/3246/5308
f 3134/3246/5308 3135/3248/5309 3132/3243/5306
f 3015/3123/5100 3133/3244/5307 3132/3243/5306
f 3132/3243/5306 3016/3125/5101 3015/3123/5100
f 3136/3249/5310 3132/3243/5306 3135/3248/5309
f 3135/3248/5309 3137/3250/5311 3136/3249/5310
f 3016/3125/5101 3132/3243/5306 3136/3249/5310
f 3136/3249/5310 3018/3127/5107 3016/3125/5101
f 3138/3251/5312 3136/3249/5310 3137/3250/5313
f 3137/3250/5311 3139/3252/5314 3138/3251/5312
f 3018/3127/5107 3136/3249/5310 3138/3251/5312
f 3138/3251/5312 3020/3129/5315 3018/3127/5107
f 3140/3253/5316 3138/3251/5312 3139/3252/5317
f 3139/3252/5314 3141/3254/5318 3140/3253/5316
f 3020/3129/5110 3138/3251/5312 3140/3253/5319
f 3140/3253/5316 3022/3131/5114 3020/3129/5113
f 3142/3255/5320 3140/3253/5316 3141/3254/5318
f 3141/3254/5318 3143/3256/5321 3142/3255/5320
f 3022/3131/5114 3140/3253/5316 3142/3255/5322
f 3142/3255/5320 3024/3133/5323 3022/3131/5114
f 3144/3257/5324 3142/3255/5320 3143/3256/5321
f 3143/3256/5321 3145/3258/5325 3144/3257/5324
f 3024/3133/5118 3142/3255/5322 3144/3257/5326
f 3144/3257/5326 3026/3135/5120 3024/3133/5118
f 3146/3259/5327 3144/3257/5324 3145/3258/5328
f 3145/3258/5328 3147/3260/5329 3146/3259/5327
f 3026/3135/5120 3144/3257/5326 3146/3259/5327
f 3146/3259/5327 3028/3137/5124 3026/3135/5120
f 3148/3261/5330 3146/3259/5327 3147/3260/5329
f 3147/3260/5329 3149/3262/5331 3148/3261/5332
f 3028/3137/5333 3146/3259/5327 3148/3261/5334
f 3148/3261/5332 3030/3139/5126 3028/3137/5124
f 3150/3263/5335 3148/3261/5330 3149/3262/5331
f 3149/3262/5331 3151/3264/5336 3150/3263/5335
f 3030/3139/5126 3148/3261/5330 3150/3263/5337
f 3150/3263/5335 3032/3141/5128 3030/3139/5126
f 3152/3265/5338 3150/3263/5335 3151/3264/5336
f 3151/3264/5336 3153/3266/5339 3152/3265/5338
f 3032/3141/5340 3150/3263/5337 3152/3265/5338
f 3152/3265/5338 3034/3143/5133 3032/3141/5128
f 3154/3267/5341 3152/3265/5338 3153/3266/5342
f 3153/3266/5339 3155/3268/5343 3154/3267/5341
f 3034/3143/5133 3152/3265/5338 3154/3267/5344
f 3154/3267/5341 3036/3145/5135 3034/3143/5133
f 3156/3269/5345 3154/3267/5341 3155/3268/5346
f 3155/3268/5343 3157/3270/5347 3156/3269/5345
f 3036/3145/5135 3154/3267/5344 3156/3269/5345
f 3156/3269/5345 3038/3147/5139 3036/3145/5135
f 3158/3271/5348 3156/3269/5345 3157/3270/5349
f 3157/3270/5347 3159/3272/5350 3158/3271/5348
f 3038/3147/5139 3156/3269/5345 3158/3271/5348
f 3158/3271/5348 3040/3149/5144 3038/3147/5139
f 3160/3273/5351 3158/3271/5348 3159/3272/5352
f 3159/3272/5352 3161/3274/5353 3160/3273/5351
f 3040/3149/5142 3158/3271/5348 3160/3273/5351
f 3160/3273/5351 3042/3151/5145 3040/3149/5144
f 3162/3275/5354 3160/3273/5351 3161/3274/5355
f 3161/3274/5355 3163/3276/5356 3162/3275/5354
f 3042/3151/5145 3160/3273/5351 3162/3275/5354
f 3162/3275/5354 3044/3153/5149 3042/3151/5148
f 3164/3277/5357 3162/3275/5354 3163/3276/5356
f 3163/3276/5356 3165/3278/5358 3164/3277/5357
f 3044/3153/5149 3162/3275/5354 3164/3277/5357
f 3164/3277/5357 3046/3155/5158 3044/3153/5149
f 3166/3279/5359 3164/3277/5357 3165/3278/5360
f 3165/3278/5360 3167/3280/5361 3166/3279/5362
f 3046/3155/5158 3164/3277/5357 3166/3279/5359
f 3166/3279/5359 3048/3157/5159 3046/3155/5158
f 3168/3281/5363 3166/3279/5359 3167/3280/5361
f 3167/3280/5361 3169/3282/5364 3168/3281/5365
f 3048/3157/5159 3166/3279/5366 3168/3281/5367
f 3168/3281/5363 3050/3159/5162 3048/3157/5159
f 3170/3283/5368 3168/3281/5363 3169/3282/5369
f 3169/3282/5364 3171/3284/5370 3170/3283/5368
f 3050/3159/5162 3168/3281/5363 3170/3283/5368
f 3170/3283/5368 3052/3161/5165 3050/3159/5162
f 3172/3285/5371 3170/3283/5368 3171/3284/5372
f 3171/3284/5370 3173/3286/5373 3172/3285/5374
f 3052/3161/5165 3170/3283/5368 3172/3285/5374
f 3172/3285/5371 3054/3163/5170 3052/3161/5165
f 3174/3287/5375 3172/3285/5374 3173/3286/5373
f 3173/3286/5373 3175/3288/5376 3174/3287/5375
f 3054/3163/5170 3172/3285/5371 3174/3287/5375
f 3174/3287/5375 3056/3165/5377 3054/3163/5170
f 3176/3289/5378 3174/3287/5375 3175/3288/5379
f 3175/3288/5379 3177/3290/5380 3176/3289/5381
f 3056/3165/5173 3174/3287/5375 3176/3289/5382
f 3176/3289/5378 3058/3167/5178 3056/3165/5176
f 3178/3291/5383 3176/3289/5382 3177/3290/5380
f 3177/3290/5380 3179/3292/5384 3178/3291/5383
f 3058/3167/5178 3176/3289/5382 3178/3291/5383
f 3178/3291/5383 3060/3169/5181 3058/3167/5178
f 3180/3293/5385 3178/3291/5383 3179/3292/5384
f 3179/3292/5384 3181/3294/5386 3180/3293/5385
f 3060/3169/5181 3178/3291/5383 3180/3293/5385
f 3180/3293/5385 3182/3295/5387 3060/3169/5181
f 3183/3296/5388 3182/3295/5387 3180/3293/5385
f 3180/3293/5385 3184/3297/5389 3183/3296/5390
f 3063/3172/5391 3182/3295/5387 3183/3296/5388
f 3183/3296/5388 3185/3298/5392 3063/3172/5185
f 3060/3169/5181 3182/3295/5387 3063/3172/5185
f 3063/3172/5185 3059/3168/5180 3060/3169/5181
f 3186/3299/5393 3185/3298/5392 3183/3296/5388
f 3183/3296/5390 3187/3300/5394 3186/3299/5393
f 3066/3175/5189 3185/3298/5395 3186/3299/5393
f 3186/3299/5393 3188/3301/5396 3066/3175/5189
f 3063/3172/5397 3185/3298/5392 3066/3175/5189
f 3066/3175/5189 3062/3171/5184 3063/3172/5397
f 3189/3302/5398 3188/3301/5399 3186/3299/5393
f 3186/3299/5393 3190/3303/5400 3189/3302/5398
f 3069/3178/5192 3188/3301/5399 3189/3302/5398
f 3189/3302/5398 3071/3180/5197 3069/3178/5192
f 3066/3175/5189 3188/3301/5399 3069/3178/5192
f 3069/3178/5192 3065/3174/5188 3066/3175/5189
f 3191/3304/5401 3189/3302/5398 3190/3303/5400
f 3190/3303/5400 3192/3305/5402 3191/3304/5401
f 3071/3180/5197 3189/3302/5398 3191/3304/5401
f 3191/3304/5403 3073/3182/5199 3071/3180/5197
f 3084/3193/5404 3191/3304/5401 3192/3305/5402
f 3192/3305/5402 3193/3306/5405 3084/3193/5220
f 3073/3182/5406 3191/3304/5401 3084/3193/5220
f 3084/3193/5220 3082/3191/5218 3073/3182/5406
f 271/275/364 3193/3306/5405 3192/3305/5402
f 3192/3305/5407 272/276/365 271/275/364
f 3087/3196/5408 3193/3306/5409 271/275/364
f 271/275/364 275/279/371 3087/3196/5408
f 3084/3193/5220 3193/3306/5405 3087/3196/5408
f 3087/3196/5408 3083/3192/5221 3084/3193/5220
f 272/276/365 3192/3305/5410 3190/3303/5400
f 3190/3303/5400 3194/3307/5411 272/276/365
f 3195/3308/5412 3194/3307/5411 3187/3300/5394
f 3187/3300/5394 3196/3309/5413 3195/3308/5412
f 272/276/365 3194/3307/5411 3195/3308/5414
f 3195/3308/5412 269/273/366 272/276/365
f 3187/3300/5394 3194/3307/5411 3190/3303/5400
f 3190/3303/5400 3186/3299/5393 3187/3300/5394
f 3197/3310/5415 3195/3308/5412 3196/3309/5416
f 3196/3309/5416 3198/3311/5417 3197/3310/5418
f 269/273/366 3195/3308/5412 3197/3310/5415
f 3197/3310/5415 274/278/5419 269/273/5420
f 290/297/392 3197/3310/5418 3198/3311/5417
f 3198/3311/5417 3199/3312/5421 290/297/392
f 274/278/5422 3197/3310/5418 290/297/392
f 290/297/392 283/290/382 274/278/5419
f 3200/3313/5423 3199/3312/5421 3201/3314/5424
f 3201/3314/5424 3202/3315/5425 3200/3313/5423
f 290/297/392 3199/3312/5421 3200/3313/5423
f 3200/3313/5423 289/296/5426 290/297/392
f 3201/3314/5424 3199/3312/5421 3198/3311/5417
f 3198/3311/5417 3203/3316/5427 3201/3314/5424
f 3201/3314/5424 3203/3316/5428 3181/3294/5386
f 3181/3294/5386 3204/3317/5429 3201/3314/5424
f 3184/3297/5389 3203/3316/5427 3198/3311/5417
f 3198/3311/5417 3196/3309/5413 3184/3297/5389
f 3181/3294/5386 3203/3316/5427 3184/3297/5389
f 3184/3297/5389 3180/3293/5385 3181/3294/5386
f 3205/3318/5430 3204/3317/5429 3206/3319/5431
f 3206/3319/5432 3207/3320/5433 3205/3318/5434
f 3201/3314/5424 3204/3317/5429 3205/3318/5435
f 3205/3318/5430 3202/3315/5425 3201/3314/5424
f 3206/3319/5431 3204/3317/5429 3181/3294/5386
f 3181/3294/5386 3179/3292/5384 3206/3319/5432
f 3208/3321/5436 3205/3318/5435 3207/3320/5433
f 3207/3320/5437 3209/3322/5438 3208/3321/5436
f 3202/3315/5425 3205/3318/5435 3208/3321/5436
f 3208/3321/5436 3210/3323/5439 3202/3315/5425
f 3211/3324/5440 3210/3323/5439 3208/3321/5436
f 3208/3321/5436 3212/3325/5441 3211/3324/5440
f 3213/3326/5442 3210/3323/5439 3211/3324/5440
f 3211/3324/5440 3214/3327/5443 3213/3326/5444
f 3202/3315/5425 3210/3323/5439 3213/3326/5442
f 3213/3326/5444 3200/3313/5423 3202/3315/5425
f 292/299/396 3213/3326/5442 3214/3327/5443
f 3214/3327/5443 3215/3328/5445 292/299/396
f 3200/3313/5423 3213/3326/5444 292/299/396
f 292/299/396 289/296/395 3200/3313/5446
f 3216/3329/5447 3215/3328/5445 3214/3327/5443
f 3214/3327/5443 3217/3330/5448 3216/3329/5447
f 3218/3331/5449 3215/3328/5445 3216/3329/5447
f 3216/3329/5447 3219/3332/5450 3218/3331/5451
f 292/299/396 3215/3328/5452 3218/3331/5453
f 3218/3331/5451 291/298/5454 292/299/396
f 328/335/5455 3218/3331/5451 3219/3332/5450
f 3219/3332/5456 327/334/446 328/335/445
f 291/298/397 3218/3331/5451 328/335/5457
f 328/335/5455 293/300/398 291/298/397
f 3220/3333/5458 3219/3332/5450 3216/3329/5459
f 3216/3329/5447 3221/3334/5460 3220/3333/5458
f 327/334/446 3219/3332/5456 3220/3333/5458
f 3220/3333/5458 332/339/453 327/334/446
f 3222/3335/5461 3220/3333/5458 3221/3334/5460
f 3221/3334/5460 3223/3336/5462 3222/3335/5461
f 332/339/453 3220/3333/5458 3222/3335/5461
f 3222/3335/5461 3224/3337/5463 332/339/453
f 3225/3338/5464 3224/3337/5463 3222/3335/5461
f 3222/3335/5461 3226/3339/5465 3225/3338/5464
f 3227/3340/5466 3224/3337/5463 3225/3338/5464
f 3225/3338/5464 3228/3341/5467 3227/3340/5468
f 332/339/453 3224/3337/5463 3227/3340/5468
f 3227/3340/5468 331/338/451 332/339/453
f 3229/3342/5469 3227/3340/5468 3228/3341/5467
f 3228/3341/5467 3230/3343/5470 3229/3342/5469
f 331/338/451 3227/3340/5466 3229/3342/5471
f 3229/3342/5471 333/340/454 331/338/451
f 3231/3344/5472 3229/3342/5469 3230/3343/5470
f 3230/3343/5473 3232/3345/5474 3231/3344/5472
f 333/340/454 3229/3342/5469 3231/3344/5472
f 3231/3344/5472 3233/3346/5475 333/340/5476
f 3234/3347/5477 3233/3346/5475 3231/3344/5472
f 3231/3344/5472 3235/3348/5478 3234/3347/5477
f 3236/3349/5479 3233/3346/5475 3234/3347/5477
f 3234/3347/5477 3237/3350/5480 3236/3349/5479
f 333/340/454 3233/3346/5475 3236/3349/5479
f 3236/3349/5479 329/336/449 333/340/454
f 3238/3351/5481 3236/3349/5479 3237/3350/5480
f 3237/3350/5480 3239/3352/5482 3238/3351/5483
f 329/336/448 3236/3349/5479 3238/3351/5484
f 3238/3351/5481 330/337/450 329/336/449
f 3240/3353/5485 3238/3351/5484 3239/3352/5482
f 3239/3352/5482 3241/3354/5486 3240/3353/5485
f 330/337/450 3238/3351/5484 3240/3353/5485
f 3240/3353/5485 3242/3355/5487 330/337/450
f 3243/3356/5488 3242/3355/5487 3240/3353/5485
f 3240/3353/5485 3244/3357/5489 3243/3356/5488
f 3245/3358/5490 3242/3355/5487 3243/3356/5488
f 3243/3356/5488 3246/3359/5491 3245/3358/5490
f 330/337/450 3242/3355/5487 3245/3358/5490
f 3245/3358/5490 325/332/5492 330/337/5493
f 3247/3360/5494 3245/3358/5490 3246/3359/5491
f 3246/3359/5491 3248/3361/5495 3247/3360/5496
f 325/332/441 3245/3358/5490 3247/3360/5496
f 3247/3360/5496 326/333/442 325/332/441
f 3249/3362/5497 3247/3360/5494 3248/3361/5498
f 3248/3361/5495 3250/3363/5499 3249/3362/5497
f 326/333/442 3247/3360/5494 3249/3362/5500
f 3249/3362/5497 3251/3364/5501 326/333/442
f 326/333/442 3251/3364/5501 3252/3365/5502
f 3252/3365/5502 323/330/439 326/333/442
f 3253/3366/5503 3251/3364/5501 3249/3362/5500
f 3249/3362/5497 3254/3367/5504 3253/3366/5503
f 3252/3365/5502 3251/3364/5501 3253/3366/5503
f 3253/3366/5503 3255/3368/5505 3252/3365/5502
f 3252/3365/5506 3255/3368/5507 287/294/389
f 287/294/389 293/300/398 3252/3365/5502
f 3256/3369/5508 3255/3368/5509 3253/3366/5503
f 3253/3366/5503 3257/3370/5510 3256/3369/5511
f 287/294/389 3255/3368/5509 3256/3369/5511
f 3256/3369/5508 288/295/390 287/294/389
f 3258/3371/5512 3256/3369/5508 3257/3370/5510
f 3257/3370/5513 3259/3372/5514 3258/3371/5512
f 288/295/390 3256/3369/5508 3258/3371/5512
f 3258/3371/5512 3260/3373/5515 288/295/390
f 288/295/5516 3260/3373/5515 3261/3374/5517
f 3261/3374/5517 285/292/384 288/295/390
f 3091/3200/5230 3260/3373/5515 3258/3371/5512
f 3258/3371/5512 3093/3202/5233 3091/3200/5230
f 3261/3374/5517 3260/3373/5515 3091/3200/5230
f 3091/3200/5230 3089/3198/5227 3261/3374/5517
f 285/292/384 3261/3374/5517 3262/3375/5518
f 3262/3375/5518 286/293/385 285/292/387
f 3262/3375/5518 3261/3374/5517 3089/3198/5227
f 3089/3198/5227 3086/3195/5223 3262/3375/5518
f 286/293/385 3262/3375/5518 275/279/371
f 275/279/371 273/277/367 286/293/385
f 275/279/371 3262/3375/5518 3086/3195/5223
f 3086/3195/5223 3087/3196/5408 275/279/371
f 3093/3202/5233 3258/3371/5512 3259/3372/5514
f 3259/3372/5514 3095/3204/5237 3093/3202/5233
f 3263/3376/5519 3259/3372/5514 3257/3370/5510
f 3257/3370/5520 3264/3377/5521 3263/3376/5519
f 3095/3204/5237 3259/3372/5514 3263/3376/5519
f 3263/3376/5519 3097/3206/5239 3095/3204/5237
f 3265/3378/5522 3263/3376/5519 3264/3377/5521
f 3264/3377/5521 3266/3379/5523 3265/3378/5522
f 3097/3206/5239 3263/3376/5519 3265/3378/5522
f 3265/3378/5524 3267/3380/5525 3097/3206/5239
f 3268/3381/5526 3267/3380/5525 3265/3378/5527
f 3265/3378/5522 3269/3382/5528 3268/3381/5526
f 3100/3209/5245 3267/3380/5529 3268/3381/5526
f 3268/3381/5526 3102/3211/5248 3100/3209/5245
f 3097/3206/5239 3267/3380/5525 3100/3209/5530
f 3100/3209/5530 3096/3205/5238 3097/3206/5531
f 3270/3383/5532 3268/3381/5526 3269/3382/5533
f 3269/3382/5528 3271/3384/5534 3270/3383/5535
f 3102/3211/5248 3268/3381/5526 3270/3383/5535
f 3270/3383/5532 3104/3213/5252 3102/3211/5248
f 3272/3385/5536 3270/3383/5535 3271/3384/5537
f 3271/3384/5534 3273/3386/5538 3272/3385/5536
f 3104/3213/5255 3270/3383/5535 3272/3385/5536
f 3272/3385/5536 3106/3215/5258 3104/3213/5252
f 3274/3387/5539 3272/3385/5536 3273/3386/5538
f 3273/3386/5538 3275/3388/5540 3274/3387/5539
f 3106/3215/5258 3272/3385/5536 3274/3387/5539
f 3274/3387/5539 3108/3217/5259 3106/3215/5256
f 3113/3222/5270 3274/3387/5539 3275/3388/5540
f 3275/3388/5540 3276/3389/5541 3113/3222/5270
f 3108/3217/5542 3274/3387/5539 3113/3222/5270
f 3113/3222/5270 3110/3219/5263 3108/3217/5259
f 3277/3390/5543 3276/3389/5541 3275/3388/5540
f 3275/3388/5540 3278/3391/5544 3277/3390/5543
f 3116/3225/5278 3276/3389/5541 3277/3390/5545
f 3277/3390/5543 3279/3392/5546 3116/3225/5278
f 3113/3222/5270 3276/3389/5541 3116/3225/5547
f 3116/3225/5278 3112/3221/5271 3113/3222/5270
f 3280/3393/5548 3279/3392/5546 3277/3390/5543
f 3277/3390/5543 3281/3394/5549 3280/3393/5548
f 3119/3228/5283 3279/3392/5546 3280/3393/5548
f 3280/3393/5548 3282/3395/5550 3119/3228/5551
f 3116/3225/5278 3279/3392/5552 3119/3228/5283
f 3119/3228/5283 3115/3224/5276 3116/3225/5278
f 3283/3396/5553 3282/3395/5550 3280/3393/5548
f 3280/3393/5548 3284/3397/5554 3283/3396/5553
f 3285/3398/5555 3282/3395/5556 3283/3396/5553
f 3283/3396/5553 3286/3399/5557 3285/3398/5555
f 3119/3228/5283 3282/3395/5556 3285/3398/5555
f 3285/3398/5555 3118/3227/5282 3119/3228/5283
f 3287/3400/5558 3285/3398/5555 3286/3399/5557
f 3286/3399/5557 3288/3401/5559 3287/3400/5558
f 3118/3227/5282 3285/3398/5555 3287/3400/5560
f 3287/3400/5560 3121/3230/5285 3118/3227/5282
f 3289/3402/5561 3287/3400/5560 3288/3401/5559
f 3288/3401/5559 3290/3403/5562 3289/3402/5561
f 3121/3230/5285 3287/3400/5560 3289/3402/5561
f 3289/3402/5561 3123/3232/5290 3121/3230/5285
f 3291/3404/5563 3289/3402/5561 3290/3403/5562
f 3290/3403/5562 3292/3405/5564 3291/3404/5563
f 3123/3232/5290 3289/3402/5561 3291/3404/5565
f 3291/3404/5566 3125/3234/5291 3123/3232/5290
f 3293/3406/5567 3291/3404/5565 3292/3405/5568
f 3292/3405/5564 3294/3407/5569 3293/3406/5570
f 3125/3234/5291 3291/3404/5565 3293/3406/5567
f 3293/3406/5570 3127/3236/5294 3125/3234/5291
f 3295/3408/5571 3293/3406/5570 3294/3407/5572
f 3294/3407/5572 3296/3409/5573 3295/3408/5571
f 3127/3236/5294 3293/3406/5570 3295/3408/5571
f 3295/3408/5571 3129/3238/5304 3127/3236/5294
f 3297/3410/5574 3295/3408/5571 3296/3409/5575
f 3296/3409/5575 3298/3412/5576 3297/3410/5574
f 3129/3238/5298 3295/3408/5571 3297/3410/5574
f 3297/3410/5574 3131/3241/5305 3129/3238/5298
f 3299/3414/5577 3300/3415/5578 3301/3417/5579
f 3301/3417/5580 3302/3419/5581 3299/3414/5577
f 3134/3246/5308 3300/3415/5578 3299/3414/5582
f 3299/3414/5577 3135/3248/5309 3134/3246/5308
f 3303/3420/5583 3299/3414/5577 3302/3419/5581
f 3302/3419/5581 3304/3421/5584 3303/3420/5583
f 3135/3248/5585 3299/3414/5582 3303/3420/5586
f 3303/3420/5583 3137/3250/5313 3135/3248/5587
f 3305/3422/5588 3303/3420/5583 3304/3421/5584
f 3304/3421/5589 3306/3423/5590 3305/3422/5588
f 3137/3250/5311 3303/3420/5586 3305/3422/5588
f 3305/3422/5588 3139/3252/5317 3137/3250/5313
f 3307/3424/5591 3305/3422/5588 3306/3423/5590
f 3306/3423/5590 3308/3425/5592 3307/3424/5593
f 3139/3252/5314 3305/3422/5588 3307/3424/5593
f 3307/3424/5593 3141/3254/5318 3139/3252/5314
f 3309/3426/5594 3307/3424/5591 3308/3425/5595
f 3308/3425/5595 3310/3427/5596 3309/3426/5597
f 3141/3254/5598 3307/3424/5593 3309/3426/5597
f 3309/3426/5597 3143/3256/5321 3141/3254/5318
f 3311/3428/5599 3309/3426/5597 3310/3427/5600
f 3310/3427/5596 3312/3429/5601 3311/3428/5602
f 3143/3256/5321 3309/3426/5597 3311/3428/5599
f 3311/3428/5599 3145/3258/5328 3143/3256/5321
f 3313/3430/5603 3311/3428/5599 3312/3429/5601
f 3312/3429/5604 3314/3431/5605 3313/3430/5603
f 3145/3258/5325 3311/3428/5599 3313/3430/5603
f 3313/3430/5603 3147/3260/5329 3145/3258/5325
f 3315/3432/5606 3313/3430/5603 3314/3431/5607
f 3314/3431/5607 3316/3433/5608 3315/3432/5609
f 3147/3260/5329 3313/3430/5603 3315/3432/5610
f 3315/3432/5609 3149/3262/5331 3147/3260/5611
f 3317/3434/5612 3315/3432/5606 3316/3433/5608
f 3316/3433/5608 3318/3435/5613 3317/3434/5612
f 3149/3262/5614 3315/3432/5606 3317/3434/5612
f 3317/3434/5612 3151/3264/5336 3149/3262/5331
f 3319/3436/5615 3317/3434/5612 3318/3435/5613
f 3318/3435/5616 3320/3437/5617 3319/3436/5615
f 3151/3264/5336 3317/3434/5612 3319/3436/5615
f 3319/3436/5615 3153/3266/5342 3151/3264/5336
f 3321/3438/5618 3319/3436/5615 3320/3437/5619
f 3320/3437/5619 3322/3439/5620 3321/3438/5618
f 3153/3266/5342 3319/3436/5615 3321/3438/5618
f 3321/3438/5618 3155/3268/5343 3153/3266/5339
f 3323/3440/5621 3321/3438/5618 3322/3439/5620
f 3322/3439/5620 3324/3441/5622 3323/3440/5621
f 3155/3268/5343 3321/3438/5618 3323/3440/5621
f 3323/3440/5623 3157/3270/5347 3155/3268/5346
f 3325/3442/5624 3323/3440/5623 3324/3441/5622
f 3324/3441/5622 3326/3443/5625 3325/3442/5624
f 3157/3270/5626 3323/3440/5621 3325/3442/5624
f 3325/3442/5624 3159/3272/5352 3157/3270/5626
f 3327/3444/5627 3325/3442/5624 3326/3443/5628
f 3326/3443/5625 3328/3445/5629 3327/3444/5627
f 3159/3272/5352 3325/3442/5624 3327/3444/5627
f 3327/3444/5630 3161/3274/5355 3159/3272/5352
f 3329/3446/5631 3327/3444/5627 3328/3445/5629
f 3328/3445/5629 3330/3447/5632 3329/3446/5633
f 3161/3274/5355 3327/3444/5627 3329/3446/5633
f 3329/3446/5633 3163/3276/5356 3161/3274/5355
f 3331/3448/5634 3329/3446/5633 3330/3447/5635
f 3330/3447/5635 3332/3449/5636 3331/3448/5637
f 3163/3276/5356 3329/3446/5633 3331/3448/5634
f 3331/3448/5634 3165/3278/5358 3163/3276/5356
f 3333/3450/5638 3331/3448/5634 3332/3449/5636
f 3332/3449/5639 3334/3451/5640 3333/3450/5641
f 3165/3278/5360 3331/3448/5637 3333/3450/5638
f 3333/3450/5641 3167/3280/5361 3165/3278/5360
f 3335/3452/5642 3333/3450/5641 3334/3451/5640
f 3334/3451/5640 3336/3453/5643 3335/3452/5642
f 3167/3280/5361 3333/3450/5638 3335/3452/5642
f 3335/3452/5642 3169/3282/5364 3167/3280/5361
f 3337/3454/5644 3335/3452/5645 3336/3453/5643
f 3336/3453/5646 3338/3455/5647 3337/3454/5644
f 3169/3282/5364 3335/3452/5645 3337/3454/5648
f 3337/3454/5644 3171/3284/5372 3169/3282/5369
f 3339/3456/5649 3337/3454/5648 3338/3455/5650
f 3338/3455/5647 3340/3457/5651 3339/3456/5649
f 3171/3284/5372 3337/3454/5644 3339/3456/5649
f 3339/3456/5649 3173/3286/5373 3171/3284/5370
f 3341/3458/5652 3339/3456/5649 3340/3457/5651
f 3340/3457/5651 3342/3459/5653 3341/3458/5654
f 3173/3286/5373 3339/3456/5655 3341/3458/5656
f 3341/3458/5656 3175/3288/5379 3173/3286/5373
f 3343/3460/5657 3341/3458/5658 3342/3459/5659
f 3342/3459/5659 3344/3461/5660 3343/3460/5657
f 3175/3288/5379 3341/3458/5656 3343/3460/5657
f 3343/3460/5657 3177/3290/5380 3175/3288/5376
f 3206/3319/5431 3343/3460/5657 3344/3461/5661
f 3344/3461/5660 3207/3320/5433 3206/3319/5431
f 3177/3290/5380 3343/3460/5657 3206/3319/5431
f 3206/3319/5432 3179/3292/5384 3177/3290/5380
f 3345/3462/5662 3344/3461/5663 3342/3459/5659
f 3342/3459/5653 3346/3463/5664 3345/3462/5662
f 3207/3320/5437 3344/3461/5660 3345/3462/5665
f 3345/3462/5666 3209/3322/5667 3207/3320/5433
f 3347/3464/5668 3345/3462/5666 3346/3463/5664
f 3346/3463/5664 3348/3465/5669 3347/3464/5670
f 3209/3322/5667 3345/3462/5666 3347/3464/5668
f 3347/3464/5668 3349/3466/5671 3209/3322/5667
f 3350/3467/5672 3349/3466/5671 3347/3464/5668
f 3347/3464/5668 3351/3468/5673 3350/3467/5672
f 3212/3325/5441 3349/3466/5671 3350/3467/5672
f 3350/3467/5672 3352/3469/5674 3212/3325/5441
f 3209/3322/5667 3349/3466/5671 3212/3325/5441
f 3212/3325/5441 3208/3321/5675 3209/3322/5667
f 3353/3470/5676 3352/3469/5674 3350/3467/5672
f 3350/3467/5672 3354/3471/5677 3353/3470/5676
f 3355/3472/5678 3352/3469/5674 3353/3470/5679
f 3353/3470/5676 3356/3473/5680 3355/3472/5678
f 3212/3325/5441 3352/3469/5674 3355/3472/5681
f 3355/3472/5678 3211/3324/5440 3212/3325/5441
f 3217/3330/5448 3355/3472/5681 3356/3473/5680
f 3356/3473/5680 3357/3474/5682 3217/3330/5683
f 3211/3324/5440 3355/3472/5678 3217/3330/5683
f 3217/3330/5683 3214/3327/5443 3211/3324/5440
f 3358/3475/5684 3357/3474/5682 3356/3473/5680
f 3356/3473/5680 3359/3476/5685 3358/3475/5684
f 3221/3334/5460 3357/3474/5682 3358/3475/5684
f 3358/3475/5684 3223/3336/5686 3221/3334/5460
f 3217/3330/5448 3357/3474/5682 3221/3334/5460
f 3221/3334/5460 3216/3329/5447 3217/3330/5448
f 3360/3477/5687 3358/3475/5684 3359/3476/5685
f 3359/3476/5685 3361/3478/5688 3360/3477/5689
f 3223/3336/5462 3358/3475/5684 3360/3477/5689
f 3360/3477/5689 3362/3479/5690 3223/3336/5462
f 3363/3480/5691 3362/3479/5690 3360/3477/5687
f 3360/3477/5689 3364/3481/5692 3363/3480/5693
f 3226/3339/5694 3362/3479/5690 3363/3480/5691
f 3363/3480/5691 3365/3482/5695 3226/3339/5465
f 3223/3336/5462 3362/3479/5690 3226/3339/5465
f 3226/3339/5694 3222/3335/5461 3223/3336/5686
f 3366/3483/5696 3365/3482/5697 3363/3480/5693
f 3363/3480/5693 3367/3484/5698 3366/3483/5699
f 3368/3485/5700 3365/3482/5697 3366/3483/5699
f 3366/3483/5699 3369/3486/5701 3368/3485/5702
f 3226/3339/5694 3365/3482/5695 3368/3485/5700
f 3368/3485/5700 3225/3338/5464 3226/3339/5694
f 3370/3487/5703 3368/3485/5702 3369/3486/5701
f 3369/3486/5701 3371/3488/5704 3370/3487/5703
f 3225/3338/5464 3368/3485/5700 3370/3487/5703
f 3370/3487/5703 3228/3341/5467 3225/3338/5464
f 3372/3489/5705 3370/3487/5706 3371/3488/5704
f 3371/3488/5704 3373/3490/5707 3372/3489/5705
f 3228/3341/5467 3370/3487/5703 3372/3489/5705
f 3372/3489/5705 3230/3343/5473 3228/3341/5467
f 3374/3491/5708 3372/3489/5705 3373/3490/5709
f 3373/3490/5707 3375/3492/5710 3374/3491/5711
f 3230/3343/5470 3372/3489/5705 3374/3491/5711
f 3374/3491/5708 3232/3345/5474 3230/3343/5470
f 3376/3493/5712 3374/3491/5708 3375/3492/5713
f 3375/3492/5713 3377/3494/5714 3376/3493/5712
f 3232/3345/5715 3374/3491/5711 3376/3493/5712
f 3376/3493/5712 3378/3495/5716 3232/3345/5717
f 348/355/5718 3378/3495/5716 3376/3493/5712
f 3376/3493/5712 3379/3496/5719 348/355/474
f 3235/3348/5478 3378/3495/5720 348/355/5718
f 348/355/474 343/350/467 3235/3348/5721
f 3232/3345/5474 3378/3495/5716 3235/3348/5478
f 3235/3348/5478 3231/3344/5472 3232/3345/5715
f 3380/3497/5722 3379/3496/5719 3376/3493/5712
f 3376/3493/5712 3377/3494/5714 3380/3497/5723
f 3381/3498/5724 3379/3496/5725 3380/3497/5723
f 3380/3497/5723 3382/3499/5726 3381/3498/5724
f 348/355/5718 3379/3496/5719 3381/3498/5724
f 3381/3498/5724 347/354/473 348/355/5718
f 353/360/480 3381/3498/5724 3382/3499/5727
f 3382/3499/5727 350/357/481 353/360/480
f 347/354/475 3381/3498/5724 353/360/5728
f 353/360/5728 349/356/476 347/354/473
f 3383/3500/5729 3382/3499/5726 3380/3497/5722
f 3380/3497/5723 3384/3501/5730 3383/3500/5729
f 350/357/481 3382/3499/5726 3383/3500/5729
f 3383/3500/5729 360/367/494 350/357/481
f 3385/3502/5731 3384/3501/5730 3380/3497/5723
f 3380/3497/5723 3377/3494/5714 3385/3502/5732
f 3386/3503/5733 3385/3502/5731 3377/3494/5714
f 3377/3494/5714 3375/3492/5710 3386/3503/5734
f 3387/3504/5735 3386/3503/5733 3375/3492/5736
f 3375/3492/5736 3373/3490/5707 3387/3504/5737
f 3388/3505/5738 3387/3504/5737 3373/3490/5707
f 3373/3490/5707 3371/3488/5704 3388/3505/5738
f 3389/3506/5739 3388/3505/5738 3371/3488/5704
f 3371/3488/5704 3369/3486/5701 3389/3506/5740
f 3390/3507/5741 3389/3506/5739 3369/3486/5701
f 3369/3486/5701 3366/3483/5699 3390/3507/5741
f 3391/3508/5742 3390/3507/5741 3366/3483/5699
f 3366/3483/5699 3367/3484/5743 3391/3508/5742
f 3392/3509/5744 3391/3508/5742 3367/3484/5743
f 3367/3484/5745 3393/3510/5746 3392/3509/5747
f 3394/3511/5748 3392/3509/5747 3393/3510/5746
f 3393/3510/5746 3395/3512/5749 3394/3511/5748
f 3396/3513/5750 3394/3511/5748 3395/3512/5749
f 3395/3512/5749 3397/3514/5751 3396/3513/5750
f 3398/3515/5752 3396/3513/5750 3397/3514/5753
f 3397/3514/5751 3399/3516/5754 3398/3515/5752
f 3400/3517/5755 3398/3515/5752 3399/3516/5754
f 3399/3516/5754 3401/3518/5756 3400/3517/5755
f 3402/3519/5757 3400/3517/5755 3401/3518/5758
f 3401/3518/5758 3403/3520/5759 3402/3519/5757
f 3404/3521/5760 3402/3519/5761 3403/3520/5762
f 3403/3520/5762 3405/3522/5763 3404/3521/5760
f 3406/3523/5764 3404/3521/5760 3405/3522/5765
f 3405/3522/5765 3407/3524/5766 3406/3523/5767
f 3408/3525/5768 3406/3523/5764 3407/3524/5766
f 3407/3524/5766 3409/3526/5769 3408/3525/5768
f 3410/3527/5770 3408/3525/5768 3409/3526/5769
f 3409/3526/5771 3411/3528/5772 3410/3527/5770
f 3412/3529/5773 3410/3527/5770 3411/3528/5774
f 3411/3528/5772 3413/3530/5775 3412/3529/5773
f 3414/3531/5776 3412/3529/5773 3413/3530/5777
f 3413/3530/5775 3415/3532/5778 3414/3531/5776
f 3416/3533/5779 3414/3531/5776 3415/3532/5778
f 3415/3532/5778 3417/3534/5780 3416/3533/5779
f 3418/3535/5781 3416/3533/5779 3417/3534/5780
f 3417/3534/5780 3419/3536/5782 3418/3535/5781
f 3420/3537/5783 3418/3535/5784 3419/3536/5782
f 3419/3536/5782 3421/3538/5785 3420/3537/5786
f 3422/3539/5787 3420/3537/5786 3421/3538/5785
f 3421/3538/5785 3423/3540/5788 3422/3539/5787
f 3424/3541/5789 3422/3539/5787 3423/3540/5788
f 3423/3540/5790 3425/3542/5791 3424/3541/5789
f 3426/3543/5792 3424/3541/5793 3425/3542/5794
f 3425/3542/5794 3427/3544/5795 3426/3543/5792
f 3428/3545/5796 3426/3543/5792 3427/3544/5795
f 3427/3544/5795 3429/3546/5797 3428/3545/5796
f 3430/3547/5798 3428/3545/5799 3429/3546/5797
f 3429/3546/5797 3431/3548/5800 3430/3547/5798
f 3432/3549/5801 3430/3547/5798 3431/3548/5800
f 3431/3548/5800 3433/3550/5802 3432/3549/5801
f 3434/3551/5803 3432/3549/5801 3433/3550/5802
f 3433/3550/5802 3435/3552/5804 3434/3551/5803
f 3436/3553/5805 3434/3551/5806 3435/3552/5804
f 3435/3552/5804 3437/3554/5807 3436/3553/5808
f 3438/3555/5809 3436/3553/5808 3437/3554/5807
f 3437/3554/5807 3439/3556/5810 3438/3555/5809
f 3440/3557/5811 3438/3555/5809 3439/3556/5810
f 3439/3556/5810 3441/3559/5812 3440/3557/5813
f 3442/3561/5814 3443/3562/5815 3444/3564/5816
f 3444/3564/5816 3445/3566/5817 3442/3561/5814
f 3446/3567/5818 3442/3561/5814 3445/3566/5817
f 3445/3566/5819 3447/3568/5820 3446/3567/5821
f 3448/3569/5822 3446/3567/5818 3447/3568/5823
f 3447/3568/5820 3449/3570/5824 3448/3569/5822
f 3450/3571/5825 3448/3569/5822 3449/3570/5824
f 3449/3570/5824 3451/3572/5826 3450/3571/5825
f 358/365/489 3450/3571/5825 3451/3572/5826
f 3451/3572/5826 356/363/490 358/365/489
f 3452/3573/5827 3451/3572/5826 3449/3570/5828
f 3449/3570/5824 3453/3574/5829 3452/3573/5827
f 356/363/490 3451/3572/5826 3452/3573/5830
f 3452/3573/5830 359/366/5831 356/363/490
f 3454/3575/5832 3452/3573/5827 3453/3574/5829
f 3453/3574/5829 3455/3576/5833 3454/3575/5832
f 359/366/5831 3452/3573/5827 3454/3575/5832
f 3454/3575/5832 3456/3577/5834 359/366/5835
f 3457/3578/5836 3456/3577/5837 3454/3575/5832
f 3454/3575/5832 3458/3579/5838 3457/3578/5839
f 3459/3580/5840 3456/3577/5837 3457/3578/5836
f 3457/3578/5839 3460/3581/5841 3459/3580/5840
f 359/366/5835 3456/3577/5837 3459/3580/5840
f 3459/3580/5840 354/361/483 359/366/5831
f 3461/3582/5842 3459/3580/5840 3460/3581/5843
f 3460/3581/5841 3462/3583/5844 3461/3582/5842
f 354/361/483 3459/3580/5840 3461/3582/5842
f 3461/3582/5842 355/362/5845 354/361/483
f 3463/3584/5846 3461/3582/5842 3462/3583/5844
f 3462/3583/5844 3464/3585/5847 3463/3584/5848
f 355/362/5845 3461/3582/5842 3463/3584/5846
f 3463/3584/5846 3465/3586/5849 355/362/484
f 355/362/484 3465/3586/5850 3466/3587/5851
f 3466/3587/5851 352/359/482 355/362/484
f 3467/3588/5852 3465/3586/5850 3463/3584/5846
f 3463/3584/5848 3468/3589/5853 3467/3588/5852
f 3466/3587/5851 3465/3586/5850 3467/3588/5852
f 3467/3588/5852 3469/3590/5854 3466/3587/5851
f 3466/3587/5851 3469/3590/5854 345/352/5855
f 345/352/5856 349/356/476 3466/3587/5851
f 3470/3591/5857 3469/3590/5858 3467/3588/5859
f 3467/3588/5852 3471/3592/5860 3470/3591/5861
f 345/352/469 3469/3590/5854 3470/3591/5862
f 3470/3591/5857 346/353/5863 345/352/470
f 3237/3350/5864 3470/3591/5857 3471/3592/5865
f 3471/3592/5865 3239/3352/5482 3237/3350/5480
f 346/353/471 3470/3591/5862 3237/3350/5480
f 3237/3350/5864 3234/3347/5477 346/353/5866
f 3472/3593/5867 3471/3592/5865 3467/3588/5852
f 3467/3588/5852 3468/3589/5853 3472/3593/5868
f 3239/3352/5482 3471/3592/5865 3472/3593/5867
f 3472/3593/5867 3241/3354/5869 3239/3352/5482
f 3473/3594/5870 3472/3593/5867 3468/3589/5853
f 3468/3589/5853 3474/3595/5871 3473/3594/5870
f 3241/3354/5872 3472/3593/5867 3473/3594/5870
f 3473/3594/5870 3475/3596/5873 3241/3354/5872
f 3476/3597/5874 3475/3596/5873 3473/3594/5870
f 3473/3594/5870 3477/3598/5875 3476/3597/5876
f 3244/3357/5877 3475/3596/5873 3476/3597/5874
f 3476/3597/5876 3478/3599/5878 3244/3357/5879
f 3241/3354/5486 3475/3596/5873 3244/3357/5489
f 3244/3357/5877 3240/3353/5485 3241/3354/5880
f 3479/3600/5881 3478/3599/5878 3476/3597/5876
f 3476/3597/5876 3480/3601/5882 3479/3600/5883
f 3481/3602/5884 3478/3599/5878 3479/3600/5883
f 3479/3600/5883 3482/3603/5885 3481/3602/5884
f 3244/3357/5489 3478/3599/5878 3481/3602/5886
f 3481/3602/5884 3243/3356/5488 3244/3357/5489
f 3483/3604/5887 3481/3602/5884 3482/3603/5885
f 3482/3603/5885 3484/3605/5888 3483/3604/5887
f 3243/3356/5488 3481/3602/5884 3483/3604/5887
f 3483/3604/5887 3246/3359/5491 3243/3356/5488
f 3485/3606/5889 3483/3604/5887 3484/3605/5888
f 3484/3605/5890 3486/3607/5891 3485/3606/5889
f 3246/3359/5491 3483/3604/5887 3485/3606/5889
f 3485/3606/5889 3248/3361/5498 3246/3359/5491
f 3487/3608/5892 3485/3606/5893 3486/3607/5894
f 3486/3607/5894 3488/3609/5895 3487/3608/5892
f 3248/3361/5498 3485/3606/5893 3487/3608/5892
f 3487/3608/5892 3250/3363/5896 3248/3361/5495
f 3489/3610/5897 3487/3608/5892 3488/3609/5898
f 3488/3609/5898 3490/3611/5899 3489/3610/5897
f 3250/3363/5896 3487/3608/5892 3489/3610/5897
f 3489/3610/5897 3491/3612/5900 3250/3363/5896
f 3250/3363/5896 3491/3612/5900 3254/3367/5504
f 3254/3367/5504 3249/3362/5497 3250/3363/5896
f 3266/3379/5901 3491/3612/5902 3489/3610/5897
f 3489/3610/5897 3492/3613/5903 3266/3379/5523
f 3254/3367/5504 3491/3612/5904 3266/3379/5901
f 3266/3379/5523 3264/3377/5521 3254/3367/5504
f 3493/3614/5905 3492/3613/5903 3489/3610/5897
f 3489/3610/5897 3490/3611/5899 3493/3614/5906
f 3269/3382/5528 3492/3613/5903 3493/3614/5906
f 3493/3614/5906 3271/3384/5534 3269/3382/5528
f 3266/3379/5523 3492/3613/5903 3269/3382/5528
f 3269/3382/5528 3265/3378/5527 3266/3379/5523
f 3494/3615/5907 3493/3614/5905 3490/3611/5899
f 3490/3611/5899 3495/3616/5908 3494/3615/5909
f 3271/3384/5537 3493/3614/5905 3494/3615/5909
f 3494/3615/5909 3273/3386/5538 3271/3384/5534
f 3278/3391/5544 3494/3615/5909 3495/3616/5910
f 3495/3616/5908 3496/3617/5911 3278/3391/5544
f 3273/3386/5538 3494/3615/5907 3278/3391/5544
f 3278/3391/5544 3275/3388/5540 3273/3386/5912
f 3497/3618/5913 3496/3617/5911 3495/3616/5910
f 3495/3616/5910 3498/3619/5914 3497/3618/5913
f 3281/3394/5915 3496/3617/5911 3497/3618/5913
f 3497/3618/5913 3499/3620/5916 3281/3394/5915
f 3278/3391/5917 3496/3617/5911 3281/3394/5549
f 3281/3394/5549 3277/3390/5543 3278/3391/5544
f 3500/3621/5918 3499/3620/5919 3497/3618/5913
f 3497/3618/5913 3501/3622/5920 3500/3621/5918
f 3284/3397/5554 3499/3620/5921 3500/3621/5918
f 3500/3621/5918 3502/3623/5922 3284/3397/5554
f 3281/3394/5549 3499/3620/5919 3284/3397/5554
f 3284/3397/5554 3280/3393/5548 3281/3394/5915
f 3503/3624/5923 3502/3623/5922 3500/3621/5918
f 3500/3621/5918 3504/3625/5924 3503/3624/5923
f 3505/3626/5925 3502/3623/5922 3503/3624/5926
f 3503/3624/5923 3506/3627/5927 3505/3626/5928
f 3284/3397/5554 3502/3623/5929 3505/3626/5928
f 3505/3626/5928 3283/3396/5930 3284/3397/5554
f 3507/3628/5931 3505/3626/5925 3506/3627/5927
f 3506/3627/5927 3508/3629/5932 3507/3628/5933
f 3283/3396/5553 3505/3626/5928 3507/3628/5931
f 3507/3628/5933 3286/3399/5557 3283/3396/5934
f 3509/3630/5935 3507/3628/5931 3508/3629/5936
f 3508/3629/5936 3510/3631/5937 3509/3630/5935
f 3286/3399/5557 3507/3628/5933 3509/3630/5938
f 3509/3630/5935 3288/3401/5559 3286/3399/5557
f 3511/3632/5939 3509/3630/5935 3510/3631/5937
f 3510/3631/5937 3512/3633/5940 3511/3632/5939
f 3288/3401/5941 3509/3630/5935 3511/3632/5942
f 3511/3632/5939 3290/3403/5562 3288/3401/5943
f 3513/3634/5944 3511/3632/5939 3512/3633/5940
f 3512/3633/5940 3514/3635/5945 3513/3634/5944
f 3290/3403/5562 3511/3632/5939 3513/3634/5946
f 3513/3634/5947 3292/3405/5564 3290/3403/5562
f 3515/3636/5948 3513/3634/5946 3514/3635/5949
f 3514/3635/5945 3516/3637/5950 3515/3636/5951
f 3292/3405/5564 3513/3634/5947 3515/3636/5951
f 3515/3636/5948 3294/3407/5572 3292/3405/5564
f 276/280/372 3515/3636/5951 3516/3637/5952
f 3516/3637/5952 282/289/381 276/280/372
f 3294/3407/5953 3515/3636/5951 276/280/372
f 276/280/372 3296/3409/5573 3294/3407/5569
f 306/313/414 3516/3637/5952 3514/3635/5945
f 3514/3635/5949 3517/3638/5954 306/313/414
f 282/289/381 3516/3637/5950 306/313/414
f 306/313/414 305/312/412 282/289/381
f 3518/3639/5955 3517/3638/5956 3519/3640/5957
f 3519/3640/5958 3520/3641/5959 3518/3639/5960
f 306/313/5961 3517/3638/5956 3518/3639/5960
f 3518/3639/5955 303/310/410 306/313/414
f 3519/3640/5957 3517/3638/5956 3514/3635/5945
f 3514/3635/5949 3512/3633/5940 3519/3640/5958
f 3521/3642/5962 3518/3639/5955 3520/3641/5959
f 3520/3641/5959 3522/3643/5963 3521/3642/5964
f 303/310/410 3518/3639/5960 3521/3642/5964
f 3521/3642/5964 304/311/5965 303/310/410
f 3523/3644/5966 3521/3642/5967 3522/3643/5968
f 3522/3643/5968 3524/3645/5969 3523/3644/5970
f 304/311/5965 3521/3642/5964 3523/3644/5966
f 3523/3644/5966 3525/3646/5971 304/311/411
f 3526/3647/5972 3525/3646/5971 3527/3648/5973
f 3527/3648/5973 3528/3649/5974 3526/3647/5972
f 304/311/5965 3525/3646/5971 3526/3647/5975
f 3526/3647/5975 301/308/407 304/311/5965
f 3527/3648/5973 3525/3646/5971 3523/3644/5966
f 3523/3644/5966 3529/3650/5976 3527/3648/5973
f 3527/3648/5973 3529/3650/5976 3530/3651/5977
f 3530/3651/5978 3531/3652/5979 3527/3648/5973
f 3532/3653/5980 3529/3650/5976 3523/3644/5966
f 3523/3644/5981 3524/3645/5969 3532/3653/5982
f 3530/3651/5978 3529/3650/5976 3532/3653/5983
f 3532/3653/5982 3533/3654/5984 3530/3651/5977
f 3530/3651/5977 3533/3654/5984 3534/3655/5985
f 3534/3655/5985 3535/3656/5986 3530/3651/5977
f 3536/3657/5987 3533/3654/5984 3532/3653/5982
f 3532/3653/5982 3537/3658/5988 3536/3657/5989
f 3534/3655/5985 3533/3654/5984 3536/3657/5990
f 3536/3657/5989 3538/3659/5991 3534/3655/5985
f 3534/3655/5985 3538/3659/5991 3539/3660/5992
f 3539/3660/5993 3540/3661/5994 3534/3655/5985
f 3541/3662/5995 3538/3659/5991 3536/3657/5990
f 3536/3657/5987 299/306/404 3541/3662/5995
f 3539/3660/5993 3538/3659/5991 3541/3662/5995
f 3541/3662/5995 3542/3663/5996 3539/3660/5993
f 3539/3660/5993 3542/3663/5996 3543/3664/5997
f 3543/3664/5997 3544/3665/5998 3539/3660/5993
f 3545/3666/5999 3542/3663/6000 3541/3662/5995
f 3541/3662/5995 3546/3667/6001 3545/3666/5999
f 3543/3664/5997 3542/3663/6000 3545/3666/5999
f 3545/3666/5999 3547/3668/6002 3543/3664/6003
f 3543/3664/5997 3547/3668/6002 3548/3669/6004
f 3548/3669/6005 3549/3670/6006 3543/3664/5997
f 3550/3671/6007 3547/3668/6002 3545/3666/5999
f 3545/3666/5999 3551/3672/6008 3550/3671/6007
f 3548/3669/6004 3547/3668/6002 3550/3671/6007
f 3550/3671/6007 3552/3673/6009 3548/3669/6010
f 3548/3669/6010 3552/3673/6009 3477/3598/5875
f 3477/3598/5875 3553/3674/6011 3548/3669/6004
f 3480/3601/5882 3552/3673/6009 3550/3671/6007
f 3550/3671/6007 3554/3675/6012 3480/3601/6013
f 3477/3598/5875 3552/3673/6009 3480/3601/6014
f 3480/3601/5882 3476/3597/5876 3477/3598/5875
f 3555/3676/6015 3554/3675/6016 3550/3671/6007
f 3550/3671/6007 3551/3672/6017 3555/3676/6015
f 3556/3677/6018 3554/3675/6016 3555/3676/6019
f 3555/3676/6015 3557/3678/6020 3556/3677/6021
f 3480/3601/5882 3554/3675/6016 3556/3677/6021
f 3556/3677/6022 3479/3600/5883 3480/3601/5882
f 3558/3679/6023 3556/3677/6021 3557/3678/6020
f 3557/3678/6020 3559/3680/6024 3558/3679/6025
f 3479/3600/5883 3556/3677/6018 3558/3679/6023
f 3558/3679/6023 3482/3603/6026 3479/3600/5881
f 3560/3681/6027 3558/3679/6023 3559/3680/6024
f 3559/3680/6028 3561/3682/6029 3560/3681/6027
f 3482/3603/5885 3558/3679/6023 3560/3681/6027
f 3560/3681/6027 3484/3605/5890 3482/3603/5885
f 3562/3683/6030 3560/3681/6027 3561/3682/6029
f 3561/3682/6029 3501/3622/6031 3562/3683/6030
f 3484/3605/5888 3560/3681/6027 3562/3683/6030
f 3562/3683/6030 3486/3607/5894 3484/3605/5888
f 3498/3619/6032 3562/3683/6033 3501/3622/6034
f 3501/3622/6031 3497/3618/5913 3498/3619/5914
f 3486/3607/5894 3562/3683/6030 3498/3619/6032
f 3498/3619/6032 3488/3609/5895 3486/3607/5894
f 3504/3625/6035 3561/3682/6029 3559/3680/6024
f 3559/3680/6024 3563/3684/6036 3504/3625/6037
f 3501/3622/6031 3561/3682/6029 3504/3625/6037
f 3504/3625/6037 3500/3621/5918 3501/3622/6031
f 3564/3685/6038 3563/3684/6036 3559/3680/6028
f 3559/3680/6028 3557/3678/6020 3564/3685/6038
f 3565/3686/6039 3563/3684/6036 3564/3685/6038
f 3564/3685/6038 3566/3687/6040 3565/3686/6039
f 3504/3625/6037 3563/3684/6036 3565/3686/6041
f 3565/3686/6039 3503/3624/5923 3504/3625/6037
f 3567/3688/6042 3565/3686/6043 3566/3687/6044
f 3566/3687/6045 3568/3689/6046 3567/3688/6047
f 3503/3624/5923 3565/3686/6048 3567/3688/6047
f 3567/3688/6042 3506/3627/5927 3503/3624/5923
f 3569/3690/6049 3567/3688/6047 3568/3689/6046
f 3568/3689/6046 3570/3691/6050 3569/3690/6049
f 3506/3627/5927 3567/3688/6047 3569/3690/6049
f 3569/3690/6049 3508/3629/5936 3506/3627/5927
f 3571/3692/6051 3569/3690/6052 3570/3691/6050
f 3570/3691/6050 3572/3693/6053 3571/3692/6051
f 3508/3629/5936 3569/3690/6049 3571/3692/6051
f 3571/3692/6051 3510/3631/5937 3508/3629/5936
f 3519/3640/5957 3571/3692/6051 3572/3693/6053
f 3572/3693/6053 3520/3641/6054 3519/3640/5958
f 3510/3631/5937 3571/3692/6051 3519/3640/5957
f 3519/3640/5957 3512/3633/5940 3510/3631/5937
f 3573/3694/6055 3572/3693/6053 3570/3691/6050
f 3570/3691/6050 3574/3695/6056 3573/3694/6055
f 3520/3641/5959 3572/3693/6057 3573/3694/6055
f 3573/3694/6055 3522/3643/6058 3520/3641/5959
f 3575/3696/6059 3573/3694/6055 3574/3695/6056
f 3574/3695/6056 300/307/406 3575/3696/6060
f 3522/3643/5963 3573/3694/6055 3575/3696/6059
f 3575/3696/6059 3524/3645/5969 3522/3643/5963
f 3537/3658/6061 3575/3696/6060 300/307/406
f 300/307/406 298/305/403 3537/3658/5988
f 3524/3645/5969 3575/3696/6059 3537/3658/5988
f 3537/3658/6061 3532/3653/6062 3524/3645/5969
f 300/307/406 3574/3695/6063 3576/3697/6064
f 3576/3697/6065 296/303/405 300/307/406
f 3576/3697/6064 3574/3695/6056 3570/3691/6050
f 3570/3691/6050 3568/3689/6066 3576/3697/6064
f 296/303/401 3576/3697/6064 3577/3698/6067
f 3577/3698/6067 297/304/402 296/303/405
f 3577/3698/6067 3576/3697/6064 3568/3689/6046
f 3568/3689/6068 3566/3687/6040 3577/3698/6067
f 297/304/402 3577/3698/6067 3578/3699/6069
f 3578/3699/6070 3579/3700/6071 297/304/402
f 3578/3699/6070 3577/3698/6067 3566/3687/6045
f 3566/3687/6045 3564/3685/6038 3578/3699/6069
f 3546/3667/6001 3579/3700/6071 3551/3672/6008
f 3551/3672/6017 3545/3666/5999 3546/3667/6072
f 297/304/402 3579/3700/6073 3546/3667/6001
f 3546/3667/6001 294/301/399 297/304/402
f 3551/3672/6017 3579/3700/6071 3578/3699/6069
f 3578/3699/6070 3555/3676/6015 3551/3672/6017
f 3555/3676/6015 3578/3699/6070 3564/3685/6038
f 3564/3685/6038 3557/3678/6020 3555/3676/6015
f 3580/3701/6074 3553/3674/6011 3474/3595/5871
f 3474/3595/5871 3464/3585/5847 3580/3701/6074
f 3548/3669/6004 3553/3674/6011 3580/3701/6074
f 3580/3701/6075 3549/3670/6006 3548/3669/6005
f 3474/3595/5871 3553/3674/6011 3477/3598/5875
f 3477/3598/5875 3473/3594/5870 3474/3595/5871
f 3581/3702/6076 3580/3701/6074 3464/3585/6077
f 3464/3585/5847 3462/3583/5844 3581/3702/6076
f 3549/3670/6006 3580/3701/6074 3581/3702/6076
f 3581/3702/6076 3582/3703/6078 3549/3670/6006
f 3583/3704/6079 3582/3703/6078 3581/3702/6080
f 3581/3702/6076 3584/3705/6081 3583/3704/6082
f 3544/3665/5998 3582/3703/6078 3583/3704/6079
f 3583/3704/6079 3585/3706/6083 3544/3665/5998
f 3549/3670/6006 3582/3703/6078 3544/3665/5998
f 3544/3665/5998 3543/3664/5997 3549/3670/6006
f 3586/3707/6084 3585/3706/6083 3583/3704/6079
f 3583/3704/6079 3587/3708/6085 3586/3707/6086
f 3540/3661/5994 3585/3706/6087 3586/3707/6086
f 3586/3707/6086 3588/3709/6088 3540/3661/5994
f 3544/3665/5998 3585/3706/6087 3540/3661/5994
f 3540/3661/5994 3539/3660/5993 3544/3665/5998
f 3589/3710/6089 3588/3709/6088 3586/3707/6086
f 3586/3707/6086 3590/3711/6090 3589/3710/6089
f 3535/3656/5986 3588/3709/6088 3589/3710/6089
f 3589/3710/6089 3591/3712/6091 3535/3656/5986
f 3540/3661/5994 3588/3709/6088 3535/3656/5986
f 3535/3656/5986 3534/3655/5985 3540/3661/5994
f 3592/3713/6092 3591/3712/6091 3589/3710/6089
f 3589/3710/6089 3593/3714/6093 3592/3713/6092
f 3531/3652/5979 3591/3712/6091 3592/3713/6092
f 3592/3713/6094 3594/3715/6095 3531/3652/5979
f 3535/3656/5986 3591/3712/6091 3531/3652/5979
f 3531/3652/5979 3530/3651/5977 3535/3656/5986
f 3595/3716/6096 3594/3715/6097 3592/3713/6092
f 3592/3713/6092 3596/3717/6098 3595/3716/6096
f 3528/3649/5974 3594/3715/6095 3595/3716/6096
f 3595/3716/6096 3597/3718/6099 3528/3649/6100
f 3531/3652/5979 3594/3715/6097 3528/3649/6100
f 3528/3649/6101 3527/3648/5973 3531/3652/5979
f 3598/3719/6102 3597/3718/6099 3595/3716/6096
f 3595/3716/6096 3599/3720/6103 3598/3719/6102
f 3600/3721/6104 3597/3718/6105 3598/3719/6102
f 3598/3719/6102 3601/3722/6106 3600/3721/6104
f 3528/3649/5974 3597/3718/6099 3600/3721/6104
f 3600/3721/6104 3526/3647/5975 3528/3649/5974
f 307/314/415 3600/3721/6104 3601/3722/6107
f 3601/3722/6108 280/286/377 307/314/6109
f 3526/3647/5975 3600/3721/6104 307/314/415
f 307/314/415 301/308/407 3526/3647/5972
f 3602/3723/6110 3601/3722/6108 3598/3719/6102
f 3598/3719/6111 3603/3725/6112 3602/3723/6110
f 280/286/377 3601/3722/6108 3602/3723/6110
f 3602/3723/6110 281/287/378 280/286/377
f 3604/3727/6113 3605/3728/6114 3606/3730/6115
f 3606/3730/6116 3607/3732/6117 3604/3727/6113
f 3301/3417/5579 3605/3728/6114 3604/3727/6113
f 3604/3727/6118 3302/3419/5581 3301/3417/5579
f 3608/3733/6119 3604/3727/6113 3607/3732/6120
f 3607/3732/6117 3609/3734/6121 3608/3733/6119
f 3302/3419/5581 3604/3727/6118 3608/3733/6119
f 3608/3733/6119 3304/3421/5584 3302/3419/5581
f 3610/3735/6122 3608/3733/6119 3609/3734/6121
f 3609/3734/6121 3611/3736/6123 3610/3735/6122
f 3304/3421/5584 3608/3733/6119 3610/3735/6122
f 3610/3735/6122 3306/3423/5590 3304/3421/5584
f 3612/3737/6124 3610/3735/6122 3611/3736/6123
f 3611/3736/6123 3613/3738/6125 3612/3737/6124
f 3306/3423/5590 3610/3735/6122 3612/3737/6124
f 3612/3737/6124 3308/3425/5592 3306/3423/5590
f 3614/3739/6126 3612/3737/6124 3613/3738/6127
f 3613/3738/6125 3615/3740/6128 3614/3739/6129
f 3308/3425/5592 3612/3737/6124 3614/3739/6126
f 3614/3739/6126 3310/3427/5596 3308/3425/5592
f 3616/3741/6130 3614/3739/6129 3615/3740/6128
f 3615/3740/6128 3617/3742/6131 3616/3741/6130
f 3310/3427/5596 3614/3739/6129 3616/3741/6130
f 3616/3741/6130 3312/3429/5604 3310/3427/5596
f 3618/3743/6132 3616/3741/6130 3617/3742/6133
f 3617/3742/6133 3619/3744/6134 3618/3743/6135
f 3312/3429/5601 3616/3741/6136 3618/3743/6137
f 3618/3743/6135 3314/3431/6138 3312/3429/5604
f 3620/3745/6139 3618/3743/6135 3619/3744/6140
f 3619/3744/6140 3621/3746/6141 3620/3745/6142
f 3314/3431/5607 3618/3743/6143 3620/3745/6142
f 3620/3745/6142 3316/3433/5608 3314/3431/6138
f 3622/3747/6144 3620/3745/6142 3621/3746/6141
f 3621/3746/6141 3623/3748/6145 3622/3747/6146
f 3316/3433/5608 3620/3745/6142 3622/3747/6146
f 3622/3747/6146 3318/3435/5613 3316/3433/5608
f 3624/3749/6147 3622/3747/6146 3623/3748/6148
f 3623/3748/6148 3625/3750/6149 3624/3749/6150
f 3318/3435/5616 3622/3747/6146 3624/3749/6147
f 3624/3749/6147 3320/3437/5619 3318/3435/5616
f 3626/3751/6151 3624/3749/6147 3625/3750/6149
f 3625/3750/6149 3627/3752/6152 3626/3751/6153
f 3320/3437/5619 3624/3749/6147 3626/3751/6154
f 3626/3751/6154 3322/3439/5620 3320/3437/5619
f 3628/3753/6155 3626/3751/6151 3627/3752/6152
f 3627/3752/6152 3629/3754/6156 3628/3753/6155
f 3322/3439/5620 3626/3751/6151 3628/3753/6155
f 3628/3753/6155 3324/3441/5622 3322/3439/5620
f 3630/3755/6157 3628/3753/6155 3629/3754/6156
f 3629/3754/6156 3631/3756/6158 3630/3755/6157
f 3324/3441/5622 3628/3753/6155 3630/3755/6157
f 3630/3755/6157 3326/3443/5628 3324/3441/5622
f 3632/3757/6159 3630/3755/6157 3631/3756/6160
f 3631/3756/6161 3633/3758/6162 3632/3757/6159
f 3326/3443/5625 3630/3755/6157 3632/3757/6163
f 3632/3757/6163 3328/3445/5629 3326/3443/5628
f 3634/3759/6164 3632/3757/6163 3633/3758/6162
f 3633/3758/6162 3635/3760/6165 3634/3759/6166
f 3328/3445/5629 3632/3757/6159 3634/3759/6164
f 3634/3759/6164 3330/3447/6167 3328/3445/5629
f 3636/3761/6168 3634/3759/6164 3635/3760/6165
f 3635/3760/6169 311/318/6170 3636/3761/6168
f 3330/3447/5635 3634/3759/6164 3636/3761/6168
f 3636/3761/6168 3332/3449/5636 3330/3447/6167
f 3637/3762/6171 3636/3761/6168 311/318/420
f 311/318/420 310/317/418 3637/3762/6171
f 3332/3449/5639 3636/3761/6168 3637/3762/6171
f 3637/3762/6171 3334/3451/5640 3332/3449/5636
f 3638/3763/6172 3637/3762/6173 310/317/6174
f 310/317/6174 313/320/424 3638/3763/6172
f 3334/3451/6175 3637/3762/6171 3638/3763/6172
f 3638/3763/6172 3336/3453/5646 3334/3451/5640
f 3639/3764/6176 3638/3763/6177 313/320/424
f 313/320/424 3640/3765/6178 3639/3764/6179
f 3336/3453/5646 3638/3763/6177 3639/3764/6176
f 3639/3764/6176 3338/3455/5647 3336/3453/5643
f 3641/3766/6180 3639/3764/6179 3640/3765/6181
f 3640/3765/6178 3642/3767/6182 3641/3766/6180
f 3338/3455/5647 3639/3764/6176 3641/3766/6180
f 3641/3766/6180 3340/3457/5651 3338/3455/5647
f 3346/3463/5664 3641/3766/6180 3642/3767/6182
f 3642/3767/6182 3348/3465/6183 3346/3463/5664
f 3340/3457/5651 3641/3766/6180 3346/3463/5664
f 3346/3463/5664 3342/3459/5653 3340/3457/5651
f 3643/3768/6184 3642/3767/6182 3640/3765/6181
f 3640/3765/6181 3644/3769/6185 3643/3768/6184
f 3348/3465/6183 3642/3767/6182 3643/3768/6184
f 3643/3768/6184 3645/3770/6186 3348/3465/5669
f 3646/3771/6187 3645/3770/6188 3643/3768/6184
f 3643/3768/6184 3647/3772/6189 3646/3771/6187
f 3351/3468/6190 3645/3770/6186 3646/3771/6191
f 3646/3771/6191 3648/3773/6192 3351/3468/6193
f 3348/3465/6183 3645/3770/6186 3351/3468/6190
f 3351/3468/5673 3347/3464/5670 3348/3465/6183
f 3649/3774/6194 3648/3773/6192 3646/3771/6187
f 3646/3771/6187 3650/3775/6195 3649/3774/6194
f 3354/3471/5677 3648/3773/6192 3649/3774/6194
f 3649/3774/6194 3651/3776/6196 3354/3471/5677
f 3351/3468/6193 3648/3773/6192 3354/3471/5677
f 3354/3471/5677 3350/3467/5672 3351/3468/5673
f 3652/3777/6197 3651/3776/6196 3649/3774/6198
f 3649/3774/6194 3653/3778/6199 3652/3777/6197
f 3654/3779/6200 3651/3776/6196 3652/3777/6197
f 3652/3777/6197 3655/3780/6201 3654/3779/6200
f 3354/3471/5677 3651/3776/6196 3654/3779/6200
f 3654/3779/6200 3353/3470/5676 3354/3471/5677
f 3359/3476/5685 3654/3779/6200 3655/3780/6201
f 3655/3780/6202 3361/3478/6203 3359/3476/5685
f 3353/3470/5676 3654/3779/6200 3359/3476/6204
f 3359/3476/6204 3356/3473/5680 3353/3470/5676
f 3656/3781/6205 3655/3780/6201 3652/3777/6197
f 3652/3777/6197 3657/3782/6206 3656/3781/6205
f 3361/3478/6203 3655/3780/6201 3656/3781/6205
f 3656/3781/6205 3658/3783/6207 3361/3478/5688
f 3395/3512/6208 3658/3783/6207 3656/3781/6209
f 3656/3781/6205 3397/3514/5751 3395/3512/5749
f 3364/3481/5692 3658/3783/6207 3395/3512/5749
f 3395/3512/5749 3393/3510/5746 3364/3481/5692
f 3361/3478/6203 3658/3783/6207 3364/3481/5692
f 3364/3481/5692 3360/3477/5689 3361/3478/6203
f 3397/3514/5753 3656/3781/6205 3657/3782/6206
f 3657/3782/6206 3399/3516/6210 3397/3514/5753
f 3399/3516/6211 3657/3782/6206 3659/3784/6212
f 3659/3784/6213 3401/3518/5756 3399/3516/5754
f 3659/3784/6212 3657/3782/6206 3652/3777/6197
f 3652/3777/6197 3653/3778/6199 3659/3784/6212
f 3401/3518/5758 3659/3784/6214 3660/3785/6215
f 3660/3785/6215 3403/3520/5762 3401/3518/5758
f 3660/3785/6215 3659/3784/6213 3653/3778/6216
f 3653/3778/6199 3661/3786/6217 3660/3785/6215
f 3660/3785/6215 3661/3786/6217 3662/3787/6218
f 3662/3787/6219 3663/3788/6220 3660/3785/6215
f 3650/3775/6195 3661/3786/6217 3653/3778/6199
f 3653/3778/6199 3649/3774/6194 3650/3775/6195
f 3662/3787/6221 3661/3786/6217 3650/3775/6195
f 3650/3775/6195 3664/3789/6222 3662/3787/6219
f 3662/3787/6218 3664/3789/6222 3665/3790/6223
f 3665/3790/6224 3666/3791/6225 3662/3787/6226
f 3647/3772/6227 3664/3789/6222 3650/3775/6195
f 3650/3775/6195 3646/3771/6187 3647/3772/6227
f 3665/3790/6224 3664/3789/6222 3647/3772/6227
f 3647/3772/6227 3667/3792/6228 3665/3790/6223
f 3665/3790/6223 3667/3792/6228 315/322/428
f 315/322/428 3668/3793/6229 3665/3790/6223
f 3644/3769/6185 3667/3792/6230 3647/3772/6189
f 3647/3772/6227 3643/3768/6184 3644/3769/6185
f 315/322/428 3667/3792/6231 3644/3769/6185
f 3644/3769/6185 312/319/423 315/322/428
f 3669/3794/6232 3668/3793/6229 3670/3795/6233
f 3670/3795/6233 3671/3796/6234 3669/3794/6232
f 3665/3790/6224 3668/3793/6235 3669/3794/6232
f 3669/3794/6232 3666/3791/6225 3665/3790/6223
f 3670/3795/6233 3668/3793/6229 315/322/428
f 315/322/428 314/321/6236 3670/3795/6233
f 3672/3797/6237 3669/3794/6232 3671/3796/6234
f 3671/3796/6234 3673/3798/6238 3672/3797/6237
f 3666/3791/6225 3669/3794/6232 3672/3797/6237
f 3672/3797/6237 3674/3799/6239 3666/3791/6225
f 3407/3524/5766 3674/3799/6240 3672/3797/6237
f 3672/3797/6237 3409/3526/5771 3407/3524/5766
f 3663/3788/6220 3674/3799/6240 3407/3524/5766
f 3407/3524/5766 3405/3522/5765 3663/3788/6220
f 3666/3791/6225 3674/3799/6240 3663/3788/6220
f 3663/3788/6220 3662/3787/6218 3666/3791/6225
f 3409/3526/5771 3672/3797/6237 3673/3798/6238
f 3673/3798/6238 3411/3528/5774 3409/3526/5769
f 3411/3528/5772 3673/3798/6238 3675/3800/6241
f 3675/3800/6241 3413/3530/5775 3411/3528/5772
f 3675/3800/6241 3673/3798/6242 3671/3796/6234
f 3671/3796/6234 3676/3801/6243 3675/3800/6241
f 3675/3800/6241 3676/3801/6243 3677/3802/6244
f 3677/3802/6244 3678/3803/6245 3675/3800/6241
f 3679/3804/6246 3676/3801/6243 3671/3796/6234
f 3671/3796/6234 3670/3795/6233 3679/3804/6247
f 3677/3802/6244 3676/3801/6243 3679/3804/6246
f 3679/3804/6246 3680/3805/6248 3677/3802/6244
f 3677/3802/6244 3680/3805/6248 3681/3806/6249
f 3681/3806/6249 3682/3807/6250 3677/3802/6244
f 3683/3808/6251 3680/3805/6248 3679/3804/6246
f 3679/3804/6246 3684/3809/6252 3683/3808/6251
f 3681/3806/6249 3680/3805/6248 3683/3808/6251
f 3683/3808/6251 3685/3810/6253 3681/3806/6249
f 3681/3806/6249 3685/3810/6253 339/346/461
f 339/346/6254 3686/3811/6255 3681/3806/6249
f 3687/3812/6256 3685/3810/6253 3683/3808/6251
f 3683/3808/6251 3688/3813/6257 3687/3812/6256
f 339/346/461 3685/3810/6253 3687/3812/6256
f 3687/3812/6256 336/343/458 339/346/461
f 3689/3814/6258 3687/3812/6256 3688/3813/6257
f 3688/3813/6257 3690/3815/6259 3689/3814/6258
f 336/343/457 3687/3812/6256 3689/3814/6258
f 3689/3814/6258 337/344/459 336/343/457
f 3691/3816/6260 3689/3814/6258 3690/3815/6259
f 3690/3815/6259 3692/3817/6261 3691/3816/6262
f 337/344/459 3689/3814/6258 3691/3816/6262
f 3691/3816/6260 3693/3818/6263 337/344/459
f 337/344/459 3693/3818/6263 3694/3819/6264
f 3694/3819/6264 334/341/455 337/344/6265
f 3695/3820/6266 3693/3818/6263 3691/3816/6260
f 3691/3816/6262 322/329/6267 3695/3820/6266
f 3694/3819/6264 3693/3818/6263 3695/3820/6266
f 3695/3820/6266 3696/3821/6268 3694/3819/6264
f 3694/3819/6264 3696/3821/6269 3697/3822/6270
f 3697/3822/6270 3698/3823/6271 3694/3819/6264
f 3699/3824/6272 3696/3821/6268 3695/3820/6266
f 3695/3820/6266 3700/3825/6273 3699/3824/6274
f 3697/3822/6270 3696/3821/6268 3699/3824/6274
f 3699/3824/6274 3701/3826/6275 3697/3822/6270
f 3697/3822/6270 3701/3826/6276 3702/3827/6277
f 3702/3827/6277 3703/3828/6278 3697/3822/6270
f 3704/3829/6279 3701/3826/6276 3699/3824/6280
f 3699/3824/6274 3705/3830/6281 3704/3829/6279
f 3702/3827/6277 3701/3826/6275 3704/3829/6279
f 3704/3829/6279 3706/3831/6282 3702/3827/6277
f 3702/3827/6277 3706/3831/6283 3707/3832/6284
f 3707/3832/6284 3708/3833/6285 3702/3827/6277
f 3709/3834/6286 3706/3831/6287 3704/3829/6279
f 3704/3829/6279 3710/3835/6288 3709/3834/6286
f 3707/3832/6284 3706/3831/6287 3709/3834/6289
f 3709/3834/6286 3711/3836/6290 3707/3832/6284
f 3707/3832/6284 3711/3836/6291 3712/3837/6292
f 3712/3837/6292 3713/3838/6293 3707/3832/6284
f 3619/3744/6134 3711/3836/6291 3709/3834/6294
f 3709/3834/6294 3621/3746/6141 3619/3744/6140
f 3712/3837/6292 3711/3836/6295 3619/3744/6140
f 3619/3744/6134 3617/3742/6131 3712/3837/6292
f 3714/3839/6296 3713/3838/6297 3715/3840/6298
f 3715/3840/6298 3716/3841/6299 3714/3839/6296
f 3707/3832/6284 3713/3838/6293 3714/3839/6296
f 3714/3839/6296 3708/3833/6300 3707/3832/6284
f 3715/3840/6298 3713/3838/6297 3712/3837/6292
f 3712/3837/6292 3717/3842/6301 3715/3840/6298
f 3715/3840/6298 3717/3842/6301 3718/3843/6302
f 3718/3843/6302 3719/3844/6303 3715/3840/6298
f 3615/3740/6128 3717/3842/6301 3712/3837/6292
f 3712/3837/6292 3617/3742/6131 3615/3740/6128
f 3718/3843/6302 3717/3842/6301 3615/3740/6128
f 3615/3740/6128 3613/3738/6125 3718/3843/6304
f 3720/3845/6305 3719/3844/6303 3721/3846/6306
f 3721/3846/6306 3722/3847/6307 3720/3845/6308
f 3715/3840/6298 3719/3844/6303 3720/3845/6308
f 3720/3845/6308 3716/3841/6309 3715/3840/6298
f 3721/3846/6306 3719/3844/6303 3718/3843/6302
f 3718/3843/6302 3723/3848/6310 3721/3846/6311
f 3721/3846/6306 3723/3848/6310 3724/3849/6312
f 3724/3849/6312 3725/3850/6313 3721/3846/6306
f 3611/3736/6123 3723/3848/6310 3718/3843/6304
f 3718/3843/6302 3613/3738/6127 3611/3736/6123
f 3724/3849/6312 3723/3848/6314 3611/3736/6123
f 3611/3736/6123 3609/3734/6121 3724/3849/6315
f 3726/3851/6316 3725/3850/6313 3727/3852/6317
f 3727/3852/6318 3728/3853/6319 3726/3851/6316
f 3721/3846/6306 3725/3850/6313 3726/3851/6320
f 3726/3851/6316 3722/3847/6321 3721/3846/6306
f 3727/3852/6318 3725/3850/6322 3724/3849/6312
f 3724/3849/6315 3729/3854/6323 3727/3852/6318
f 3727/3852/6324 3729/3854/6323 3730/3855/6325
f 3730/3855/6326 3731/3857/6327 3727/3852/6318
f 3607/3732/6120 3729/3854/6323 3724/3849/6315
f 3724/3849/6312 3609/3734/6121 3607/3732/6117
f 3730/3855/6325 3729/3854/6323 3607/3732/6120
f 3607/3732/6117 3606/3730/6115 3730/3855/6325
f 3727/3852/6317 3731/3857/6327 3732/3859/6328
f 3732/3859/6329 3728/3853/6330 3727/3852/6317
f 3733/3861/6331 3734/3862/6332 3735/3864/6333
f 3735/3864/6334 3736/3866/6335 3733/3861/6331
f 3732/3859/6329 3734/3862/6332 3733/3861/6331
f 3733/3861/6331 3728/3853/6330 3732/3859/6329
f 3737/3867/6336 3733/3861/6331 3736/3866/6335
f 3736/3866/6335 3738/3868/6337 3737/3867/6338
f 3728/3853/6330 3733/3861/6331 3737/3867/6338
f 3737/3867/6339 3726/3851/6316 3728/3853/6319
f 3739/3869/6340 3737/3867/6338 3738/3868/6337
f 3738/3868/6337 3740/3870/6341 3739/3869/6340
f 3726/3851/6320 3737/3867/6339 3739/3869/6340
f 3739/3869/6342 3722/3847/6307 3726/3851/6316
f 3741/3871/6343 3739/3869/6342 3740/3870/6341
f 3740/3870/6341 3742/3872/6344 3741/3871/6343
f 3722/3847/6321 3739/3869/6342 3741/3871/6343
f 3741/3871/6345 3720/3845/6308 3722/3847/6307
f 3743/3873/6346 3741/3871/6343 3742/3872/6344
f 3742/3872/6344 3744/3874/6347 3743/3873/6346
f 3720/3845/6305 3741/3871/6343 3743/3873/6346
f 3743/3873/6346 3716/3841/6299 3720/3845/6308
f 3745/3875/6348 3743/3873/6346 3744/3874/6347
f 3744/3874/6347 3746/3876/6349 3745/3875/6350
f 3716/3841/6299 3743/3873/6346 3745/3875/6348
f 3745/3875/6348 3714/3839/6296 3716/3841/6309
f 3747/3877/6351 3745/3875/6348 3746/3876/6349
f 3746/3876/6349 3748/3878/6352 3747/3877/6351
f 3714/3839/6296 3745/3875/6348 3747/3877/6351
f 3747/3877/6351 3708/3833/6300 3714/3839/6296
f 3703/3828/6278 3747/3877/6351 3748/3878/6352
f 3748/3878/6352 3749/3879/6353 3703/3828/6278
f 3708/3833/6300 3747/3877/6351 3703/3828/6278
f 3703/3828/6278 3702/3827/6277 3708/3833/6285
f 3750/3880/6354 3749/3879/6353 3748/3878/6352
f 3748/3878/6352 3751/3881/6355 3750/3880/6354
f 3698/3823/6356 3749/3879/6353 3750/3880/6354
f 3750/3880/6354 342/349/466 3698/3823/6356
f 3703/3828/6278 3749/3879/6353 3698/3823/6356
f 3698/3823/6271 3697/3822/6270 3703/3828/6278
f 3752/3882/6357 3750/3880/6358 3751/3881/6355
f 3751/3881/6355 3753/3883/6359 3752/3882/6357
f 342/349/466 3750/3880/6354 3752/3882/6357
f 3752/3882/6360 340/347/463 342/349/466
f 3754/3884/6361 3752/3882/6357 3753/3883/6359
f 3753/3883/6359 3755/3885/6362 3754/3884/6363
f 340/347/463 3752/3882/6357 3754/3884/6363
f 3754/3884/6363 341/348/464 340/347/463
f 3756/3886/6364 3754/3884/6361 3755/3885/6362
f 3755/3885/6362 3757/3887/6365 3756/3886/6364
f 341/348/464 3754/3884/6363 3756/3886/6364
f 3756/3886/6364 3758/3888/6366 341/348/464
f 3759/3889/6367 3758/3888/6366 3756/3886/6364
f 3756/3886/6364 3760/3890/6368 3759/3889/6367
f 3761/3891/6369 3758/3888/6366 3759/3889/6367
f 3759/3889/6367 3762/3892/6370 3761/3891/6369
f 341/348/6371 3758/3888/6366 3761/3891/6369
f 3761/3891/6372 338/345/460 341/348/6373
f 3686/3811/6255 3761/3891/6369 3762/3892/6374
f 3762/3892/6370 3763/3893/6375 3686/3811/6255
f 338/345/460 3761/3891/6369 3686/3811/6255
f 3686/3811/6255 339/346/6254 338/345/460
f 3764/3894/6376 3763/3893/6375 3762/3892/6370
f 3762/3892/6374 3765/3895/6377 3764/3894/6376
f 3682/3807/6250 3763/3893/6375 3764/3894/6376
f 3764/3894/6376 3766/3896/6378 3682/3807/6250
f 3686/3811/6255 3763/3893/6375 3682/3807/6250
f 3682/3807/6379 3681/3806/6249 3686/3811/6255
f 3417/3534/5780 3766/3896/6380 3764/3894/6376
f 3764/3894/6376 3419/3536/5782 3417/3534/5780
f 3678/3803/6245 3766/3896/6380 3417/3534/5780
f 3417/3534/5780 3415/3532/5778 3678/3803/6245
f 3682/3807/6250 3766/3896/6380 3678/3803/6245
f 3678/3803/6381 3677/3802/6244 3682/3807/6250
f 3419/3536/5782 3764/3894/6382 3765/3895/6377
f 3765/3895/6377 3421/3538/5785 3419/3536/5782
f 3421/3538/5785 3765/3895/6377 3767/3897/6383
f 3767/3897/6383 3423/3540/5790 3421/3538/5785
f 3767/3897/6383 3765/3895/6377 3762/3892/6374
f 3762/3892/6370 3759/3889/6367 3767/3897/6383
f 3423/3540/5788 3767/3897/6383 3768/3898/6384
f 3768/3898/6384 3425/3542/5791 3423/3540/5788
f 3768/3898/6384 3767/3897/6383 3759/3889/6367
f 3759/3889/6367 3760/3890/6368 3768/3898/6384
f 3425/3542/5791 3768/3898/6384 3769/3899/6385
f 3769/3899/6385 3427/3544/5795 3425/3542/5794
f 3769/3899/6386 3768/3898/6384 3760/3890/6368
f 3760/3890/6387 3770/3900/6388 3769/3899/6385
f 3769/3899/6385 3770/3900/6388 3771/3901/6389
f 3771/3901/6389 3772/3902/6390 3769/3899/6385
f 3757/3887/6365 3770/3900/6388 3760/3890/6387
f 3760/3890/6387 3756/3886/6364 3757/3887/6391
f 3771/3901/6389 3770/3900/6388 3757/3887/6365
f 3757/3887/6392 3773/3903/6393 3771/3901/6389
f 3771/3901/6389 3773/3903/6394 3774/3904/6395
f 3774/3904/6395 3775/3905/6396 3771/3901/6389
f 3776/3906/6397 3773/3903/6393 3757/3887/6392
f 3757/3887/6392 3755/3885/6362 3776/3906/6397
f 3774/3904/6395 3773/3903/6398 3776/3906/6399
f 3776/3906/6399 3777/3907/6400 3774/3904/6395
f 3774/3904/6395 3777/3907/6400 3778/3908/6401
f 3778/3908/6401 3779/3909/6402 3774/3904/6395
f 3780/3910/6403 3777/3907/6400 3776/3906/6397
f 3776/3906/6397 3781/3911/6404 3780/3910/6403
f 3778/3908/6401 3777/3907/6400 3780/3910/6403
f 3780/3910/6405 3782/3912/6406 3778/3908/6401
f 3778/3908/6401 3782/3912/6406 3783/3913/6407
f 3783/3913/6408 3784/3914/6409 3778/3908/6401
f 3785/3915/6410 3782/3912/6406 3780/3910/6403
f 3780/3910/6403 3786/3916/6411 3785/3915/6412
f 3783/3913/6407 3782/3912/6413 3785/3915/6412
f 3785/3915/6410 3787/3917/6414 3783/3913/6415
f 3783/3913/6415 3787/3917/6414 3788/3918/6416
f 3788/3918/6416 3789/3919/6417 3783/3913/6408
f 3740/3870/6341 3787/3917/6414 3785/3915/6412
f 3785/3915/6412 3742/3872/6344 3740/3870/6341
f 3788/3918/6416 3787/3917/6414 3740/3870/6341
f 3740/3870/6341 3738/3868/6337 3788/3918/6416
f 3790/3920/6418 3789/3919/6417 3791/3921/6419
f 3791/3921/6420 3792/3922/6421 3790/3920/6418
f 3783/3913/6422 3789/3919/6417 3790/3920/6418
f 3790/3920/6418 3784/3914/6423 3783/3913/6415
f 3791/3921/6424 3789/3919/6425 3788/3918/6416
f 3788/3918/6416 3793/3923/6426 3791/3921/6427
f 3791/3921/6424 3793/3923/6428 3794/3924/6429
f 3794/3924/6430 3795/3926/6431 3791/3921/6424
f 3736/3866/6335 3793/3923/6428 3788/3918/6416
f 3788/3918/6416 3738/3868/6337 3736/3866/6335
f 3794/3924/6430 3793/3923/6432 3736/3866/6335
f 3736/3866/6335 3735/3864/6333 3794/3924/6430
f 3791/3921/6419 3795/3926/6431 3796/3928/6433
f 3796/3928/6433 3792/3922/6421 3791/3921/6427
f 3797/3930/6434 3798/3931/6435 3799/3933/6436
f 3799/3933/6436 3800/3935/6437 3797/3930/6434
f 3796/3928/6433 3798/3931/6435 3797/3930/6434
f 3797/3930/6438 3792/3922/6421 3796/3928/6433
f 3801/3936/6439 3797/3930/6434 3800/3935/6440
f 3800/3935/6440 3802/3937/6441 3801/3936/6439
f 3792/3922/6442 3797/3930/6434 3801/3936/6439
f 3801/3936/6439 3790/3920/6418 3792/3922/6442
f 3803/3938/6443 3801/3936/6439 3802/3937/6444
f 3802/3937/6441 3804/3939/6445 3803/3938/6446
f 3790/3920/6418 3801/3936/6439 3803/3938/6443
f 3803/3938/6446 3784/3914/6423 3790/3920/6418
f 3779/3909/6402 3803/3938/6443 3804/3939/6445
f 3804/3939/6445 3805/3940/6447 3779/3909/6402
f 3784/3914/6423 3803/3938/6446 3779/3909/6402
f 3779/3909/6402 3778/3908/6401 3784/3914/6409
f 3806/3941/6448 3805/3940/6447 3804/3939/6449
f 3804/3939/6445 3807/3942/6450 3806/3941/6448
f 3775/3905/6396 3805/3940/6447 3806/3941/6448
f 3806/3941/6451 3808/3943/6452 3775/3905/6396
f 3779/3909/6402 3805/3940/6447 3775/3905/6396
f 3775/3905/6396 3774/3904/6395 3779/3909/6402
f 3431/3548/5800 3808/3943/6452 3806/3941/6453
f 3806/3941/6453 3433/3550/5802 3431/3548/5800
f 3772/3902/6454 3808/3943/6452 3431/3548/6455
f 3431/3548/5800 3429/3546/5797 3772/3902/6454
f 3775/3905/6396 3808/3943/6452 3772/3902/6456
f 3772/3902/6456 3771/3901/6389 3775/3905/6396
f 3433/3550/5802 3806/3941/6448 3807/3942/6450
f 3807/3942/6450 3435/3552/6457 3433/3550/5802
f 3435/3552/6457 3807/3942/6450 3809/3944/6458
f 3809/3944/6458 3437/3554/5807 3435/3552/6457
f 3809/3944/6458 3807/3942/6450 3804/3939/6445
f 3804/3939/6445 3802/3937/6444 3809/3944/6458
f 3437/3554/5807 3809/3944/6458 3810/3945/6459
f 3810/3945/6460 3439/3556/5810 3437/3554/5807
f 3810/3945/6460 3809/3944/6458 3802/3937/6444
f 3802/3937/6444 3800/3935/6461 3810/3945/6459
f 3439/3556/5810 3810/3945/6460 3811/3946/6462
f 3811/3946/6462 3441/3559/5812 3439/3556/5810
f 3811/3946/6462 3810/3945/6459 3800/3935/6440
f 3800/3935/6437 3799/3933/6436 3811/3946/6462
f 3812/3948/6463 3813/3950/6464 3814/3952/6465
f 3814/3952/6465 3815/3953/6466 3812/3948/6463
f 3814/3952/6465 3813/3950/6464 3816/3954/6467
f 3816/3954/6468 3817/3956/6469 3814/3952/6465
f 3818/3957/6470 3817/3956/6471 3816/3954/6467
f 3816/3954/6468 3819/3958/6472 3818/3957/6473
f 3820/3960/6474 3817/3956/6469 3818/3957/6470
f 3818/3957/6475 3596/3717/6476 3820/3960/6477
f 3814/3952/6465 3817/3956/6469 3820/3960/6474
f 3820/3960/6477 3821/3961/6478 3814/3952/6465
f 3814/3952/6465 3821/3961/6479 3822/3962/6480
f 3822/3962/6480 3815/3953/6466 3814/3952/6465
f 3823/3963/6481 3821/3961/6478 3820/3960/6474
f 3820/3960/6474 3593/3714/6093 3823/3963/6481
f 3822/3962/6482 3821/3961/6478 3823/3963/6481
f 3823/3963/6483 3824/3964/6484 3822/3962/6482
f 3822/3962/6480 3824/3964/6484 3825/3965/6485
f 3825/3965/6485 3826/3966/6486 3822/3962/6482
f 3827/3967/6487 3824/3964/6484 3823/3963/6483
f 3823/3963/6481 3590/3711/6488 3827/3967/6487
f 3825/3965/6485 3824/3964/6484 3827/3967/6487
f 3827/3967/6489 3828/3968/6490 3825/3965/6485
f 3825/3965/6485 3828/3968/6490 3458/3579/5838
f 3458/3579/5838 3829/3969/6491 3825/3965/6485
f 3830/3970/6492 3828/3968/6490 3827/3967/6487
f 3827/3967/6489 3587/3708/6085 3830/3970/6492
f 3458/3579/5838 3828/3968/6490 3830/3970/6493
f 3830/3970/6493 3457/3578/5836 3458/3579/5838
f 3584/3705/6081 3830/3970/6493 3587/3708/6085
f 3587/3708/6085 3583/3704/6079 3584/3705/6494
f 3457/3578/6495 3830/3970/6493 3584/3705/6081
f 3584/3705/6081 3460/3581/5841 3457/3578/6495
f 3831/3971/6496 3829/3969/6491 3455/3576/5833
f 3455/3576/5833 3832/3972/6497 3831/3971/6498
f 3825/3965/6485 3829/3969/6491 3831/3971/6499
f 3831/3971/6496 3826/3966/6500 3825/3965/6485
f 3455/3576/5833 3829/3969/6491 3458/3579/5838
f 3458/3579/5838 3454/3575/5832 3455/3576/5833
f 3833/3973/6501 3831/3971/6498 3832/3972/6497
f 3832/3972/6497 3834/3974/6502 3833/3973/6501
f 3826/3966/6500 3831/3971/6499 3833/3973/6501
f 3833/3973/6503 3835/3975/6504 3826/3966/6500
f 3836/3976/6505 3835/3975/6504 3833/3973/6501
f 3833/3973/6501 3837/3978/6506 3836/3976/6505
f 3815/3953/6466 3835/3975/6507 3836/3976/6505
f 3836/3976/6505 3812/3948/6463 3815/3953/6466
f 3826/3966/6486 3835/3975/6507 3815/3953/6466
f 3815/3953/6466 3822/3962/6482 3826/3966/6486
f 3838/3980/6508 3837/3978/6506 3833/3973/6501
f 3833/3973/6501 3834/3974/6502 3838/3980/6509
f 3444/3564/5816 3839/3982/6510 3840/3984/6511
f 3840/3984/6511 3445/3566/5817 3444/3564/5816
f 3840/3984/6511 3839/3982/6512 3838/3980/6509
f 3838/3980/6509 3834/3974/6502 3840/3984/6511
f 3841/3985/6513 3840/3984/6511 3834/3974/6514
f 3834/3974/6502 3832/3972/6497 3841/3985/6513
f 3445/3566/5819 3840/3984/6511 3841/3985/6513
f 3841/3985/6513 3447/3568/5820 3445/3566/5817
f 3453/3574/6515 3841/3985/6513 3832/3972/6497
f 3832/3972/6497 3455/3576/5833 3453/3574/5829
f 3447/3568/5820 3841/3985/6513 3453/3574/5829
f 3453/3574/5829 3449/3570/5824 3447/3568/5823
f 3587/3708/6085 3827/3967/6487 3590/3711/6488
f 3590/3711/6488 3586/3707/6086 3587/3708/6085
f 3590/3711/6090 3823/3963/6481 3593/3714/6093
f 3593/3714/6093 3589/3710/6089 3590/3711/6488
f 3593/3714/6093 3820/3960/6474 3596/3717/6476
f 3596/3717/6476 3592/3713/6092 3593/3714/6093
f 3599/3720/6103 3818/3957/6473 3819/3958/6472
f 3819/3958/6472 3842/3986/6516 3599/3720/6103
f 3596/3717/6098 3818/3957/6473 3599/3720/6103
f 3599/3720/6103 3595/3716/6096 3596/3717/6098
f 3599/3720/6103 3842/3986/6516 3603/3725/6112
f 3603/3725/6112 3598/3719/6102 3599/3720/6517
f 3742/3872/6344 3785/3915/6412 3786/3916/6411
f 3786/3916/6411 3744/3874/6347 3742/3872/6344
f 3843/3988/6518 3786/3916/6411 3780/3910/6403
f 3780/3910/6403 3781/3911/6519 3843/3988/6518
f 3744/3874/6347 3786/3916/6411 3843/3988/6518
f 3843/3988/6518 3746/3876/6349 3744/3874/6347
f 3751/3881/6355 3843/3988/6518 3781/3911/6404
f 3781/3911/6519 3753/3883/6359 3751/3881/6355
f 3746/3876/6349 3843/3988/6518 3751/3881/6355
f 3751/3881/6520 3748/3878/6352 3746/3876/6349
f 3753/3883/6359 3781/3911/6519 3776/3906/6521
f 3776/3906/6521 3755/3885/6362 3753/3883/6359
f 3769/3899/6386 3772/3902/6390 3429/3546/5797
f 3429/3546/6522 3427/3544/5795 3769/3899/6385
f 3621/3746/6141 3709/3834/6294 3710/3835/6288
f 3710/3835/6523 3623/3748/6148 3621/3746/6141
f 3844/3989/6524 3710/3835/6288 3704/3829/6279
f 3704/3829/6279 3705/3830/6281 3844/3989/6524
f 3623/3748/6145 3710/3835/6288 3844/3989/6524
f 3844/3989/6524 3625/3750/6149 3623/3748/6145
f 3845/3990/6525 3844/3989/6524 3705/3830/6281
f 3705/3830/6526 3846/3991/6527 3845/3990/6525
f 3625/3750/6149 3844/3989/6524 3845/3990/6528
f 3845/3990/6525 3627/3752/6529 3625/3750/6149
f 3847/3992/6530 3845/3990/6525 3846/3991/6527
f 3846/3991/6527 321/328/6531 3847/3992/6532
f 3627/3752/6529 3845/3990/6525 3847/3992/6532
f 3847/3992/6532 3629/3754/6156 3627/3752/6529
f 3848/3993/6533 3847/3992/6532 321/328/6534
f 321/328/6531 316/323/429 3848/3993/6535
f 3629/3754/6156 3847/3992/6532 3848/3993/6536
f 3848/3993/6535 3631/3756/6158 3629/3754/6156
f 3849/3994/6537 3848/3993/6535 316/323/429
f 316/323/429 319/326/432 3849/3994/6537
f 3631/3756/6538 3848/3993/6535 3849/3994/6537
f 3849/3994/6537 3633/3758/6162 3631/3756/6161
f 3850/3995/6539 3849/3994/6537 319/326/432
f 319/326/432 3851/3996/6540 3850/3995/6539
f 3633/3758/6162 3849/3994/6537 3850/3995/6541
f 3850/3995/6541 3635/3760/6165 3633/3758/6162
f 308/315/416 3850/3995/6542 3851/3996/6540
f 3851/3996/6540 3852/3997/6543 308/315/421
f 3635/3760/6165 3850/3995/6539 308/315/416
f 308/315/6544 311/318/420 3635/3760/6165
f 3690/3815/6259 3852/3997/6543 3851/3996/6540
f 3851/3996/6540 3692/3817/6545 3690/3815/6259
f 3853/3998/6546 3852/3997/6543 3690/3815/6259
f 3690/3815/6259 3688/3813/6547 3853/3998/6546
f 308/315/421 3852/3997/6543 3853/3998/6546
f 3853/3998/6546 309/316/422 308/315/416
f 3684/3809/6252 3853/3998/6546 3688/3813/6257
f 3688/3813/6547 3683/3808/6251 3684/3809/6252
f 309/316/422 3853/3998/6546 3684/3809/6252
f 3684/3809/6252 314/321/427 309/316/422
f 3692/3817/6548 3851/3996/6540 319/326/6549
f 319/326/432 318/325/431 3692/3817/6545
f 3700/3825/6273 3846/3991/6527 3705/3830/6281
f 3705/3830/6526 3699/3824/6274 3700/3825/6273
f 321/328/6531 3846/3991/6527 3700/3825/6273
f 3700/3825/6273 320/327/6550 321/328/6534
f 320/327/437 3700/3825/6273 3695/3820/6266
f 3695/3820/6266 322/329/438 320/327/6550
f 3694/3819/6264 3698/3823/6271 342/349/466
f 342/349/466 334/341/465 3694/3819/6264
f 322/329/6267 3691/3816/6260 3692/3817/6545
f 3692/3817/6548 318/325/431 322/329/438
f 314/321/427 3684/3809/6252 3679/3804/6246
f 3679/3804/6246 3670/3795/6233 314/321/427
f 3675/3800/6551 3678/3803/6381 3415/3532/5778
f 3415/3532/5778 3413/3530/5775 3675/3800/6551
f 3660/3785/6215 3663/3788/6220 3405/3522/5765
f 3405/3522/5765 3403/3520/6552 3660/3785/6215
f 312/319/423 3644/3769/6185 3640/3765/6178
f 3640/3765/6178 313/320/424 312/319/6553
f 3460/3581/6554 3584/3705/6494 3581/3702/6080
f 3581/3702/6080 3462/3583/5844 3460/3581/5841
f 294/301/399 3546/3667/6072 3541/3662/5995
f 3541/3662/5995 299/306/404 294/301/399
f 299/306/404 3536/3657/5989 3537/3658/6061
f 3537/3658/6061 298/305/403 299/306/404
f 3488/3609/6555 3498/3619/5914 3495/3616/5910
f 3495/3616/5910 3490/3611/5899 3488/3609/6555
f 3464/3585/5847 3474/3595/5871 3468/3589/5853
f 3468/3589/5853 3463/3584/5846 3464/3585/6556
f 352/359/479 3466/3587/5851 349/356/476
f 349/356/476 353/360/480 352/359/479
f 3364/3481/5692 3393/3510/5746 3367/3484/5743
f 3367/3484/6557 3363/3480/5691 3364/3481/5692
f 279/284/376 3298/3412/5576 3296/3409/5575
f 3296/3409/5575 276/280/372 279/284/376
f 3254/3367/5504 3264/3377/5521 3257/3370/5510
f 3257/3370/6558 3253/3366/5503 3254/3367/5504
f 323/330/439 3252/3365/5502 293/300/398
f 293/300/398 328/335/445 323/330/443
f 346/353/5866 3234/3347/5477 3235/3348/5478
f 3235/3348/5478 343/350/467 346/353/471
f 3184/3297/5389 3196/3309/5413 3187/3300/6559
f 3187/3300/5394 3183/3296/5388 3184/3297/5389
f 3073/3182/5199 3082/3191/5218 3076/3185/5203
f 3076/3185/5203 3072/3181/5198 3073/3182/5199
f 258/262/349 2981/3086/5043 2978/3083/5039
f 2978/3083/6560 259/263/5036 258/262/349
f 2856/2956/4820 2862/2962/4832 2859/2959/4826
f 2859/2959/4826 2855/2955/4821 2856/2956/4820
f 2659/2745/4464 2666/2752/4480 2663/2749/6561
f 2663/2749/6561 2658/2744/4462 2659/2745/4464
f 243/247/334 2661/2747/4467 2527/2609/6562
f 2527/2609/6562 245/249/335 243/247/334
f 2527/2609/4236 2661/2747/4467 2530/2612/6563
f 2530/2612/4473 2526/2608/4235 2527/2609/6564
f 2609/2695/4598 2615/2701/4390 2612/2698/4383
f 2612/2698/4383 2608/2694/4375 2609/2695/4376
f 245/249/335 2527/2609/6562 2523/2605/4231
f 2523/2605/6565 2524/2606/4446 245/249/335
f 2481/2563/4155 2487/2569/4388 2484/2566/4159
f 2484/2566/4159 2480/2562/4156 2481/2563/4155
f 2402/2480/4030 2409/2487/4041 2406/2484/4036
f 2406/2484/4036 2401/2479/4029 2402/2480/4258
f 2347/2425/3933 2353/2431/3943 2350/2428/3937
f 2350/2428/3937 2346/2424/3934 2347/2425/3933
f 2118/2192/3533 2216/2290/3701 2213/2287/3698
f 2213/2287/3698 2117/2191/3532 2118/2192/3533
f 2139/2213/3565 2206/2280/6566 2142/2216/3570
f 2142/2216/3570 2138/2212/3563 2139/2213/3565
f 2142/2216/3570 2202/2276/3678 2145/2219/3576
f 2145/2219/3576 2141/2215/3569 2142/2216/3570
f 2145/2219/3576 2198/2272/3673 2148/2222/3580
f 2148/2222/3580 2144/2218/3575 2145/2219/3576
f 222/226/6567 2029/2098/3387 2030/2099/3388
f 2030/2099/3388 218/222/298 222/226/3787
f 1675/1735/6568 1681/1741/2785 1678/1738/2779
f 1678/1738/2779 1674/1734/2772 1675/1735/6569
f 1669/1729/3043 1675/1735/2774 1672/1732/2769
f 1672/1732/2769 1668/1728/6570 1669/1729/2765
f 1516/1572/2498 1523/1579/2510 1519/1575/2502
f 1519/1575/2507 1515/1571/2497 1516/1572/2498
f 1500/1556/2472 1507/1563/2483 1503/1559/2477
f 1503/1559/2477 1499/1555/2473 1500/1556/2472
f 224/228/306 1471/1527/2423 1469/1525/2418
f 1469/1525/2418 214/218/294 224/228/6571
f 214/218/294 1469/1525/2418 1467/1523/2415
f 1467/1523/2415 211/215/290 214/218/294
f 211/215/6572 1467/1523/2415 1465/1521/2411
f 1465/1521/6573 212/216/291 211/215/290
f 1287/1339/2119 1326/1378/2183 1293/1345/2132
f 1293/1345/6574 1289/1341/2120 1287/1339/2119
f 1293/1345/6574 1322/1374/2184 1296/1348/2135
f 1296/1348/2135 1292/1344/2131 1293/1345/6575
f 1296/1348/2135 1318/1370/2172 1299/1351/2138
f 1299/1351/2138 1295/1347/2134 1296/1348/2135
f 1299/1351/2138 1314/1366/2160 1302/1354/6576
f 1302/1354/6576 1298/1350/2139 1299/1351/2138
f 1039/1087/1670 1227/1279/2012 1042/1090/6577
f 1042/1090/1677 1038/1086/1671 1039/1087/1670
f 1042/1090/1677 1227/1279/2012 179/183/2015
f 179/183/247 173/177/235 1042/1090/1677
f 194/198/268 1223/1275/2006 1037/1085/1668
f 1037/1085/1668 1035/1083/1665 194/198/268
f 1218/1270/1997 1223/1275/6578 194/198/268
f 194/198/6579 193/197/269 1218/1270/1997
f 1037/1085/1668 1223/1275/2006 1222/1274/2005
f 1222/1274/2005 1039/1087/1670 1037/1085/1668
f 207/211/285 1201/1253/1966 1198/1250/1963
f 1198/1250/1963 204/208/282 207/211/285
f 205/209/281 1193/1245/1954 1194/1246/1955
f 1194/1246/1955 202/206/278 205/209/281
f 171/175/230 1147/1195/1873 1144/1192/6580
f 1144/1192/1867 168/172/234 171/175/230
f 1112/1160/2130 1120/1168/1822 1115/1163/1807
f 1115/1163/1807 1111/1159/1801 1112/1160/1803
f 178/182/244 1050/1098/1691 1048/1096/1687
f 1048/1096/1687 175/179/238 178/182/6581
f 175/179/237 1048/1096/1687 1044/1092/1681
f 1044/1092/1681 176/180/239 175/179/238
f 176/180/239 1041/1089/1675 1042/1090/1677
f 1042/1090/6577 173/177/235 176/180/6582
f 194/198/268 1035/1083/1665 1033/1081/1662
f 1033/1081/1662 191/195/265 194/198/268
f 191/195/265 1033/1081/1662 1031/1079/1661
f 1031/1079/1661 200/204/276 191/195/6583
f 64/68/88 810/842/1275 811/843/1276
f 811/843/1515 62/66/86 64/68/88
f 183/187/1406 742/774/6584 743/775/1158
f 743/775/1158 180/184/248 183/187/252
f 102/106/135 649/674/995 647/672/990
f 647/672/6585 108/112/144 102/106/135
f 733/762/1142 613/638/939 609/634/936
f 609/634/6586 608/632/928 733/762/1142
f 129/133/171 601/622/913 598/619/908
f 598/619/908 124/128/166 129/133/6587
f 95/99/124 592/613/893 593/614/894
f 593/614/894 97/101/128 95/99/124
f 113/117/149 586/607/6588 584/605/879
f 584/605/879 115/119/154 113/117/149
f 115/119/154 584/605/6589 582/603/874
f 582/603/874 85/89/112 115/119/154
f 85/89/112 582/603/874 579/600/872
f 579/600/870 84/88/113 85/89/6590
f 84/88/113 579/600/872 580/601/1044
f 580/601/1044 90/94/119 84/88/113
f 562/583/841 577/598/1043 575/596/6591
f 575/596/863 564/585/844 562/583/841
f 564/585/844 575/596/6592 569/590/855
f 569/590/852 566/587/847 564/585/844
f 531/552/789 538/559/1002 534/555/797
f 534/555/793 530/551/787 531/552/789
f 79/83/105 486/501/915 483/498/700
f 483/498/700 77/81/6593 79/83/105
f 75/79/99 479/494/690 480/495/6594
f 480/495/6595 76/80/100 75/79/99
f 76/80/100 480/495/692 71/75/95
f 71/75/95 72/76/96 76/80/100
f 71/75/95 480/495/692 476/491/687
f 476/491/687 477/492/686 71/75/861
f 31/35/858 474/489/680 471/486/677
f 471/486/677 28/32/40 31/35/858
f 32/36/45 466/481/668 467/482/671
f 467/482/671 33/37/46 32/36/45
f 122/126/164 435/450/612 433/448/611
f 433/448/6596 118/122/157 122/126/164
f 118/122/157 433/448/611 431/446/601
f 431/446/606 119/123/158 118/122/157
f 35/39/48 387/398/531 18/22/24
f 18/22/24 41/45/55 35/39/48
f 23/27/33 385/396/527 10/13/14
f 10/13/14 9/12/13 23/27/33
f 10/13/14 381/392/522 24/28/34
f 24/28/6597 8/11/12 10/13/14
f 26/30/38 374/385/511 4/6/5
f 4/6/6598 3/5/4 26/30/37
f 4/6/5 369/379/506 370/380/507
f 370/380/507 1/1/1 4/6/6598
f 305/312/412 307/314/415 280/286/377
f 280/286/377 282/289/381 305/312/413
f 274/278/6599 283/290/382 286/293/385
f 286/293/385 273/277/370 274/278/5422
f 233/237/316 238/242/6600 216/220/296
f 216/220/296 219/223/299 233/237/316
f 111/115/147 115/119/154 85/89/112
f 85/89/112 80/84/107 111/115/147
f 83/87/6601 112/116/1075 111/115/147
f 111/115/147 80/84/107 83/87/110
f 15/19/21 49/53/67 42/46/60
f 42/46/56 16/20/22 15/19/21
f 20/24/28 23/27/33 9/12/18
f 9/12/18 12/16/17 20/24/6602
f 3854/3999/6603 7/10/6604 5/7/7
f 11/14/16 7/10/11 3854/3999/6603
f 3855/4001/6605 2/4/6606 1/2/6607
f 1/2/6608 3856/4002/6609 3855/4001/6605
f 3857/4003/6610 3858/4004/6611 3859/4005/6612
f 3859/4005/6612 3860/4006/6613 3857/4003/6610
f 3861/4007/6614 3858/4004/6615 3857/4003/6610
f 3857/4003/6610 3862/4008/6616 3861/4007/6614
f 3859/4005/6612 3858/4004/6611 3861/4007/6614
f 3861/4007/6617 3863/4009/6618 3859/4005/6612
f 3864/4010/6619 3865/4011/6620 3866/4012/6621
f 3866/4012/6621 3867/4013/6622 3864/4010/6619
f 3866/4012/6621 3865/4011/6620 3868/4014/6623
f 3868/4014/6623 3869/4015/6624 3866/4012/6621
f 3868/4014/6623 3865/4011/6620 3864/4010/6619
f 3864/4010/6619 3870/4016/6625 3868/4014/6623
f 3871/4017/6626 3870/4016/6625 3872/4018/6627
f 3872/4018/6627 3873/4019/6628 3871/4017/6626
f 3868/4014/6623 3870/4016/6625 3871/4017/6626
f 3871/4017/6626 3874/4020/6629 3868/4014/6623
f 3872/4018/6627 3870/4016/6625 3864/4010/6619
f 3864/4010/6619 3875/4021/6630 3872/4018/6627
f 3872/4018/6627 3875/4021/6630 3876/4022/6631
f 3876/4022/6631 3877/4023/6632 3872/4018/6627
f 3878/4024/6633 3875/4021/6630 3864/4010/6619
f 3864/4010/6619 3867/4013/6634 3878/4024/6633
f 3876/4022/6631 3875/4021/6630 3878/4024/6633
f 3878/4024/6633 3879/4025/6635 3876/4022/6631
f 3876/4022/6631 3879/4025/6636 3880/4026/6637
f 3880/4026/6637 3881/4027/6638 3876/4022/6631
f 3882/4028/6639 3879/4025/6636 3878/4024/6633
f 3878/4024/6633 3883/4029/6640 3882/4028/6639
f 3880/4026/6637 3879/4025/6635 3882/4028/6641
f 3882/4028/6641 3884/4030/6642 3880/4026/6637
f 3880/4026/6637 3884/4030/6643 3885/4031/6644
f 3885/4031/6644 3886/4032/6645 3880/4026/6637
f 3887/4033/6646 3884/4030/6642 3882/4028/6641
f 3882/4028/6647 3888/4034/6648 3887/4033/6646
f 3885/4031/6649 3884/4030/6642 3887/4033/6646
f 3887/4033/6646 3889/4035/6650 3885/4031/6644
f 3885/4031/6644 3889/4035/6651 3890/4036/6652
f 3890/4036/6652 3891/4037/6653 3885/4031/6644
f 3892/4038/6654 3889/4035/6651 3887/4033/6646
f 3887/4033/6646 3893/4039/6655 3892/4038/6656
f 3890/4036/6652 3889/4035/6650 3892/4038/6656
f 3892/4038/6656 3894/4040/6657 3890/4036/6652
f 3890/4036/6658 3894/4040/6657 3895/4041/6659
f 3895/4041/6659 3896/4042/6660 3890/4036/6658
f 3855/4001/6605 3894/4040/6657 3892/4038/6656
f 3892/4038/6656 3897/4043/6661 3855/4001/6605
f 3895/4041/6659 3894/4040/6657 3855/4001/6605
f 3855/4001/6605 3856/4002/6609 3895/4041/6659
f 3898/4044/6662 3896/4042/6660 3899/4045/6663
f 3899/4045/6664 3900/4046/6665 3898/4044/6662
f 3890/4036/6652 3896/4042/6666 3898/4044/6662
f 3898/4044/6662 3891/4037/6653 3890/4036/6658
f 3899/4045/6664 3896/4042/6660 3895/4041/6667
f 3895/4041/6659 3901/4047/6668 3899/4045/6664
f 3899/4045/6664 3901/4047/6668 3902/4048/6669
f 3902/4048/6669 3903/4049/6670 3899/4045/6663
f 3904/4050/6671 3901/4047/6668 3895/4041/6659
f 3895/4041/6659 3856/4002/6609 3904/4050/6672
f 3902/4048/6669 3901/4047/6668 3904/4050/6672
f 3904/4050/6672 3905/4051/6673 3902/4048/6669
f 3902/4048/6669 3905/4051/6674 3863/4009/6675
f 3863/4009/6675 3861/4007/6617 3902/4048/6669
f 365/375/6676 3905/4051/6673 3904/4050/6672
f 3904/4050/6672 370/381/6677 365/375/6676
f 3863/4009/6675 3905/4051/6673 365/375/6676
f 365/375/6676 362/371/6678 3863/4009/6618
f 3863/4009/6675 362/371/6678 361/369/6679
f 361/369/6679 3859/4005/6612 3863/4009/6675
f 3860/4006/6680 411/423/6681 412/425/6682
f 412/425/6683 3906/4052/6684 3860/4006/6680
f 361/369/6685 411/423/6681 3860/4006/6613
f 3860/4006/6613 3859/4005/6612 361/369/6679
f 3907/4053/6686 3906/4052/6684 412/425/6682
f 412/425/6682 489/505/6687 3907/4053/6686
f 3908/4054/6688 3906/4052/6684 3907/4053/6686
f 3907/4053/6686 3909/4055/6689 3908/4054/6688
f 3860/4006/6680 3906/4052/6684 3908/4054/6688
f 3908/4054/6688 3857/4003/6610 3860/4006/6680
f 3910/4056/6690 3908/4054/6688 3909/4055/6689
f 3909/4055/6689 3911/4057/6691 3910/4056/6692
f 3857/4003/6610 3908/4054/6688 3910/4056/6692
f 3910/4056/6690 3862/4008/6616 3857/4003/6610
f 3912/4058/6693 3910/4056/6690 3911/4057/6694
f 3911/4057/6695 3913/4059/6696 3912/4058/6693
f 3862/4008/6616 3910/4056/6690 3912/4058/6697
f 3912/4058/6697 3903/4049/6670 3862/4008/6616
f 3900/4046/6665 3912/4058/6697 3913/4059/6698
f 3913/4059/6698 3914/4060/6699 3900/4046/6665
f 3903/4049/6700 3912/4058/6693 3900/4046/6665
f 3900/4046/6665 3899/4045/6664 3903/4049/6670
f 3915/4061/6701 3914/4060/6702 3913/4059/6698
f 3913/4059/6696 3916/4062/6703 3915/4061/6704
f 3917/4063/6705 3914/4060/6702 3915/4061/6701
f 3915/4061/6704 3918/4064/6706 3917/4063/6705
f 3900/4046/6665 3914/4060/6702 3917/4063/6705
f 3917/4063/6705 3898/4044/6662 3900/4046/6665
f 3919/4065/6707 3917/4063/6705 3918/4064/6706
f 3918/4064/6706 3920/4066/6708 3919/4065/6707
f 3898/4044/6662 3917/4063/6705 3919/4065/6709
f 3919/4065/6707 3891/4037/6653 3898/4044/6662
f 3886/4032/6645 3919/4065/6707 3920/4066/6708
f 3920/4066/6708 3921/4067/6710 3886/4032/6645
f 3891/4037/6653 3919/4065/6707 3886/4032/6645
f 3886/4032/6645 3885/4031/6644 3891/4037/6653
f 3922/4068/6711 3921/4067/6710 3920/4066/6712
f 3920/4066/6708 3923/4069/6713 3922/4068/6711
f 3881/4027/6638 3921/4067/6710 3922/4068/6711
f 3922/4068/6714 3924/4070/6715 3881/4027/6716
f 3886/4032/6645 3921/4067/6710 3881/4027/6716
f 3881/4027/6716 3880/4026/6637 3886/4032/6645
f 3925/4071/6717 3924/4070/6715 3922/4068/6711
f 3922/4068/6711 3926/4072/6718 3925/4071/6719
f 3877/4023/6632 3924/4070/6715 3925/4071/6719
f 3925/4071/6719 3927/4073/6720 3877/4023/6632
f 3881/4027/6716 3924/4070/6715 3877/4023/6632
f 3877/4023/6632 3876/4022/6631 3881/4027/6716
f 3928/4074/6721 3927/4073/6720 3925/4071/6719
f 3925/4071/6719 3929/4075/6722 3928/4074/6723
f 3873/4019/6628 3927/4073/6720 3928/4074/6721
f 3928/4074/6723 3930/4076/6724 3873/4019/6628
f 3877/4023/6632 3927/4073/6720 3873/4019/6628
f 3873/4019/6628 3872/4018/6627 3877/4023/6725
f 3931/4077/6726 3930/4076/6724 3928/4074/6723
f 3928/4074/6723 3932/4078/6727 3931/4077/6726
f 3933/4079/6728 3930/4076/6724 3931/4077/6726
f 3931/4077/6726 3934/4080/6729 3933/4079/6728
f 3873/4019/6628 3930/4076/6724 3933/4079/6728
f 3933/4079/6728 3871/4017/6626 3873/4019/6628
f 3935/4081/6730 3933/4079/6728 3934/4080/6731
f 3934/4080/6729 3936/4082/6732 3935/4081/6730
f 3871/4017/6626 3933/4079/6728 3935/4081/6730
f 3935/4081/6730 3874/4020/6629 3871/4017/6626
f 3937/4083/6733 3935/4081/6730 3936/4082/6734
f 3936/4082/6732 3938/4084/6735 3937/4083/6733
f 3874/4020/6629 3935/4081/6730 3937/4083/6733
f 3937/4083/6733 3939/4085/6736 3874/4020/6629
f 3940/4086/6737 3939/4085/6736 3937/4083/6733
f 3937/4083/6733 3941/4087/6738 3940/4086/6737
f 3869/4015/6624 3939/4085/6736 3940/4086/6739
f 3940/4086/6737 3942/4088/6740 3869/4015/6624
f 3874/4020/6629 3939/4085/6736 3869/4015/6624
f 3869/4015/6624 3868/4014/6623 3874/4020/6629
f 3943/4089/6741 3942/4088/6742 3940/4086/6737
f 3940/4086/6737 3944/4090/6743 3943/4089/6741
f 3945/4091/6744 3942/4088/6740 3943/4089/6741
f 3943/4089/6741 3946/4092/6745 3945/4091/6744
f 3869/4015/6624 3942/4088/6740 3945/4091/6744
f 3945/4091/6744 3866/4012/6621 3869/4015/6624
f 3947/4093/6746 3945/4091/6744 3946/4092/6745
f 3946/4092/6745 3948/4094/6747 3947/4093/6748
f 3866/4012/6621 3945/4091/6744 3947/4093/6749
f 3947/4093/6748 3867/4013/6622 3866/4012/6621
f 3883/4029/6640 3947/4093/6749 3948/4094/6747
f 3948/4094/6747 3949/4095/6750 3883/4029/6751
f 3867/4013/6634 3947/4093/6748 3883/4029/6751
f 3883/4029/6640 3878/4024/6633 3867/4013/6622
f 3950/4096/6752 3949/4095/6750 3948/4094/6747
f 3948/4094/6747 3951/4097/6753 3950/4096/6752
f 3888/4034/6648 3949/4095/6750 3950/4096/6752
f 3950/4096/6754 3952/4098/6755 3888/4034/6648
f 3883/4029/6640 3949/4095/6750 3888/4034/6648
f 3888/4034/6648 3882/4028/6639 3883/4029/6640
f 3953/4099/6756 3952/4098/6755 3950/4096/6754
f 3950/4096/6752 3954/4100/6757 3953/4099/6756
f 3893/4039/6655 3952/4098/6755 3953/4099/6756
f 3953/4099/6758 3955/4101/6759 3893/4039/6655
f 3888/4034/6648 3952/4098/6755 3893/4039/6655
f 3893/4039/6655 3887/4033/6646 3888/4034/6648
f 3893/4039/6655 3955/4101/6760 3897/4043/6761
f 3897/4043/6761 3892/4038/6656 3893/4039/6655
f 11/15/6762 3953/4099/6758 3954/4100/6763
f 3954/4100/6763 414/428/6764 11/15/6762
f 415/430/6765 414/428/6764 3954/4100/6763
f 3954/4100/6757 3956/4102/6766 415/430/6765
f 3957/4103/6767 490/507/6768 491/509/6769
f 491/509/6769 3958/4104/6770 3957/4103/6767
f 489/505/6687 490/507/6768 3957/4103/6767
f 3957/4103/6767 3907/4053/6686 489/505/6687
f 3959/4105/6771 3957/4103/6767 3958/4104/6770
f 3958/4104/6770 3960/4106/6772 3959/4105/6773
f 3907/4053/6686 3957/4103/6767 3959/4105/6774
f 3959/4105/6771 3909/4055/6689 3907/4053/6686
f 3961/4107/6775 3959/4105/6771 3960/4106/6772
f 3960/4106/6772 3962/4108/6776 3961/4107/6777
f 3909/4055/6689 3959/4105/6771 3961/4107/6775
f 3961/4107/6777 3911/4057/6695 3909/4055/6778
f 3916/4062/6779 3961/4107/6777 3962/4108/6776
f 3962/4108/6776 3963/4109/6780 3916/4062/6779
f 3911/4057/6695 3961/4107/6777 3916/4062/6779
f 3916/4062/6703 3913/4059/6698 3911/4057/6781
f 3964/4110/6782 3963/4109/6780 3962/4108/6776
f 3962/4108/6776 3965/4111/6783 3964/4110/6784
f 3966/4112/6785 3963/4109/6780 3964/4110/6782
f 3964/4110/6782 3967/4113/6786 3966/4112/6785
f 3916/4062/6779 3963/4109/6780 3966/4112/6785
f 3966/4112/6787 3915/4061/6704 3916/4062/6779
f 3968/4114/6788 3966/4112/6785 3967/4113/6786
f 3967/4113/6786 3969/4115/6789 3968/4114/6788
f 3915/4061/6701 3966/4112/6785 3968/4114/6788
f 3968/4114/6788 3918/4064/6706 3915/4061/6701
f 3923/4069/6713 3968/4114/6788 3969/4115/6789
f 3969/4115/6789 3970/4116/6790 3923/4069/6713
f 3918/4064/6706 3968/4114/6788 3923/4069/6791
f 3923/4069/6791 3920/4066/6708 3918/4064/6706
f 3971/4117/6792 3970/4116/6790 3969/4115/6789
f 3969/4115/6789 3972/4118/6793 3971/4117/6792
f 3926/4072/6794 3970/4116/6790 3971/4117/6792
f 3971/4117/6792 3973/4119/6795 3926/4072/6794
f 3923/4069/6713 3970/4116/6790 3926/4072/6794
f 3926/4072/6794 3922/4068/6711 3923/4069/6713
f 3974/4120/6796 3973/4119/6795 3971/4117/6792
f 3971/4117/6792 3975/4121/6797 3974/4120/6796
f 3929/4075/6722 3973/4119/6795 3974/4120/6796
f 3974/4120/6796 3976/4122/6798 3929/4075/6722
f 3926/4072/6718 3973/4119/6795 3929/4075/6799
f 3929/4075/6800 3925/4071/6717 3926/4072/6718
f 3977/4123/6801 3976/4122/6798 3974/4120/6796
f 3974/4120/6796 3978/4124/6802 3977/4123/6801
f 3932/4078/6803 3976/4122/6798 3977/4123/6804
f 3977/4123/6801 3979/4125/6805 3932/4078/6727
f 3929/4075/6806 3976/4122/6798 3932/4078/6727
f 3932/4078/6727 3928/4074/6721 3929/4075/6799
f 3980/4126/6807 3979/4125/6805 3977/4123/6804
f 3977/4123/6808 3981/4127/6809 3980/4126/6810
f 3982/4128/6811 3979/4125/6805 3980/4126/6812
f 3980/4126/6812 3983/4129/6813 3982/4128/6811
f 3932/4078/6727 3979/4125/6805 3982/4128/6811
f 3982/4128/6811 3931/4077/6726 3932/4078/6803
f 3984/4130/6814 3982/4128/6811 3983/4129/6813
f 3983/4129/6813 3985/4131/6815 3984/4130/6816
f 3931/4077/6726 3982/4128/6811 3984/4130/6816
f 3984/4130/6816 3934/4080/6729 3931/4077/6726
f 3986/4132/6817 3984/4130/6816 3985/4131/6815
f 3985/4131/6815 3987/4133/6818 3986/4132/6819
f 3934/4080/6729 3984/4130/6814 3986/4132/6819
f 3986/4132/6817 3936/4082/6734 3934/4080/6731
f 3988/4134/6820 3986/4132/6817 3987/4133/6821
f 3987/4133/6818 3989/4135/6822 3988/4134/6820
f 3936/4082/6732 3986/4132/6819 3988/4134/6820
f 3988/4134/6820 3938/4084/6823 3936/4082/6824
f 3990/4136/6825 3988/4134/6826 3989/4135/6827
f 3989/4135/6827 3991/4137/6828 3990/4136/6825
f 3938/4084/6829 3988/4134/6826 3990/4136/6825
f 3990/4136/6825 3992/4138/6830 3938/4084/6823
f 3993/4139/6831 3992/4138/6830 3990/4136/6825
f 3990/4136/6825 3994/4140/6832 3993/4139/6831
f 3941/4087/6738 3992/4138/6830 3993/4139/6831
f 3993/4139/6831 3995/4141/6833 3941/4087/6738
f 3938/4084/6735 3992/4138/6830 3941/4087/6738
f 3941/4087/6738 3937/4083/6733 3938/4084/6823
f 3996/4142/6834 3995/4141/6833 3993/4139/6831
f 3993/4139/6831 3997/4143/6835 3996/4142/6834
f 3944/4090/6836 3995/4141/6833 3996/4142/6834
f 3996/4142/6834 3998/4144/6837 3944/4090/6836
f 3941/4087/6738 3995/4141/6833 3944/4090/6743
f 3944/4090/6836 3940/4086/6737 3941/4087/6738
f 3999/4145/6838 3998/4144/6837 3996/4142/6834
f 3996/4142/6839 4000/4146/6840 3999/4145/6838
f 4001/4147/6841 3998/4144/6837 3999/4145/6838
f 3999/4145/6838 4002/4148/6842 4001/4147/6841
f 3944/4090/6836 3998/4144/6837 4001/4147/6841
f 4001/4147/6841 3943/4089/6741 3944/4090/6836
f 4003/4149/6843 4001/4147/6841 4002/4148/6842
f 4002/4148/6842 4004/4150/6844 4003/4149/6843
f 3943/4089/6741 4001/4147/6841 4003/4149/6845
f 4003/4149/6845 3946/4092/6745 3943/4089/6741
f 3951/4097/6753 4003/4149/6843 4004/4150/6844
f 4004/4150/6844 3956/4102/6846 3951/4097/6753
f 3946/4092/6745 4003/4149/6845 3951/4097/6753
f 3951/4097/6753 3948/4094/6747 3946/4092/6745
f 493/512/6847 4004/4150/6844 4002/4148/6842
f 4002/4148/6842 494/514/6848 493/512/6847
f 3956/4102/6766 4004/4150/6844 493/512/6847
f 493/512/6847 415/430/6765 3956/4102/6766
f 4005/4151/6849 604/626/6850 605/628/6851
f 605/628/6851 4006/4152/6852 4005/4151/6849
f 491/509/6769 604/626/6850 4005/4151/6849
f 4005/4151/6849 3958/4104/6770 491/509/6769
f 4007/4153/6853 4005/4151/6854 4006/4152/6855
f 4006/4152/6852 4008/4154/6856 4007/4153/6857
f 3958/4104/6770 4005/4151/6849 4007/4153/6858
f 4007/4153/6857 3960/4106/6772 3958/4104/6770
f 3965/4111/6859 4007/4153/6857 4008/4154/6856
f 4008/4154/6860 4009/4155/6861 3965/4111/6783
f 3960/4106/6772 4007/4153/6857 3965/4111/6862
f 3965/4111/6859 3962/4108/6776 3960/4106/6772
f 4010/4156/6863 4009/4155/6861 4008/4154/6856
f 4008/4154/6864 4011/4157/6865 4010/4156/6863
f 4012/4158/6866 4009/4155/6861 4010/4156/6863
f 4010/4156/6863 4013/4159/6867 4012/4158/6866
f 3965/4111/6859 4009/4155/6861 4012/4158/6866
f 4012/4158/6866 3964/4110/6782 3965/4111/6783
f 4014/4160/6868 4012/4158/6866 4013/4159/6867
f 4013/4159/6869 4015/4161/6870 4014/4160/6871
f 3964/4110/6782 4012/4158/6866 4014/4160/6868
f 4014/4160/6868 3967/4113/6786 3964/4110/6782
f 3972/4118/6872 4014/4160/6868 4015/4161/6870
f 4015/4161/6870 4016/4162/6873 3972/4118/6872
f 3967/4113/6786 4014/4160/6868 3972/4118/6872
f 3972/4118/6872 3969/4115/6789 3967/4113/6786
f 4017/4163/6874 4016/4162/6873 4015/4161/6870
f 4015/4161/6870 4018/4164/6875 4017/4163/6874
f 3975/4121/6797 4016/4162/6873 4017/4163/6874
f 4017/4163/6874 4019/4165/6876 3975/4121/6797
f 3972/4118/6872 4016/4162/6873 3975/4121/6797
f 3975/4121/6797 3971/4117/6792 3972/4118/6872
f 4020/4166/6877 4019/4165/6876 4017/4163/6874
f 4017/4163/6874 4021/4167/6878 4020/4166/6877
f 3978/4124/6802 4019/4165/6879 4020/4166/6877
f 4020/4166/6877 4022/4168/6880 3978/4124/6802
f 3975/4121/6797 4019/4165/6879 3978/4124/6802
f 3978/4124/6802 3974/4120/6796 3975/4121/6797
f 4023/4169/6881 4022/4168/6882 4020/4166/6877
f 4020/4166/6877 4024/4170/6883 4023/4169/6881
f 3981/4127/6809 4022/4168/6880 4023/4169/6881
f 4023/4169/6881 4025/4171/6884 3981/4127/6809
f 3978/4124/6802 4022/4168/6885 3981/4127/6886
f 3981/4127/6886 3977/4123/6801 3978/4124/6887
f 4026/4172/6888 4025/4171/6884 4023/4169/6889
f 4023/4169/6881 4027/4173/6890 4026/4172/6888
f 4028/4174/6891 4025/4171/6884 4026/4172/6888
f 4026/4172/6888 4029/4175/6892 4028/4174/6891
f 3981/4127/6893 4025/4171/6894 4028/4174/6891
f 4028/4174/6891 3980/4126/6812 3981/4127/6809
f 4030/4176/6895 4028/4174/6891 4029/4175/6892
f 4029/4175/6892 4031/4177/6896 4030/4176/6897
f 3980/4126/6810 4028/4174/6891 4030/4176/6897
f 4030/4176/6895 3983/4129/6813 3980/4126/6812
f 4032/4178/6898 4030/4176/6897 4031/4177/6896
f 4031/4177/6896 4033/4179/6899 4032/4178/6900
f 3983/4129/6813 4030/4176/6895 4032/4178/6900
f 4032/4178/6900 3985/4131/6815 3983/4129/6813
f 4034/4180/6901 4032/4178/6900 4033/4179/6899
f 4033/4179/6899 4035/4181/6902 4034/4180/6901
f 3985/4131/6903 4032/4178/6900 4034/4180/6901
f 4034/4180/6901 3987/4133/6904 3985/4131/6815
f 4036/4182/6905 4034/4180/6901 4035/4181/6902
f 4035/4181/6902 4037/4183/6906 4036/4182/6907
f 3987/4133/6821 4034/4180/6901 4036/4182/6908
f 4036/4182/6905 3989/4135/6827 3987/4133/6818
f 4038/4184/6909 4036/4182/6910 4037/4183/6906
f 4037/4183/6906 4039/4185/6911 4038/4184/6909
f 3989/4135/6827 4036/4182/6910 4038/4184/6909
f 4038/4184/6912 3991/4137/6828 3989/4135/6827
f 4040/4186/6913 4038/4184/6909 4039/4185/6911
f 4039/4185/6911 4041/4187/6914 4040/4186/6913
f 3991/4137/6828 4038/4184/6909 4040/4186/6915
f 4040/4186/6915 4042/4188/6916 3991/4137/6828
f 4043/4189/6917 4042/4188/6918 4040/4186/6915
f 4040/4186/6915 4044/4190/6919 4043/4189/6917
f 3994/4140/6832 4042/4188/6918 4043/4189/6917
f 4043/4189/6917 4045/4191/6920 3994/4140/6832
f 3991/4137/6828 4042/4188/6918 3994/4140/6832
f 3994/4140/6832 3990/4136/6825 3991/4137/6828
f 4046/4192/6921 4045/4191/6920 4043/4189/6917
f 4043/4189/6917 4047/4193/6922 4046/4192/6921
f 3997/4143/6923 4045/4191/6920 4046/4192/6921
f 4046/4192/6921 4048/4194/6924 3997/4143/6835
f 3994/4140/6832 4045/4191/6925 3997/4143/6923
f 3997/4143/6835 3993/4139/6831 3994/4140/6926
f 608/633/6927 4048/4194/6924 4046/4192/6921
f 4046/4192/6921 733/763/6928 608/633/6927
f 4000/4146/6929 4048/4194/6930 608/633/6927
f 608/633/6927 607/631/6931 4000/4146/6840
f 3997/4143/6835 4048/4194/6924 4000/4146/6929
f 4000/4146/6929 3996/4142/6839 3997/4143/6923
f 4000/4146/6929 607/631/6931 497/518/6932
f 497/518/6933 3999/4145/6838 4000/4146/6929
f 4049/4195/6934 729/755/6935 730/757/6936
f 730/757/6937 4050/4196/6938 4049/4195/6934
f 605/628/6851 729/755/6935 4049/4195/6934
f 4049/4195/6934 4006/4152/6852 605/628/6851
f 4011/4157/6939 4049/4195/6934 4050/4196/6938
f 4050/4196/6938 4051/4197/6940 4011/4157/6865
f 4006/4152/6852 4049/4195/6934 4011/4157/6939
f 4011/4157/6865 4008/4154/6860 4006/4152/6852
f 4052/4198/6941 4051/4197/6940 4050/4196/6938
f 4050/4196/6938 4053/4199/6942 4052/4198/6941
f 4054/4200/6943 4051/4197/6940 4052/4198/6941
f 4052/4198/6941 4055/4201/6944 4054/4200/6945
f 4011/4157/6865 4051/4197/6940 4054/4200/6945
f 4054/4200/6946 4010/4156/6863 4011/4157/6865
f 4056/4202/6947 4054/4200/6946 4055/4201/6944
f 4055/4201/6944 4057/4203/6948 4056/4202/6949
f 4010/4156/6863 4054/4200/6946 4056/4202/6947
f 4056/4202/6949 4013/4159/6867 4010/4156/6863
f 4018/4164/6875 4056/4202/6947 4057/4203/6950
f 4057/4203/6950 4058/4204/6951 4018/4164/6875
f 4013/4159/6867 4056/4202/6947 4018/4164/6952
f 4018/4164/6952 4015/4161/6870 4013/4159/6867
f 4059/4205/6953 4058/4204/6951 4057/4203/6948
f 4057/4203/6948 4060/4206/6954 4059/4205/6953
f 4021/4167/6878 4058/4204/6951 4059/4205/6953
f 4059/4205/6953 4061/4207/6955 4021/4167/6878
f 4018/4164/6875 4058/4204/6951 4021/4167/6878
f 4021/4167/6878 4017/4163/6874 4018/4164/6875
f 4062/4208/6956 4061/4207/6955 4059/4205/6953
f 4059/4205/6953 4063/4209/6957 4062/4208/6956
f 4024/4170/6883 4061/4207/6958 4062/4208/6956
f 4062/4208/6956 4064/4210/6959 4024/4170/6883
f 4021/4167/6878 4061/4207/6958 4024/4170/6883
f 4024/4170/6883 4020/4166/6877 4021/4167/6878
f 4065/4211/6960 4064/4210/6959 4062/4208/6956
f 4062/4208/6961 4066/4212/6962 4065/4211/6960
f 4027/4173/6890 4064/4210/6959 4065/4211/6963
f 4065/4211/6960 4067/4213/6964 4027/4173/6890
f 4024/4170/6883 4064/4210/6959 4027/4173/6890
f 4027/4173/6890 4023/4169/6881 4024/4170/6965
f 4068/4214/6966 4067/4213/6967 4065/4211/6960
f 4065/4211/6960 4069/4215/6968 4068/4214/6966
f 4070/4216/6969 4067/4213/6967 4068/4214/6966
f 4068/4214/6966 4071/4217/6970 4070/4216/6971
f 4027/4173/6890 4067/4213/6967 4070/4216/6971
f 4070/4216/6971 4026/4172/6888 4027/4173/6890
f 4072/4218/6972 4070/4216/6969 4071/4217/6973
f 4071/4217/6973 4073/4219/6974 4072/4218/6972
f 4026/4172/6888 4070/4216/6969 4072/4218/6972
f 4072/4218/6972 4029/4175/6892 4026/4172/6888
f 4074/4220/6975 4072/4218/6972 4073/4219/6974
f 4073/4219/6974 4075/4221/6976 4074/4220/6975
f 4029/4175/6892 4072/4218/6972 4074/4220/6977
f 4074/4220/6978 4031/4177/6896 4029/4175/6892
f 4076/4222/6979 4074/4220/6975 4075/4221/6976
f 4075/4221/6976 4077/4223/6980 4076/4222/6979
f 4031/4177/6896 4074/4220/6977 4076/4222/6981
f 4076/4222/6979 4033/4179/6899 4031/4177/6896
f 4078/4224/6982 4076/4222/6981 4077/4223/6980
f 4077/4223/6980 4079/4225/6983 4078/4224/6982
f 4033/4179/6899 4076/4222/6981 4078/4224/6982
f 4078/4224/6982 4035/4181/6902 4033/4179/6899
f 4080/4226/6984 4078/4224/6982 4079/4225/6983
f 4079/4225/6985 4081/4227/6986 4080/4226/6984
f 4035/4181/6902 4078/4224/6982 4080/4226/6987
f 4080/4226/6987 4037/4183/6906 4035/4181/6902
f 4082/4228/6988 4080/4226/6984 4081/4227/6989
f 4081/4227/6989 4083/4229/6990 4082/4228/6988
f 4037/4183/6906 4080/4226/6984 4082/4228/6988
f 4082/4228/6988 4039/4185/6911 4037/4183/6906
f 4084/4230/6991 4082/4228/6988 4083/4229/6990
f 4083/4229/6992 4085/4231/6993 4084/4230/6991
f 4039/4185/6911 4082/4228/6988 4084/4230/6991
f 4084/4230/6991 4041/4187/6914 4039/4185/6911
f 4086/4232/6994 4084/4230/6991 4085/4231/6993
f 4085/4231/6993 4087/4233/6995 4086/4232/6994
f 4041/4187/6996 4084/4230/6991 4086/4232/6994
f 4086/4232/6994 4088/4234/6997 4041/4187/6914
f 4089/4235/6998 4088/4234/6997 4086/4232/6994
f 4086/4232/6994 4090/4236/6999 4089/4235/6998
f 4044/4190/6919 4088/4234/6997 4089/4235/6998
f 4089/4235/6998 4091/4237/7000 4044/4190/6919
f 4041/4187/6914 4088/4234/6997 4044/4190/6919
f 4044/4190/7001 4040/4186/6915 4041/4187/6914
f 732/761/7002 4091/4237/7000 4089/4235/6998
f 4089/4235/6998 734/765/7003 732/761/7004
f 4047/4193/6922 4091/4237/7000 732/761/7002
f 732/761/7004 731/759/7005 4047/4193/7006
f 4044/4190/6919 4091/4237/7000 4047/4193/7006
f 4047/4193/6922 4043/4189/6917 4044/4190/6919
f 4047/4193/7006 731/759/7005 733/763/7007
f 733/763/7007 4046/4192/6921 4047/4193/7006
f 4053/4199/6942 852/887/7008 850/883/7009
f 850/883/7010 4092/4238/7011 4053/4199/7012
f 730/757/6937 852/887/7008 4053/4199/7013
f 4053/4199/7012 4050/4196/6938 730/757/6937
f 4093/4239/7014 4092/4238/7011 850/883/7010
f 850/883/7010 851/885/7015 4093/4239/7014
f 4094/4240/7016 4092/4238/7011 4093/4239/7014
f 4093/4239/7014 4095/4241/7017 4094/4240/7016
f 4053/4199/7012 4092/4238/7011 4094/4240/7016
f 4094/4240/7016 4052/4198/6941 4053/4199/6942
f 4096/4242/7018 4094/4240/7016 4095/4241/7017
f 4095/4241/7017 4097/4243/7019 4096/4242/7018
f 4052/4198/6941 4094/4240/7016 4096/4242/7018
f 4096/4242/7018 4055/4201/7020 4052/4198/6941
f 4060/4206/6954 4096/4242/7018 4097/4243/7021
f 4097/4243/7021 4098/4244/7022 4060/4206/7023
f 4055/4201/6944 4096/4242/7018 4060/4206/7023
f 4060/4206/7023 4057/4203/6950 4055/4201/6944
f 4099/4245/7024 4098/4244/7022 4097/4243/7019
f 4097/4243/7021 4100/4246/7025 4099/4245/7026
f 4063/4209/6957 4098/4244/7027 4099/4245/7024
f 4099/4245/7028 4101/4247/7029 4063/4209/6957
f 4060/4206/6954 4098/4244/7022 4063/4209/6957
f 4063/4209/6957 4059/4205/6953 4060/4206/7023
f 4102/4248/7030 4101/4247/7029 4099/4245/7024
f 4099/4245/7024 4103/4249/7031 4102/4248/7030
f 4066/4212/6962 4101/4247/7032 4102/4248/7030
f 4102/4248/7030 4104/4250/7033 4066/4212/7034
f 4063/4209/6957 4101/4247/7029 4066/4212/6962
f 4066/4212/6962 4062/4208/6956 4063/4209/6957
f 4105/4251/7035 4104/4250/7033 4102/4248/7030
f 4102/4248/7030 4106/4252/7036 4105/4251/7035
f 4069/4215/6968 4104/4250/7033 4105/4251/7037
f 4105/4251/7035 4107/4253/7038 4069/4215/7039
f 4066/4212/6962 4104/4250/7040 4069/4215/7039
f 4069/4215/6968 4065/4211/6960 4066/4212/6962
f 4108/4254/7041 4107/4253/7038 4105/4251/7035
f 4105/4251/7037 4109/4255/7042 4108/4254/7043
f 4110/4256/7044 4107/4253/7038 4108/4254/7041
f 4108/4254/7045 4111/4257/7046 4110/4256/7047
f 4069/4215/6968 4107/4253/7048 4110/4256/7047
f 4110/4256/7047 4068/4214/6966 4069/4215/7039
f 4112/4258/7049 4110/4256/7047 4111/4257/7046
f 4111/4257/7046 4113/4259/7050 4112/4258/7051
f 4068/4214/6966 4110/4256/7044 4112/4258/7051
f 4112/4258/7049 4071/4217/6973 4068/4214/6966
f 4114/4260/7052 4112/4258/7051 4113/4259/7053
f 4113/4259/7050 4115/4261/7054 4114/4260/7055
f 4071/4217/7056 4112/4258/7049 4114/4260/7055
f 4114/4260/7052 4073/4219/6974 4071/4217/6973
f 4116/4262/7057 4114/4260/7052 4115/4261/7054
f 4115/4261/7054 4117/4263/7058 4116/4262/7057
f 4073/4219/6974 4114/4260/7052 4116/4262/7057
f 4116/4262/7057 4075/4221/7059 4073/4219/6974
f 4118/4264/7060 4116/4262/7057 4117/4263/7058
f 4117/4263/7058 4119/4265/7061 4118/4264/7062
f 4075/4221/6976 4116/4262/7057 4118/4264/7063
f 4118/4264/7062 4077/4223/6980 4075/4221/6976
f 4120/4266/7064 4118/4264/7060 4119/4265/7065
f 4119/4265/7065 4121/4267/7066 4120/4266/7064
f 4077/4223/6980 4118/4264/7063 4120/4266/7064
f 4120/4266/7064 4079/4225/6983 4077/4223/6980
f 4122/4268/7067 4120/4266/7068 4121/4267/7069
f 4121/4267/7066 4123/4269/7070 4122/4268/7071
f 4079/4225/6983 4120/4266/7064 4122/4268/7071
f 4122/4268/7071 4081/4227/6986 4079/4225/6983
f 4124/4270/7072 4122/4268/7067 4123/4269/7073
f 4123/4269/7073 4125/4271/7074 4124/4270/7072
f 4081/4227/6989 4122/4268/7071 4124/4270/7072
f 4124/4270/7072 4083/4229/6990 4081/4227/6989
f 4126/4272/7075 4124/4270/7072 4125/4271/7074
f 4125/4271/7074 4127/4273/7076 4126/4272/7075
f 4083/4229/6992 4124/4270/7072 4126/4272/7075
f 4126/4272/7075 4085/4231/7077 4083/4229/6990
f 4128/4274/7078 4126/4272/7075 4127/4273/7079
f 4127/4273/7079 4129/4275/7080 4128/4274/7081
f 4085/4231/7077 4126/4272/7075 4128/4274/7078
f 4128/4274/7078 4087/4233/6995 4085/4231/6993
f 4130/4276/7082 4128/4274/7081 4129/4275/7080
f 4129/4275/7080 4131/4277/7083 4130/4276/7082
f 4087/4233/6995 4128/4274/7081 4130/4276/7084
f 4130/4276/7084 4132/4278/7085 4087/4233/7086
f 853/889/7087 4132/4278/7085 4130/4276/7082
f 4130/4276/7084 854/891/7088 853/889/7089
f 4090/4236/6999 4132/4278/7085 853/889/7087
f 853/889/7089 737/769/7090 4090/4236/6999
f 4087/4233/6995 4132/4278/7085 4090/4236/6999
f 4090/4236/6999 4086/4232/6994 4087/4233/6995
f 857/896/7091 856/894/7092 4131/4277/7083
f 4131/4277/7083 4133/4279/7093 857/896/7091
f 4131/4277/7094 856/894/7095 854/891/7088
f 854/891/7096 4130/4276/7084 4131/4277/7097
f 858/898/7098 857/896/7091 4133/4279/7093
f 4133/4279/7093 4134/4280/7099 858/898/7098
f 859/900/7100 858/898/7098 4134/4280/7099
f 4134/4280/7099 4135/4281/7101 859/900/7100
f 4136/4282/7102 1010/1055/7103 1008/1051/7104
f 1008/1051/7104 4137/4283/7105 4136/4282/7102
f 1011/1057/7106 1010/1055/7103 4136/4282/7102
f 4136/4282/7102 4138/4284/7107 1011/1057/7108
f 851/885/7015 1011/1057/7106 4138/4284/7107
f 4138/4284/7107 4093/4239/7014 851/885/7015
f 4139/4285/7109 4138/4284/7107 4136/4282/7102
f 4136/4282/7102 4140/4286/7110 4139/4285/7109
f 4093/4239/7014 4138/4284/7107 4139/4285/7109
f 4139/4285/7109 4095/4241/7017 4093/4239/7014
f 4100/4246/7025 4139/4285/7109 4140/4286/7110
f 4140/4286/7110 4141/4287/7111 4100/4246/7025
f 4095/4241/7017 4139/4285/7109 4100/4246/7025
f 4100/4246/7025 4097/4243/7021 4095/4241/7017
f 4142/4288/7112 4141/4287/7111 4140/4286/7110
f 4140/4286/7110 4143/4289/7113 4142/4288/7114
f 4103/4249/7031 4141/4287/7111 4142/4288/7115
f 4142/4288/7115 4144/4290/7116 4103/4249/7031
f 4100/4246/7025 4141/4287/7111 4103/4249/7031
f 4103/4249/7031 4099/4245/7024 4100/4246/7025
f 4145/4291/7117 4144/4290/7116 4142/4288/7112
f 4142/4288/7112 4146/4292/7118 4145/4291/7117
f 4106/4252/7036 4144/4290/7116 4145/4291/7117
f 4145/4291/7117 4147/4293/7119 4106/4252/7036
f 4103/4249/7031 4144/4290/7116 4106/4252/7036
f 4106/4252/7036 4102/4248/7030 4103/4249/7031
f 4148/4294/7120 4147/4293/7121 4145/4291/7117
f 4145/4291/7117 4149/4295/7122 4148/4294/7120
f 4109/4255/7042 4147/4293/7119 4148/4294/7120
f 4148/4294/7120 4150/4296/7123 4109/4255/7042
f 4106/4252/7036 4147/4293/7119 4109/4255/7042
f 4109/4255/7042 4105/4251/7037 4106/4252/7036
f 4151/4297/7124 4150/4296/7123 4148/4294/7120
f 4148/4294/7120 4152/4298/7125 4151/4297/7124
f 4153/4299/7126 4150/4296/7123 4151/4297/7124
f 4151/4297/7124 4154/4300/7127 4153/4299/7126
f 4109/4255/7042 4150/4296/7123 4153/4299/7126
f 4153/4299/7126 4108/4254/7041 4109/4255/7042
f 4155/4301/7128 4153/4299/7126 4154/4300/7127
f 4154/4300/7127 4156/4302/7129 4155/4301/7128
f 4108/4254/7041 4153/4299/7126 4155/4301/7128
f 4155/4301/7128 4111/4257/7046 4108/4254/7041
f 4157/4303/7130 4155/4301/7128 4156/4302/7129
f 4156/4302/7129 4158/4304/7131 4157/4303/7130
f 4111/4257/7046 4155/4301/7128 4157/4303/7130
f 4157/4303/7130 4113/4259/7050 4111/4257/7046
f 4159/4305/7132 4157/4303/7130 4158/4304/7131
f 4158/4304/7131 4160/4306/7133 4159/4305/7132
f 4113/4259/7050 4157/4303/7130 4159/4305/7132
f 4159/4305/7134 4115/4261/7054 4113/4259/7050
f 4161/4307/7135 4159/4305/7132 4160/4306/7133
f 4160/4306/7136 4162/4308/7137 4161/4307/7135
f 4115/4261/7054 4159/4305/7132 4161/4307/7135
f 4161/4307/7135 4117/4263/7058 4115/4261/7054
f 4163/4309/7138 4161/4307/7135 4162/4308/7137
f 4162/4308/7137 4164/4310/7139 4163/4309/7140
f 4117/4263/7058 4161/4307/7135 4163/4309/7141
f 4163/4309/7140 4119/4265/7065 4117/4263/7058
f 4165/4311/7142 4163/4309/7143 4164/4310/7139
f 4164/4310/7139 4166/4312/7144 4165/4311/7142
f 4119/4265/7065 4163/4309/7138 4165/4311/7142
f 4165/4311/7142 4121/4267/7066 4119/4265/7061
f 4167/4313/7145 4165/4311/7142 4166/4312/7144
f 4166/4312/7144 4168/4314/7146 4167/4313/7145
f 4121/4267/7069 4165/4311/7142 4167/4313/7145
f 4167/4313/7145 4123/4269/7073 4121/4267/7066
f 4169/4315/7147 4167/4313/7145 4168/4314/7146
f 4168/4314/7146 4170/4316/7148 4169/4315/7147
f 4123/4269/7149 4167/4313/7145 4169/4315/7147
f 4169/4315/7147 4125/4271/7074 4123/4269/7150
f 4171/4317/7151 4169/4315/7147 4170/4316/7148
f 4170/4316/7152 4172/4318/7153 4171/4317/7151
f 4125/4271/7074 4169/4315/7147 4171/4317/7151
f 4171/4317/7151 4127/4273/7079 4125/4271/7074
f 4173/4319/7154 4171/4317/7151 4172/4318/7153
f 4172/4318/7153 4174/4320/7155 4173/4319/7154
f 4127/4273/7156 4171/4317/7151 4173/4319/7157
f 4173/4319/7157 4129/4275/7080 4127/4273/7156
f 4133/4279/7093 4173/4319/7157 4174/4320/7158
f 4174/4320/7155 4134/4280/7099 4133/4279/7093
f 4129/4275/7080 4173/4319/7157 4133/4279/7093
f 4133/4279/7093 4131/4277/7083 4129/4275/7159
f 4175/4321/7160 4174/4320/7158 4172/4318/7153
f 4172/4318/7153 4176/4322/7161 4175/4321/7160
f 4134/4280/7099 4174/4320/7158 4175/4321/7160
f 4175/4321/7160 4135/4281/7101 4134/4280/7099
f 4177/4323/7162 4175/4321/7160 4176/4322/7161
f 4176/4322/7161 4178/4324/7163 4177/4323/7162
f 4135/4281/7101 4175/4321/7160 4177/4323/7162
f 4177/4323/7162 4179/4325/7164 4135/4281/7101
f 4180/4326/7165 4179/4325/7164 4177/4323/7162
f 4177/4323/7166 4181/4327/7167 4180/4326/7168
f 862/904/7169 4179/4325/7164 4180/4326/7168
f 4180/4326/7168 1013/1060/7170 862/904/7169
f 4135/4281/7101 4179/4325/7164 862/904/7169
f 862/904/7169 859/900/7171 4135/4281/7101
f 1014/1062/7172 1013/1060/7170 4180/4326/7173
f 4180/4326/7168 4182/4328/7174 1014/1062/7172
f 4183/4329/7175 1170/1219/7176 1171/1221/7177
f 1171/1221/7177 4184/4330/7178 4183/4329/7179
f 1009/1053/7180 1170/1219/7181 4183/4329/7179
f 4183/4329/7179 4185/4331/7182 1009/1053/7180
f 4186/4332/7183 4185/4331/7182 4183/4329/7179
f 4183/4329/7179 4187/4333/7184 4186/4332/7183
f 4137/4283/7185 4185/4331/7182 4186/4332/7183
f 4186/4332/7183 4143/4289/7113 4137/4283/7185
f 1009/1053/7180 4185/4331/7182 4137/4283/7185
f 4137/4283/7105 1008/1051/7104 1009/1053/7180
f 4146/4292/7118 4186/4332/7183 4187/4333/7186
f 4187/4333/7184 4188/4334/7187 4146/4292/7118
f 4143/4289/7113 4186/4332/7183 4146/4292/7118
f 4146/4292/7118 4142/4288/7112 4143/4289/7113
f 4189/4335/7188 4188/4334/7187 4187/4333/7186
f 4187/4333/7184 4190/4336/7189 4189/4335/7188
f 4149/4295/7190 4188/4334/7187 4189/4335/7188
f 4189/4335/7188 4191/4337/7191 4149/4295/7122
f 4146/4292/7118 4188/4334/7187 4149/4295/7192
f 4149/4295/7192 4145/4291/7117 4146/4292/7118
f 4192/4338/7193 4191/4337/7191 4189/4335/7188
f 4189/4335/7188 4193/4339/7194 4192/4338/7195
f 4152/4298/7125 4191/4337/7196 4192/4338/7195
f 4192/4338/7195 4194/4340/7197 4152/4298/7125
f 4149/4295/7122 4191/4337/7191 4152/4298/7198
f 4152/4298/7125 4148/4294/7120 4149/4295/7122
f 4195/4341/7199 4194/4340/7197 4192/4338/7195
f 4192/4338/7193 4196/4342/7200 4195/4341/7199
f 4197/4343/7201 4194/4340/7197 4195/4341/7199
f 4195/4341/7199 4198/4344/7202 4197/4343/7201
f 4152/4298/7125 4194/4340/7197 4197/4343/7201
f 4197/4343/7203 4151/4297/7124 4152/4298/7125
f 4199/4345/7204 4197/4343/7201 4198/4344/7205
f 4198/4344/7202 4200/4346/7206 4199/4345/7204
f 4151/4297/7124 4197/4343/7201 4199/4345/7204
f 4199/4345/7204 4154/4300/7127 4151/4297/7124
f 4201/4347/7207 4199/4345/7204 4200/4346/7206
f 4200/4346/7208 4202/4348/7209 4201/4347/7207
f 4154/4300/7127 4199/4345/7204 4201/4347/7210
f 4201/4347/7207 4156/4302/7129 4154/4300/7127
f 4203/4349/7211 4201/4347/7207 4202/4348/7209
f 4202/4348/7209 4204/4350/7212 4203/4349/7211
f 4156/4302/7129 4201/4347/7210 4203/4349/7211
f 4203/4349/7211 4158/4304/7131 4156/4302/7129
f 4205/4351/7213 4203/4349/7211 4204/4350/7212
f 4204/4350/7214 4206/4352/7215 4205/4351/7213
f 4158/4304/7131 4203/4349/7211 4205/4351/7213
f 4205/4351/7213 4160/4306/7133 4158/4304/7131
f 4207/4353/7216 4205/4351/7213 4206/4352/7217
f 4206/4352/7215 4208/4354/7218 4207/4353/7216
f 4160/4306/7133 4205/4351/7213 4207/4353/7216
f 4207/4353/7219 4162/4308/7137 4160/4306/7133
f 4209/4355/7220 4207/4353/7216 4208/4354/7221
f 4208/4354/7218 4210/4356/7222 4209/4355/7220
f 4162/4308/7137 4207/4353/7219 4209/4355/7223
f 4209/4355/7220 4164/4310/7139 4162/4308/7137
f 4211/4357/7224 4209/4355/7220 4210/4356/7222
f 4210/4356/7222 4212/4358/7225 4211/4357/7224
f 4164/4310/7139 4209/4355/7220 4211/4357/7224
f 4211/4357/7224 4166/4312/7144 4164/4310/7139
f 4213/4359/7226 4211/4357/7224 4212/4358/7225
f 4212/4358/7225 4214/4360/7227 4213/4359/7228
f 4166/4312/7144 4211/4357/7224 4213/4359/7226
f 4213/4359/7226 4168/4314/7146 4166/4312/7144
f 4215/4361/7229 4213/4359/7228 4214/4360/7227
f 4214/4360/7227 4216/4362/7230 4215/4361/7229
f 4168/4314/7146 4213/4359/7228 4215/4361/7229
f 4215/4361/7229 4170/4316/7148 4168/4314/7146
f 4176/4322/7161 4215/4361/7229 4216/4362/7230
f 4216/4362/7230 4178/4324/7231 4176/4322/7161
f 4170/4316/7148 4215/4361/7229 4176/4322/7161
f 4176/4322/7161 4172/4318/7153 4170/4316/7148
f 4217/4363/7232 4216/4362/7230 4214/4360/7227
f 4214/4360/7227 4218/4364/7233 4217/4363/7232
f 4178/4324/7163 4216/4362/7230 4217/4363/7232
f 4217/4363/7232 4219/4365/7234 4178/4324/7163
f 4220/4366/7235 4219/4365/7234 4217/4363/7232
f 4217/4363/7232 4221/4367/7236 4220/4366/7235
f 4181/4327/7167 4219/4365/7234 4220/4366/7235
f 4220/4366/7235 4222/4368/7237 4181/4327/7167
f 4178/4324/7163 4219/4365/7238 4181/4327/7167
f 4181/4327/7167 4177/4323/7162 4178/4324/7163
f 4223/4369/7239 4222/4368/7237 4220/4366/7235
f 4220/4366/7235 4224/4370/7240 4223/4369/7241
f 4182/4328/7174 4222/4368/7237 4223/4369/7239
f 4223/4369/7239 4225/4371/7242 4182/4328/7174
f 4181/4327/7167 4222/4368/7237 4182/4328/7174
f 4182/4328/7174 4180/4326/7168 4181/4327/7167
f 4226/4372/7243 4225/4371/7242 4223/4369/7239
f 4223/4369/7239 4227/4373/7244 4226/4372/7243
f 1173/1224/7245 4225/4371/7242 4226/4372/7243
f 4226/4372/7243 1174/1226/7246 1173/1224/7245
f 4182/4328/7174 4225/4371/7242 1173/1224/7245
f 1173/1224/7245 1014/1062/7172 4182/4328/7174
f 4228/4374/7247 1439/1492/7248 1440/1494/7249
f 1440/1494/7250 4229/4375/7251 4228/4374/7247
f 1171/1221/7177 1439/1492/7248 4228/4374/7247
f 4228/4374/7247 4184/4330/7252 1171/1221/7177
f 4230/4376/7253 4228/4374/7247 4229/4375/7251
f 4229/4375/7254 4231/4377/7255 4230/4376/7253
f 4184/4330/7252 4228/4374/7247 4230/4376/7253
f 4230/4376/7253 4190/4336/7189 4184/4330/7178
f 4193/4339/7194 4230/4376/7253 4231/4377/7255
f 4231/4377/7255 4232/4378/7256 4193/4339/7194
f 4190/4336/7189 4230/4376/7253 4193/4339/7194
f 4193/4339/7194 4189/4335/7188 4190/4336/7189
f 4233/4379/7257 4232/4378/7258 4231/4377/7255
f 4231/4377/7255 4234/4380/7259 4233/4379/7257
f 4196/4342/7200 4232/4378/7258 4233/4379/7257
f 4233/4379/7257 4235/4381/7260 4196/4342/7200
f 4193/4339/7194 4232/4378/7258 4196/4342/7200
f 4196/4342/7261 4192/4338/7195 4193/4339/7194
f 4236/4382/7262 4235/4381/7260 4233/4379/7257
f 4233/4379/7257 4237/4383/7263 4236/4382/7262
f 4238/4384/7264 4235/4381/7260 4236/4382/7265
f 4236/4382/7265 4239/4385/7266 4238/4384/7264
f 4196/4342/7200 4235/4381/7260 4238/4384/7264
f 4238/4384/7264 4195/4341/7199 4196/4342/7200
f 4240/4386/7267 4238/4384/7264 4239/4385/7268
f 4239/4385/7268 4241/4387/7269 4240/4386/7267
f 4195/4341/7199 4238/4384/7264 4240/4386/7267
f 4240/4386/7267 4198/4344/7205 4195/4341/7199
f 4242/4388/7270 4240/4386/7267 4241/4387/7269
f 4241/4387/7269 4243/4389/7271 4242/4388/7270
f 4198/4344/7202 4240/4386/7267 4242/4388/7270
f 4242/4388/7272 4200/4346/7206 4198/4344/7205
f 4244/4390/7273 4242/4388/7270 4243/4389/7271
f 4243/4389/7271 4245/4391/7274 4244/4390/7273
f 4200/4346/7206 4242/4388/7275 4244/4390/7273
f 4244/4390/7273 4202/4348/7209 4200/4346/7208
f 4246/4392/7276 4244/4390/7273 4245/4391/7274
f 4245/4391/7274 4247/4393/7277 4246/4392/7276
f 4202/4348/7209 4244/4390/7273 4246/4392/7276
f 4246/4392/7276 4204/4350/7212 4202/4348/7209
f 4248/4394/7278 4246/4392/7276 4247/4393/7277
f 4247/4393/7279 4249/4395/7280 4248/4394/7278
f 4204/4350/7212 4246/4392/7276 4248/4394/7281
f 4248/4394/7281 4206/4352/7215 4204/4350/7212
f 4250/4396/7282 4248/4394/7281 4249/4395/7280
f 4249/4395/7280 4251/4397/7283 4250/4396/7282
f 4206/4352/7215 4248/4394/7281 4250/4396/7282
f 4250/4396/7282 4208/4354/7218 4206/4352/7215
f 4252/4398/7284 4250/4396/7282 4251/4397/7283
f 4251/4397/7283 4253/4399/7285 4252/4398/7286
f 4208/4354/7218 4250/4396/7282 4252/4398/7284
f 4252/4398/7286 4210/4356/7222 4208/4354/7218
f 4254/4400/7287 4252/4398/7284 4253/4399/7285
f 4253/4399/7285 4255/4401/7288 4254/4400/7287
f 4210/4356/7289 4252/4398/7286 4254/4400/7287
f 4254/4400/7287 4212/4358/7225 4210/4356/7222
f 4218/4364/7233 4254/4400/7287 4255/4401/7288
f 4255/4401/7288 4256/4402/7290 4218/4364/7233
f 4212/4358/7225 4254/4400/7287 4218/4364/7233
f 4218/4364/7233 4214/4360/7227 4212/4358/7225
f 4257/4403/7291 4256/4402/7292 4255/4401/7288
f 4255/4401/7288 4258/4404/7293 4257/4403/7291
f 4221/4367/7236 4256/4402/7294 4257/4403/7291
f 4257/4403/7291 4259/4405/7295 4221/4367/7236
f 4218/4364/7233 4256/4402/7296 4221/4367/7297
f 4221/4367/7236 4217/4363/7232 4218/4364/7233
f 4260/4406/7298 4259/4405/7295 4257/4403/7291
f 4257/4403/7291 4261/4407/7299 4260/4406/7298
f 4224/4370/7300 4259/4405/7295 4260/4406/7298
f 4260/4406/7298 4262/4408/7301 4224/4370/7240
f 4221/4367/7236 4259/4405/7295 4224/4370/7240
f 4224/4370/7240 4220/4366/7302 4221/4367/7236
f 4263/4409/7303 4262/4408/7301 4260/4406/7298
f 4260/4406/7298 4264/4410/7304 4263/4409/7303
f 4227/4373/7244 4262/4408/7301 4263/4409/7303
f 4263/4409/7303 4265/4411/7305 4227/4373/7244
f 4224/4370/7300 4262/4408/7301 4227/4373/7244
f 4227/4373/7244 4223/4369/7239 4224/4370/7300
f 4266/4412/7306 4265/4411/7305 4263/4409/7303
f 4263/4409/7303 4267/4413/7307 4266/4412/7306
f 4268/4414/7308 4265/4411/7305 4266/4412/7306
f 4266/4412/7306 4269/4415/7309 4268/4414/7308
f 4227/4373/7244 4265/4411/7305 4268/4414/7310
f 4268/4414/7310 4226/4372/7243 4227/4373/7244
f 1442/1497/7311 4268/4414/7308 4269/4415/7309
f 4269/4415/7309 1443/1499/7312 1442/1497/7311
f 4226/4372/7243 4268/4414/7310 1442/1497/7311
f 1442/1497/7313 1174/1226/7246 4226/4372/7243
f 4270/4416/7314 1596/1653/7315 1597/1655/7316
f 1597/1655/7316 4271/4417/7317 4270/4416/7314
f 1440/1494/7250 1596/1653/7315 4270/4416/7314
f 4270/4416/7314 4229/4375/7318 1440/1494/7250
f 4234/4380/7319 4270/4416/7314 4271/4417/7317
f 4271/4417/7317 4272/4418/7320 4234/4380/7319
f 4229/4375/7254 4270/4416/7314 4234/4380/7319
f 4234/4380/7319 4231/4377/7255 4229/4375/7254
f 4273/4419/7321 4272/4418/7320 4271/4417/7317
f 4271/4417/7317 4274/4420/7322 4273/4419/7323
f 4237/4383/7263 4272/4418/7320 4273/4419/7323
f 4273/4419/7323 4275/4421/7324 4237/4383/7263
f 4234/4380/7319 4272/4418/7325 4237/4383/7263
f 4237/4383/7263 4233/4379/7257 4234/4380/7319
f 4276/4422/7326 4275/4421/7327 4273/4419/7323
f 4273/4419/7323 4277/4423/7328 4276/4422/7326
f 4278/4424/7329 4275/4421/7327 4276/4422/7326
f 4276/4422/7326 4279/4425/7330 4278/4424/7329
f 4237/4383/7263 4275/4421/7327 4278/4424/7329
f 4278/4424/7329 4236/4382/7265 4237/4383/7263
f 4280/4426/7331 4278/4424/7329 4279/4425/7330
f 4279/4425/7332 4281/4427/7333 4280/4426/7331
f 4236/4382/7265 4278/4424/7329 4280/4426/7331
f 4280/4426/7334 4239/4385/7266 4236/4382/7262
f 4282/4428/7335 4280/4426/7331 4281/4427/7333
f 4281/4427/7333 4283/4429/7336 4282/4428/7337
f 4239/4385/7268 4280/4426/7331 4282/4428/7337
f 4282/4428/7337 4241/4387/7269 4239/4385/7268
f 4284/4430/7338 4282/4428/7337 4283/4429/7339
f 4283/4429/7340 4285/4431/7341 4284/4430/7338
f 4241/4387/7269 4282/4428/7337 4284/4430/7338
f 4284/4430/7338 4243/4389/7342 4241/4387/7269
f 4286/4432/7343 4284/4430/7338 4285/4431/7344
f 4285/4431/7344 4287/4433/7345 4286/4432/7343
f 4243/4389/7271 4284/4430/7338 4286/4432/7343
f 4286/4432/7343 4245/4391/7274 4243/4389/7271
f 4288/4434/7346 4286/4432/7347 4287/4433/7345
f 4287/4433/7345 4289/4435/7348 4288/4434/7346
f 4245/4391/7274 4286/4432/7343 4288/4434/7346
f 4288/4434/7346 4247/4393/7279 4245/4391/7274
f 4290/4436/7349 4288/4434/7350 4289/4435/7348
f 4289/4435/7351 4291/4437/7352 4290/4436/7353
f 4247/4393/7277 4288/4434/7350 4290/4436/7353
f 4290/4436/7353 4249/4395/7280 4247/4393/7277
f 4292/4438/7354 4290/4436/7353 4291/4437/7352
f 4291/4437/7352 4293/4439/7355 4292/4438/7356
f 4249/4395/7280 4290/4436/7349 4292/4438/7356
f 4292/4438/7356 4251/4397/7283 4249/4395/7280
f 4294/4440/7357 4292/4438/7356 4293/4439/7358
f 4293/4439/7355 4295/4441/7359 4294/4440/7357
f 4251/4397/7360 4292/4438/7356 4294/4440/7357
f 4294/4440/7357 4253/4399/7285 4251/4397/7283
f 4258/4404/7293 4294/4440/7357 4295/4441/7359
f 4295/4441/7359 4296/4442/7361 4258/4404/7293
f 4253/4399/7285 4294/4440/7357 4258/4404/7293
f 4258/4404/7293 4255/4401/7288 4253/4399/7285
f 4297/4443/7362 4296/4442/7363 4295/4441/7359
f 4295/4441/7359 4298/4444/7364 4297/4443/7365
f 4261/4407/7366 4296/4442/7361 4297/4443/7362
f 4297/4443/7365 4299/4445/7367 4261/4407/7366
f 4258/4404/7293 4296/4442/7363 4261/4407/7366
f 4261/4407/7299 4257/4403/7291 4258/4404/7293
f 4300/4446/7368 4299/4445/7367 4297/4443/7365
f 4297/4443/7365 4301/4447/7369 4300/4446/7370
f 4264/4410/7371 4299/4445/7367 4300/4446/7368
f 4300/4446/7368 4302/4448/7372 4264/4410/7371
f 4261/4407/7366 4299/4445/7367 4264/4410/7304
f 4264/4410/7371 4260/4406/7298 4261/4407/7366
f 4303/4449/7373 4302/4448/7372 4300/4446/7374
f 4300/4446/7368 4304/4450/7375 4303/4449/7376
f 4267/4413/7307 4302/4448/7372 4303/4449/7373
f 4303/4449/7373 4305/4451/7377 4267/4413/7307
f 4264/4410/7371 4302/4448/7372 4267/4413/7307
f 4267/4413/7307 4263/4409/7303 4264/4410/7371
f 4306/4452/7378 4305/4451/7377 4303/4449/7376
f 4303/4449/7376 4307/4453/7379 4306/4452/7378
f 4308/4454/7380 4305/4451/7377 4306/4452/7378
f 4306/4452/7378 4309/4455/7381 4308/4454/7380
f 4267/4413/7307 4305/4451/7377 4308/4454/7380
f 4308/4454/7380 4266/4412/7306 4267/4413/7307
f 4310/4456/7382 4308/4454/7380 4309/4455/7381
f 4309/4455/7383 4311/4457/7384 4310/4456/7382
f 4266/4412/7385 4308/4454/7380 4310/4456/7382
f 4310/4456/7382 4269/4415/7309 4266/4412/7385
f 1599/1658/7386 4310/4456/7382 4311/4457/7384
f 4311/4457/7384 1600/1660/7387 1599/1658/7386
f 4269/4415/7388 4310/4456/7382 1599/1658/7386
f 1599/1658/7386 1443/1499/7389 4269/4415/7388
f 4274/4420/7390 1753/1814/7391 1754/1816/7392
f 1754/1816/7392 4312/4458/7393 4274/4420/7322
f 1597/1655/7316 1753/1814/7391 4274/4420/7322
f 4274/4420/7322 4271/4417/7317 1597/1655/7316
f 4313/4459/7394 4312/4458/7393 1754/1816/7392
f 1754/1816/7392 1900/1965/7395 4313/4459/7394
f 4277/4423/7328 4312/4458/7396 4313/4459/7394
f 4313/4459/7397 4314/4460/7398 4277/4423/7328
f 4274/4420/7322 4312/4458/7396 4277/4423/7328
f 4277/4423/7328 4273/4419/7323 4274/4420/7322
f 4315/4461/7399 4314/4460/7398 4313/4459/7394
f 4313/4459/7394 4316/4462/7400 4315/4461/7401
f 4317/4463/7402 4314/4460/7398 4315/4461/7401
f 4315/4461/7401 4318/4464/7403 4317/4463/7402
f 4277/4423/7328 4314/4460/7398 4317/4463/7402
f 4317/4463/7402 4276/4422/7326 4277/4423/7328
f 4319/4465/7404 4317/4463/7402 4318/4464/7403
f 4318/4464/7403 4320/4466/7405 4319/4465/7406
f 4276/4422/7326 4317/4463/7402 4319/4465/7404
f 4319/4465/7404 4279/4425/7332 4276/4422/7407
f 4321/4467/7408 4319/4465/7404 4320/4466/7405
f 4320/4466/7405 4322/4468/7409 4321/4467/7410
f 4279/4425/7332 4319/4465/7404 4321/4467/7410
f 4321/4467/7410 4281/4427/7333 4279/4425/7330
f 4323/4469/7411 4321/4467/7410 4322/4468/7409
f 4322/4468/7409 4324/4470/7412 4323/4469/7411
f 4281/4427/7333 4321/4467/7410 4323/4469/7411
f 4323/4469/7411 4283/4429/7339 4281/4427/7333
f 4325/4471/7413 4323/4469/7411 4324/4470/7414
f 4324/4470/7414 4326/4472/7415 4325/4471/7413
f 4283/4429/7339 4323/4469/7411 4325/4471/7416
f 4325/4471/7413 4285/4431/7344 4283/4429/7339
f 4327/4473/7417 4325/4471/7416 4326/4472/7418
f 4326/4472/7415 4328/4474/7419 4327/4473/7417
f 4285/4431/7344 4325/4471/7416 4327/4473/7420
f 4327/4473/7417 4287/4433/7345 4285/4431/7344
f 4329/4475/7421 4327/4473/7417 4328/4474/7419
f 4328/4474/7419 4330/4476/7422 4329/4475/7421
f 4287/4433/7345 4327/4473/7417 4329/4475/7421
f 4329/4475/7421 4289/4435/7348 4287/4433/7345
f 4331/4477/7423 4329/4475/7421 4330/4476/7422
f 4330/4476/7422 4332/4478/7424 4331/4477/7423
f 4289/4435/7348 4329/4475/7425 4331/4477/7423
f 4331/4477/7423 4291/4437/7352 4289/4435/7348
f 4333/4479/7426 4331/4477/7427 4332/4478/7424
f 4332/4478/7428 4334/4480/7429 4333/4479/7426
f 4291/4437/7352 4331/4477/7430 4333/4479/7426
f 4333/4479/7426 4293/4439/7355 4291/4437/7352
f 4298/4444/7364 4333/4479/7431 4334/4480/7429
f 4334/4480/7429 4335/4481/7432 4298/4444/7364
f 4293/4439/7355 4333/4479/7426 4298/4444/7364
f 4298/4444/7364 4295/4441/7359 4293/4439/7355
f 4336/4482/7433 4335/4481/7432 4334/4480/7429
f 4334/4480/7434 4337/4483/7435 4336/4482/7433
f 4301/4447/7369 4335/4481/7436 4336/4482/7433
f 4336/4482/7433 4338/4484/7437 4301/4447/7369
f 4298/4444/7364 4335/4481/7432 4301/4447/7369
f 4301/4447/7369 4297/4443/7365 4298/4444/7364
f 4339/4485/7438 4338/4484/7437 4336/4482/7433
f 4336/4482/7433 4340/4486/7439 4339/4485/7438
f 4304/4450/7440 4338/4484/7437 4339/4485/7438
f 4339/4485/7441 4341/4487/7442 4304/4450/7375
f 4301/4447/7369 4338/4484/7437 4304/4450/7375
f 4304/4450/7375 4300/4446/7368 4301/4447/7369
f 4342/4488/7443 4341/4487/7442 4339/4485/7441
f 4339/4485/7441 4343/4489/7444 4342/4488/7445
f 4307/4453/7379 4341/4487/7442 4342/4488/7445
f 4342/4488/7445 4344/4490/7446 4307/4453/7379
f 4304/4450/7375 4341/4487/7442 4307/4453/7379
f 4307/4453/7379 4303/4449/7373 4304/4450/7375
f 4345/4491/7447 4344/4490/7446 4342/4488/7445
f 4342/4488/7445 4346/4492/7448 4345/4491/7447
f 4347/4493/7449 4344/4490/7446 4345/4491/7450
f 4345/4491/7447 4348/4494/7451 4347/4493/7449
f 4307/4453/7379 4344/4490/7446 4347/4493/7449
f 4347/4493/7449 4306/4452/7378 4307/4453/7379
f 4349/4495/7452 4347/4493/7449 4348/4494/7451
f 4348/4494/7451 4350/4496/7453 4349/4495/7452
f 4306/4452/7378 4347/4493/7449 4349/4495/7452
f 4349/4495/7452 4309/4455/7381 4306/4452/7378
f 4351/4497/7454 4349/4495/7452 4350/4496/7453
f 4350/4496/7453 4352/4498/7455 4351/4497/7454
f 4309/4455/7383 4349/4495/7452 4351/4497/7454
f 4351/4497/7454 4311/4457/7384 4309/4455/7381
f 1756/1819/7456 4351/4497/7454 4352/4498/7455
f 4352/4498/7455 1757/1821/7457 1756/1819/7458
f 4311/4457/7384 4351/4497/7454 1756/1819/7458
f 1756/1819/7458 1600/1660/7387 4311/4457/7384
f 4316/4462/7400 1901/1967/7459 1902/1969/7460
f 1902/1969/7460 4353/4499/7461 4316/4462/7400
f 1900/1965/7395 1901/1967/7459 4316/4462/7400
f 4316/4462/7400 4313/4459/7394 1900/1965/7395
f 4354/4500/7462 4353/4499/7461 1902/1969/7460
f 1902/1969/7460 2048/2118/7463 4354/4500/7464
f 4355/4501/7465 4353/4499/7461 4354/4500/7466
f 4354/4500/7466 4356/4502/7467 4355/4501/7465
f 4316/4462/7400 4353/4499/7461 4355/4501/7465
f 4355/4501/7465 4315/4461/7401 4316/4462/7400
f 4357/4503/7468 4355/4501/7465 4356/4502/7469
f 4356/4502/7469 4358/4504/7470 4357/4503/7468
f 4315/4461/7401 4355/4501/7465 4357/4503/7471
f 4357/4503/7471 4318/4464/7403 4315/4461/7401
f 4359/4505/7472 4357/4503/7471 4358/4504/7470
f 4358/4504/7470 4360/4506/7473 4359/4505/7472
f 4318/4464/7474 4357/4503/7471 4359/4505/7472
f 4359/4505/7472 4320/4466/7405 4318/4464/7403
f 4361/4507/7475 4359/4505/7472 4360/4506/7476
f 4360/4506/7473 4362/4508/7477 4361/4507/7475
f 4320/4466/7405 4359/4505/7472 4361/4507/7475
f 4361/4507/7475 4322/4468/7409 4320/4466/7405
f 4363/4509/7478 4361/4507/7475 4362/4508/7477
f 4362/4508/7479 4364/4510/7480 4363/4509/7478
f 4322/4468/7409 4361/4507/7475 4363/4509/7478
f 4363/4509/7478 4324/4470/7481 4322/4468/7409
f 4365/4511/7482 4363/4509/7478 4364/4510/7480
f 4364/4510/7480 4366/4512/7483 4365/4511/7482
f 4324/4470/7414 4363/4509/7478 4365/4511/7482
f 4365/4511/7482 4326/4472/7415 4324/4470/7484
f 4367/4513/7485 4365/4511/7482 4366/4512/7483
f 4366/4512/7483 4368/4514/7486 4367/4513/7487
f 4326/4472/7418 4365/4511/7482 4367/4513/7487
f 4367/4513/7487 4328/4474/7419 4326/4472/7415
f 4369/4515/7488 4367/4513/7487 4368/4514/7486
f 4368/4514/7486 4370/4516/7489 4369/4515/7488
f 4328/4474/7419 4367/4513/7487 4369/4515/7488
f 4369/4515/7488 4330/4476/7422 4328/4474/7419
f 4371/4517/7490 4369/4515/7488 4370/4516/7489
f 4370/4516/7491 4372/4518/7492 4371/4517/7490
f 4330/4476/7422 4369/4515/7488 4371/4517/7493
f 4371/4517/7494 4332/4478/7424 4330/4476/7422
f 4337/4483/7435 4371/4517/7493 4372/4518/7492
f 4372/4518/7495 4373/4519/7496 4337/4483/7497
f 4332/4478/7424 4371/4517/7490 4337/4483/7435
f 4337/4483/7435 4334/4480/7429 4332/4478/7428
f 4374/4520/7498 4373/4519/7496 4372/4518/7495
f 4372/4518/7492 4375/4521/7499 4374/4520/7498
f 4340/4486/7500 4373/4519/7501 4374/4520/7498
f 4374/4520/7502 4376/4522/7503 4340/4486/7504
f 4337/4483/7435 4373/4519/7501 4340/4486/7504
f 4340/4486/7504 4336/4482/7433 4337/4483/7435
f 4377/4523/7505 4376/4522/7503 4374/4520/7498
f 4374/4520/7498 4378/4524/7506 4377/4523/7505
f 4343/4489/7444 4376/4522/7503 4377/4523/7505
f 4377/4523/7505 4379/4525/7507 4343/4489/7444
f 4340/4486/7500 4376/4522/7508 4343/4489/7509
f 4343/4489/7509 4339/4485/7441 4340/4486/7504
f 4380/4526/7510 4379/4525/7507 4377/4523/7505
f 4377/4523/7505 4381/4527/7511 4380/4526/7510
f 4346/4492/7448 4379/4525/7507 4380/4526/7510
f 4380/4526/7510 4382/4528/7512 4346/4492/7448
f 4343/4489/7444 4379/4525/7507 4346/4492/7448
f 4346/4492/7448 4342/4488/7443 4343/4489/7444
f 4383/4529/7513 4382/4528/7512 4380/4526/7510
f 4380/4526/7510 4384/4530/7514 4383/4529/7513
f 4385/4531/7515 4382/4528/7512 4383/4529/7513
f 4383/4529/7513 4386/4532/7516 4385/4531/7515
f 4346/4492/7448 4382/4528/7512 4385/4531/7515
f 4385/4531/7515 4345/4491/7450 4346/4492/7448
f 4387/4533/7517 4385/4531/7515 4386/4532/7516
f 4386/4532/7516 4388/4534/7518 4387/4533/7517
f 4345/4491/7447 4385/4531/7515 4387/4533/7517
f 4387/4533/7517 4348/4494/7451 4345/4491/7447
f 4389/4535/7519 4387/4533/7517 4388/4534/7518
f 4388/4534/7518 4390/4536/7520 4389/4535/7519
f 4348/4494/7451 4387/4533/7517 4389/4535/7521
f 4389/4535/7521 4350/4496/7453 4348/4494/7451
f 4391/4537/7522 4389/4535/7521 4390/4536/7523
f 4390/4536/7523 4392/4538/7524 4391/4537/7522
f 4350/4496/7453 4389/4535/7519 4391/4537/7522
f 4391/4537/7522 4352/4498/7455 4350/4496/7453
f 1905/1973/7525 4391/4537/7522 4392/4538/7524
f 4392/4538/7526 1906/1975/7527 1905/1973/7528
f 4352/4498/7455 4391/4537/7522 1905/1973/7528
f 1905/1973/7528 1757/1821/7457 4352/4498/7455
f 2049/2120/7529 2050/2122/7530 4393/4539/7531
f 2049/2120/7529 4393/4539/7531 4394/4540/7532
f 2048/2118/7533 2049/2120/7534 4394/4540/7532
f 4394/4540/7535 4354/4500/7466 2048/2118/7463
f 4395/4541/7536 4394/4540/7532 4393/4539/7531
f 4393/4539/7531 4396/4542/7537 4395/4541/7536
f 4354/4500/7466 4394/4540/7532 4395/4541/7536
f 4395/4541/7536 4356/4502/7467 4354/4500/7466
f 4397/4543/7538 4395/4541/7536 4396/4542/7537
f 4396/4542/7537 4398/4544/7539 4397/4543/7538
f 4356/4502/7469 4395/4541/7536 4397/4543/7538
f 4397/4543/7538 4358/4504/7470 4356/4502/7469
f 4399/4545/7540 4397/4543/7538 4398/4544/7539
f 4398/4544/7539 4400/4546/7541 4399/4545/7540
f 4358/4504/7470 4397/4543/7538 4399/4545/7542
f 4399/4545/7540 4360/4506/7476 4358/4504/7470
f 4401/4547/7543 4399/4545/7540 4400/4546/7541
f 4400/4546/7541 4402/4548/7544 4401/4547/7543
f 4360/4506/7476 4399/4545/7540 4401/4547/7543
f 4401/4547/7543 4362/4508/7477 4360/4506/7476
f 4403/4549/7545 4401/4547/7543 4402/4548/7544
f 4402/4548/7544 4404/4550/7546 4403/4549/7545
f 4362/4508/7479 4401/4547/7543 4403/4549/7545
f 4403/4549/7545 4364/4510/7480 4362/4508/7477
f 4405/4551/7547 4403/4549/7545 4404/4550/7548
f 4404/4550/7548 4406/4552/7549 4405/4551/7550
f 4364/4510/7480 4403/4549/7545 4405/4551/7550
f 4405/4551/7550 4366/4512/7483 4364/4510/7480
f 4407/4553/7551 4405/4551/7547 4406/4552/7552
f 4406/4552/7552 4408/4554/7553 4407/4553/7554
f 4366/4512/7555 4405/4551/7550 4407/4553/7554
f 4407/4553/7554 4368/4514/7556 4366/4512/7483
f 4409/4555/7557 4407/4553/7558 4408/4554/7553
f 4408/4554/7553 4410/4556/7559 4409/4555/7560
f 4368/4514/7561 4407/4553/7554 4409/4555/7557
f 4409/4555/7557 4370/4516/7491 4368/4514/7486
f 4375/4521/7499 4409/4555/7557 4410/4556/7562
f 4410/4556/7559 4411/4557/7563 4375/4521/7499
f 4370/4516/7489 4409/4555/7557 4375/4521/7564
f 4375/4521/7499 4372/4518/7492 4370/4516/7489
f 4412/4558/7565 4411/4557/7563 4410/4556/7559
f 4410/4556/7559 4413/4559/7566 4412/4558/7567
f 4378/4524/7506 4411/4557/7563 4412/4558/7567
f 4412/4558/7567 4414/4560/7568 4378/4524/7506
f 4375/4521/7499 4411/4557/7563 4378/4524/7506
f 4378/4524/7506 4374/4520/7498 4375/4521/7499
f 4415/4561/7569 4414/4560/7570 4412/4558/7567
f 4412/4558/7565 4416/4562/7571 4415/4561/7569
f 4381/4527/7572 4414/4560/7570 4415/4561/7569
f 4415/4561/7569 4417/4563/7573 4381/4527/7511
f 4378/4524/7506 4414/4560/7570 4381/4527/7572
f 4381/4527/7572 4377/4523/7505 4378/4524/7506
f 4418/4564/7574 4417/4563/7573 4415/4561/7569
f 4415/4561/7569 4419/4565/7575 4418/4564/7574
f 4384/4530/7514 4417/4563/7576 4418/4564/7574
f 4418/4564/7574 4420/4566/7577 4384/4530/7514
f 4381/4527/7511 4417/4563/7573 4384/4530/7514
f 4384/4530/7514 4380/4526/7510 4381/4527/7572
f 4421/4567/7578 4420/4566/7577 4418/4564/7574
f 4418/4564/7574 4422/4568/7579 4421/4567/7580
f 4423/4569/7581 4420/4566/7577 4421/4567/7578
f 4421/4567/7580 4424/4570/7582 4423/4569/7581
f 4384/4530/7514 4420/4566/7577 4423/4569/7581
f 4423/4569/7581 4383/4529/7513 4384/4530/7514
f 4425/4571/7583 4423/4569/7581 4424/4570/7582
f 4424/4570/7582 4426/4572/7584 4425/4571/7583
f 4383/4529/7513 4423/4569/7581 4425/4571/7585
f 4425/4571/7583 4386/4532/7516 4383/4529/7513
f 4427/4573/7586 4425/4571/7585 4426/4572/7584
f 4426/4572/7584 4428/4574/7587 4427/4573/7586
f 4386/4532/7588 4425/4571/7583 4427/4573/7586
f 4427/4573/7586 4388/4534/7518 4386/4532/7516
f 4429/4575/7589 4427/4573/7586 4428/4574/7587
f 4428/4574/7587 4430/4576/7590 4429/4575/7589
f 4388/4534/7518 4427/4573/7591 4429/4575/7589
f 4429/4575/7589 4390/4536/7523 4388/4534/7518
f 4431/4577/7592 4429/4575/7589 4430/4576/7590
f 4430/4576/7590 4432/4578/7593 4431/4577/7592
f 4390/4536/7523 4429/4575/7589 4431/4577/7592
f 4431/4577/7594 4392/4538/7526 4390/4536/7523
f 2053/2126/7595 4431/4577/7592 4432/4578/7593
f 4432/4578/7596 2054/2128/7597 2053/2126/7595
f 4392/4538/7526 4431/4577/7594 2053/2126/7595
f 2053/2126/7595 1906/1975/7527 4392/4538/7526
f 4433/4579/7598 2280/2355/7599 2281/2357/7600
f 2281/2357/7601 4434/4580/7602 4433/4579/7603
f 2050/2122/7604 2280/2355/7605 4433/4579/7598
f 4433/4579/7598 4393/4539/7531 2050/2122/7604
f 4435/4581/7606 4433/4579/7598 4434/4580/7602
f 4434/4580/7602 4436/4582/7607 4435/4581/7608
f 4393/4539/7531 4433/4579/7598 4435/4581/7606
f 4435/4581/7608 4396/4542/7537 4393/4539/7531
f 4437/4583/7609 4435/4581/7606 4436/4582/7610
f 4436/4582/7610 4438/4584/7611 4437/4583/7609
f 4396/4542/7537 4435/4581/7608 4437/4583/7609
f 4437/4583/7609 4398/4544/7539 4396/4542/7537
f 4439/4585/7612 4437/4583/7609 4438/4584/7613
f 4438/4584/7613 4440/4586/7614 4439/4585/7612
f 4398/4544/7539 4437/4583/7609 4439/4585/7612
f 4439/4585/7612 4400/4546/7615 4398/4544/7539
f 4441/4587/7616 4439/4585/7612 4440/4586/7617
f 4440/4586/7617 4442/4588/7618 4441/4587/7616
f 4400/4546/7615 4439/4585/7612 4441/4587/7616
f 4441/4587/7616 4402/4548/7544 4400/4546/7615
f 4443/4589/7619 4441/4587/7616 4442/4588/7618
f 4442/4588/7618 4444/4590/7620 4443/4589/7621
f 4402/4548/7544 4441/4587/7616 4443/4589/7619
f 4443/4589/7622 4404/4550/7548 4402/4548/7544
f 4445/4591/7623 4443/4589/7619 4444/4590/7620
f 4444/4590/7620 4446/4592/7624 4445/4591/7625
f 4404/4550/7546 4443/4589/7621 4445/4591/7623
f 4445/4591/7623 4406/4552/7552 4404/4550/7548
f 4447/4593/7626 4445/4591/7623 4446/4592/7627
f 4446/4592/7624 4448/4594/7628 4447/4593/7626
f 4406/4552/7552 4445/4591/7623 4447/4593/7626
f 4447/4593/7626 4408/4554/7629 4406/4552/7552
f 4413/4559/7566 4447/4593/7626 4448/4594/7628
f 4448/4594/7630 4449/4595/7631 4413/4559/7566
f 4408/4554/7553 4447/4593/7626 4413/4559/7566
f 4413/4559/7566 4410/4556/7559 4408/4554/7629
f 4450/4596/7632 4449/4595/7631 4448/4594/7630
f 4448/4594/7628 4451/4597/7633 4450/4596/7632
f 4416/4562/7571 4449/4595/7631 4450/4596/7632
f 4450/4596/7632 4452/4598/7634 4416/4562/7571
f 4413/4559/7566 4449/4595/7631 4416/4562/7635
f 4416/4562/7571 4412/4558/7567 4413/4559/7566
f 4453/4599/7636 4452/4598/7637 4450/4596/7632
f 4450/4596/7638 4454/4600/7639 4453/4599/7640
f 4419/4565/7575 4452/4598/7637 4453/4599/7636
f 4453/4599/7636 4455/4601/7641 4419/4565/7575
f 4416/4562/7571 4452/4598/7634 4419/4565/7642
f 4419/4565/7575 4415/4561/7569 4416/4562/7571
f 4456/4602/7643 4455/4601/7641 4453/4599/7636
f 4453/4599/7636 4457/4603/7644 4456/4602/7643
f 4422/4568/7579 4455/4601/7641 4456/4602/7643
f 4456/4602/7643 4458/4604/7645 4422/4568/7646
f 4419/4565/7575 4455/4601/7641 4422/4568/7646
f 4422/4568/7579 4418/4564/7574 4419/4565/7575
f 4459/4605/7647 4458/4604/7648 4456/4602/7643
f 4456/4602/7643 4460/4606/7649 4459/4605/7647
f 4461/4607/7650 4458/4604/7645 4459/4605/7647
f 4459/4605/7647 4462/4608/7651 4461/4607/7650
f 4422/4568/7579 4458/4604/7648 4461/4607/7652
f 4461/4607/7652 4421/4567/7578 4422/4568/7579
f 4463/4609/7653 4461/4607/7652 4462/4608/7654
f 4462/4608/7654 4464/4610/7655 4463/4609/7653
f 4421/4567/7578 4461/4607/7652 4463/4609/7653
f 4463/4609/7653 4424/4570/7582 4421/4567/7578
f 4465/4611/7656 4463/4609/7653 4464/4610/7655
f 4464/4610/7655 4466/4612/7657 4465/4611/7656
f 4424/4570/7582 4463/4609/7653 4465/4611/7656
f 4465/4611/7656 4426/4572/7584 4424/4570/7658
f 4467/4613/7659 4465/4611/7656 4466/4612/7657
f 4466/4612/7660 4468/4614/7661 4467/4613/7659
f 4426/4572/7584 4465/4611/7656 4467/4613/7659
f 4467/4613/7659 4428/4574/7587 4426/4572/7584
f 4469/4615/7662 4467/4613/7659 4468/4614/7661
f 4468/4614/7661 4470/4616/7663 4469/4615/7662
f 4428/4574/7587 4467/4613/7659 4469/4615/7664
f 4469/4615/7664 4430/4576/7590 4428/4574/7587
f 4471/4617/7665 4469/4615/7662 4470/4616/7663
f 4470/4616/7663 4472/4618/7666 4471/4617/7665
f 4430/4576/7590 4469/4615/7664 4471/4617/7665
f 4471/4617/7665 4432/4578/7593 4430/4576/7590
f 2283/2360/7667 4471/4617/7665 4472/4618/7666
f 4472/4618/7666 2284/2362/7668 2283/2360/7667
f 4432/4578/7596 4471/4617/7665 2283/2360/7669
f 2283/2360/7667 2054/2128/7597 4432/4578/7596
f 4473/4619/7670 2415/2494/7671 2416/2496/7672
f 2416/2496/7672 4474/4620/7673 4473/4619/7670
f 2281/2357/7601 2415/2494/7671 4473/4619/7670
f 4473/4619/7670 4434/4580/7602 2281/2357/7601
f 4475/4621/7674 4473/4619/7675 4474/4620/7673
f 4474/4620/7673 4476/4622/7676 4475/4621/7674
f 4434/4580/7602 4473/4619/7670 4475/4621/7674
f 4475/4621/7674 4436/4582/7607 4434/4580/7602
f 4477/4623/7677 4475/4621/7674 4476/4622/7678
f 4476/4622/7676 4478/4624/7679 4477/4623/7680
f 4436/4582/7607 4475/4621/7674 4477/4623/7681
f 4477/4623/7680 4438/4584/7613 4436/4582/7610
f 4479/4625/7682 4477/4623/7680 4478/4624/7679
f 4478/4624/7679 4480/4626/7683 4479/4625/7682
f 4438/4584/7613 4477/4623/7677 4479/4625/7684
f 4479/4625/7682 4440/4586/7617 4438/4584/7611
f 4481/4627/7685 4479/4625/7682 4480/4626/7683
f 4480/4626/7683 4482/4628/7686 4481/4627/7685
f 4440/4586/7614 4479/4625/7682 4481/4627/7685
f 4481/4627/7685 4442/4588/7618 4440/4586/7617
f 4483/4629/7687 4481/4627/7685 4482/4628/7688
f 4482/4628/7686 4484/4630/7689 4483/4629/7687
f 4442/4588/7618 4481/4627/7685 4483/4629/7687
f 4483/4629/7687 4444/4590/7620 4442/4588/7618
f 4485/4631/7690 4483/4629/7687 4484/4630/7689
f 4484/4630/7689 4486/4632/7691 4485/4631/7692
f 4444/4590/7693 4483/4629/7687 4485/4631/7690
f 4485/4631/7692 4446/4592/7624 4444/4590/7620
f 4451/4597/7633 4485/4631/7692 4486/4632/7691
f 4486/4632/7691 4487/4633/7694 4451/4597/7633
f 4446/4592/7624 4485/4631/7692 4451/4597/7633
f 4451/4597/7633 4448/4594/7630 4446/4592/7624
f 4488/4634/7695 4487/4633/7696 4486/4632/7691
f 4486/4632/7691 4489/4635/7697 4488/4634/7695
f 4454/4600/7639 4487/4633/7698 4488/4634/7695
f 4488/4634/7695 4490/4636/7699 4454/4600/7639
f 4451/4597/7633 4487/4633/7700 4454/4600/7639
f 4454/4600/7639 4450/4596/7638 4451/4597/7701
f 4491/4637/7702 4490/4636/7699 4488/4634/7695
f 4488/4634/7695 4492/4638/7703 4491/4637/7702
f 4457/4603/7704 4490/4636/7699 4491/4637/7702
f 4491/4637/7705 4493/4639/7706 4457/4603/7704
f 4454/4600/7639 4490/4636/7707 4457/4603/7704
f 4457/4603/7704 4453/4599/7636 4454/4600/7639
f 4494/4640/7708 4493/4639/7709 4491/4637/7702
f 4491/4637/7705 4495/4641/7710 4494/4640/7708
f 4460/4606/7711 4493/4639/7709 4494/4640/7708
f 4494/4640/7708 4496/4642/7712 4460/4606/7649
f 4457/4603/7704 4493/4639/7709 4460/4606/7711
f 4460/4606/7713 4456/4602/7714 4457/4603/7644
f 4497/4643/7715 4496/4642/7716 4494/4640/7708
f 4494/4640/7708 4498/4644/7717 4497/4643/7715
f 4499/4645/7718 4496/4642/7712 4497/4643/7715
f 4497/4643/7715 4500/4646/7719 4499/4645/7718
f 4460/4606/7649 4496/4642/7716 4499/4645/7720
f 4499/4645/7718 4459/4605/7647 4460/4606/7711
f 4501/4647/7721 4499/4645/7718 4500/4646/7719
f 4500/4646/7719 4502/4648/7722 4501/4647/7721
f 4459/4605/7647 4499/4645/7718 4501/4647/7721
f 4501/4647/7721 4462/4608/7654 4459/4605/7723
f 4503/4649/7724 4501/4647/7721 4502/4648/7722
f 4502/4648/7722 4504/4650/7725 4503/4649/7726
f 4462/4608/7654 4501/4647/7721 4503/4649/7726
f 4503/4649/7726 4464/4610/7655 4462/4608/7654
f 4505/4651/7727 4503/4649/7726 4504/4650/7725
f 4504/4650/7725 4506/4652/7728 4505/4651/7727
f 4464/4610/7655 4503/4649/7726 4505/4651/7727
f 4505/4651/7727 4466/4612/7657 4464/4610/7655
f 4507/4653/7729 4505/4651/7727 4506/4652/7728
f 4506/4652/7730 4508/4654/7731 4507/4653/7729
f 4466/4612/7657 4505/4651/7727 4507/4653/7729
f 4507/4653/7729 4468/4614/7661 4466/4612/7657
f 4509/4655/7732 4507/4653/7729 4508/4654/7731
f 4508/4654/7733 4510/4656/7734 4509/4655/7732
f 4468/4614/7661 4507/4653/7729 4509/4655/7735
f 4509/4655/7735 4470/4616/7663 4468/4614/7661
f 4511/4657/7736 4509/4655/7735 4510/4656/7734
f 4510/4656/7734 4512/4658/7737 4511/4657/7736
f 4470/4616/7663 4509/4655/7735 4511/4657/7736
f 4511/4657/7736 4472/4618/7666 4470/4616/7663
f 2418/2499/7738 4511/4657/7736 4512/4658/7737
f 4512/4658/7737 2419/2501/7739 2418/2499/7738
f 4472/4618/7666 4511/4657/7736 2418/2499/7738
f 2418/2499/7738 2284/2362/7668 4472/4618/7666
f 4513/4659/7740 2544/2627/7741 2545/2629/7742
f 2545/2629/7742 4514/4660/7743 4513/4659/7744
f 2416/2496/7672 2544/2627/7741 4513/4659/7740
f 4513/4659/7740 4474/4620/7673 2416/2496/7672
f 4515/4661/7745 4513/4659/7740 4514/4660/7746
f 4514/4660/7743 4516/4662/7747 4515/4661/7745
f 4474/4620/7673 4513/4659/7740 4515/4661/7745
f 4515/4661/7745 4476/4622/7678 4474/4620/7673
f 4517/4663/7748 4515/4661/7745 4516/4662/7749
f 4516/4662/7747 4518/4664/7750 4517/4663/7748
f 4476/4622/7678 4515/4661/7745 4517/4663/7748
f 4517/4663/7748 4478/4624/7751 4476/4622/7676
f 4519/4665/7752 4517/4663/7748 4518/4664/7750
f 4518/4664/7750 4520/4666/7753 4519/4665/7752
f 4478/4624/7751 4517/4663/7754 4519/4665/7752
f 4519/4665/7752 4480/4626/7683 4478/4624/7679
f 4521/4667/7755 4519/4665/7752 4520/4666/7756
f 4520/4666/7756 4522/4668/7757 4521/4667/7755
f 4480/4626/7683 4519/4665/7752 4521/4667/7755
f 4521/4667/7755 4482/4628/7688 4480/4626/7683
f 4523/4669/7758 4521/4667/7755 4522/4668/7757
f 4522/4668/7757 4524/4670/7759 4523/4669/7758
f 4482/4628/7686 4521/4667/7755 4523/4669/7758
f 4523/4669/7758 4484/4630/7689 4482/4628/7688
f 4489/4635/7697 4523/4669/7758 4524/4670/7759
f 4524/4670/7760 4525/4671/7761 4489/4635/7762
f 4484/4630/7689 4523/4669/7758 4489/4635/7697
f 4489/4635/7697 4486/4632/7691 4484/4630/7689
f 4526/4672/7763 4525/4671/7761 4524/4670/7759
f 4524/4670/7764 4527/4673/7765 4526/4672/7763
f 4492/4638/7766 4525/4671/7761 4526/4672/7763
f 4526/4672/7767 4528/4674/7768 4492/4638/7766
f 4489/4635/7697 4525/4671/7769 4492/4638/7766
f 4492/4638/7703 4488/4634/7695 4489/4635/7770
f 4529/4675/7771 4528/4674/7772 4526/4672/7763
f 4526/4672/7763 4530/4676/7773 4529/4675/7774
f 4495/4641/7710 4528/4674/7768 4529/4675/7771
f 4529/4675/7771 4531/4677/7775 4495/4641/7776
f 4492/4638/7766 4528/4674/7768 4495/4641/7710
f 4495/4641/7776 4491/4637/7702 4492/4638/7766
f 4532/4678/7777 4531/4677/7775 4529/4675/7771
f 4529/4675/7774 4533/4679/7778 4532/4678/7777
f 4498/4644/7717 4531/4677/7779 4532/4678/7777
f 4532/4678/7780 4534/4680/7781 4498/4644/7717
f 4495/4641/7776 4531/4677/7775 4498/4644/7717
f 4498/4644/7717 4494/4640/7708 4495/4641/7710
f 4535/4681/7782 4534/4680/7781 4532/4678/7777
f 4532/4678/7780 4536/4682/7783 4535/4681/7782
f 4537/4683/7784 4534/4680/7785 4535/4681/7782
f 4535/4681/7782 4538/4684/7786 4537/4683/7784
f 4498/4644/7717 4534/4680/7781 4537/4683/7784
f 4537/4683/7784 4497/4643/7787 4498/4644/7717
f 4539/4685/7788 4537/4683/7784 4538/4684/7786
f 4538/4684/7786 4540/4686/7789 4539/4685/7790
f 4497/4643/7715 4537/4683/7784 4539/4685/7790
f 4539/4685/7788 4500/4646/7719 4497/4643/7715
f 4541/4687/7791 4539/4685/7788 4540/4686/7789
f 4540/4686/7789 4542/4688/7792 4541/4687/7791
f 4500/4646/7719 4539/4685/7790 4541/4687/7791
f 4541/4687/7791 4502/4648/7722 4500/4646/7719
f 4543/4689/7793 4541/4687/7791 4542/4688/7794
f 4542/4688/7794 4544/4690/7795 4543/4689/7793
f 4502/4648/7722 4541/4687/7791 4543/4689/7796
f 4543/4689/7796 4504/4650/7725 4502/4648/7722
f 4545/4691/7797 4543/4689/7796 4544/4690/7795
f 4544/4690/7795 4546/4692/7798 4545/4691/7797
f 4504/4650/7725 4543/4689/7796 4545/4691/7797
f 4545/4691/7797 4506/4652/7730 4504/4650/7725
f 4547/4693/7799 4545/4691/7797 4546/4692/7798
f 4546/4692/7798 4548/4694/7800 4547/4693/7801
f 4506/4652/7728 4545/4691/7797 4547/4693/7801
f 4547/4693/7799 4508/4654/7731 4506/4652/7728
f 4549/4695/7802 4547/4693/7799 4548/4694/7800
f 4548/4694/7800 4550/4696/7803 4549/4695/7804
f 4508/4654/7733 4547/4693/7799 4549/4695/7804
f 4549/4695/7802 4510/4656/7805 4508/4654/7731
f 4551/4697/7806 4549/4695/7804 4550/4696/7803
f 4550/4696/7807 4552/4698/7808 4551/4697/7806
f 4510/4656/7734 4549/4695/7804 4551/4697/7806
f 4551/4697/7806 4512/4658/7737 4510/4656/7734
f 2547/2632/7809 4551/4697/7806 4552/4698/7810
f 4552/4698/7810 2548/2634/7811 2547/2632/7812
f 4512/4658/7737 4551/4697/7806 2547/2632/7809
f 2547/2632/7809 2419/2501/7739 4512/4658/7737
f 4553/4699/7813 2669/2756/7814 2670/2758/7815
f 2670/2758/7815 4554/4700/7816 4553/4699/7813
f 2545/2629/7817 2669/2756/7814 4553/4699/7813
f 4553/4699/7813 4514/4660/7746 2545/2629/7742
f 4555/4701/7818 4553/4699/7813 4554/4700/7816
f 4554/4700/7819 4556/4702/7820 4555/4701/7818
f 4514/4660/7746 4553/4699/7813 4555/4701/7821
f 4555/4701/7818 4516/4662/7749 4514/4660/7743
f 4557/4703/7822 4555/4701/7821 4556/4702/7820
f 4556/4702/7820 4558/4704/7823 4557/4703/7824
f 4516/4662/7749 4555/4701/7821 4557/4703/7825
f 4557/4703/7822 4518/4664/7750 4516/4662/7826
f 4559/4705/7827 4557/4703/7822 4558/4704/7823
f 4558/4704/7823 4560/4706/7828 4559/4705/7829
f 4518/4664/7750 4557/4703/7824 4559/4705/7829
f 4559/4705/7827 4520/4666/7753 4518/4664/7750
f 4561/4707/7830 4559/4705/7829 4560/4706/7828
f 4560/4706/7828 4562/4708/7831 4561/4707/7832
f 4520/4666/7756 4559/4705/7829 4561/4707/7830
f 4561/4707/7830 4522/4668/7757 4520/4666/7753
f 4527/4673/7833 4561/4707/7830 4562/4708/7831
f 4562/4708/7831 4563/4709/7834 4527/4673/7833
f 4522/4668/7757 4561/4707/7830 4527/4673/7833
f 4527/4673/7833 4524/4670/7759 4522/4668/7757
f 4564/4710/7835 4563/4709/7836 4562/4708/7831
f 4562/4708/7831 4565/4711/7837 4564/4710/7835
f 4530/4676/7773 4563/4709/7834 4564/4710/7835
f 4564/4710/7835 4566/4712/7838 4530/4676/7773
f 4527/4673/7833 4563/4709/7834 4530/4676/7839
f 4530/4676/7839 4526/4672/7767 4527/4673/7833
f 4567/4713/7840 4566/4712/7838 4564/4710/7835
f 4564/4710/7835 4568/4714/7841 4567/4713/7840
f 4533/4679/7778 4566/4712/7838 4567/4713/7840
f 4567/4713/7840 4569/4715/7842 4533/4679/7778
f 4530/4676/7839 4566/4712/7838 4533/4679/7778
f 4533/4679/7778 4529/4675/7771 4530/4676/7839
f 4570/4716/7843 4569/4715/7842 4567/4713/7844
f 4567/4713/7840 4571/4717/7845 4570/4716/7846
f 4536/4682/7783 4569/4715/7847 4570/4716/7843
f 4570/4716/7843 4572/4718/7848 4536/4682/7783
f 4533/4679/7778 4569/4715/7842 4536/4682/7783
f 4536/4682/7783 4532/4678/7777 4533/4679/7778
f 4573/4719/7849 4572/4718/7848 4570/4716/7846
f 4570/4716/7846 4574/4720/7850 4573/4719/7849
f 4575/4721/7851 4572/4718/7848 4573/4719/7852
f 4573/4719/7849 4576/4722/7853 4575/4721/7851
f 4536/4682/7783 4572/4718/7848 4575/4721/7851
f 4575/4721/7851 4535/4681/7782 4536/4682/7783
f 4577/4723/7854 4575/4721/7855 4576/4722/7856
f 4576/4722/7853 4578/4724/7857 4577/4723/7854
f 4535/4681/7782 4575/4721/7851 4577/4723/7854
f 4577/4723/7854 4538/4684/7786 4535/4681/7782
f 4579/4725/7858 4577/4723/7854 4578/4724/7857
f 4578/4724/7857 4580/4726/7859 4579/4725/7858
f 4538/4684/7786 4577/4723/7854 4579/4725/7858
f 4579/4725/7860 4540/4686/7789 4538/4684/7786
f 4581/4727/7861 4579/4725/7862 4580/4726/7859
f 4580/4726/7859 4582/4728/7863 4581/4727/7861
f 4540/4686/7789 4579/4725/7858 4581/4727/7861
f 4581/4727/7861 4542/4688/7794 4540/4686/7789
f 4583/4729/7864 4581/4727/7861 4582/4728/7865
f 4582/4728/7865 4584/4730/7866 4583/4729/7864
f 4542/4688/7794 4581/4727/7861 4583/4729/7864
f 4583/4729/7864 4544/4690/7795 4542/4688/7794
f 4585/4731/7867 4583/4729/7864 4584/4730/7866
f 4584/4730/7866 4586/4732/7868 4585/4731/7867
f 4544/4690/7795 4583/4729/7864 4585/4731/7867
f 4585/4731/7867 4546/4692/7798 4544/4690/7795
f 4587/4733/7869 4585/4731/7867 4586/4732/7868
f 4586/4732/7868 4588/4734/7870 4587/4733/7869
f 4546/4692/7798 4585/4731/7867 4587/4733/7869
f 4587/4733/7869 4548/4694/7800 4546/4692/7798
f 4589/4735/7871 4587/4733/7869 4588/4734/7870
f 4588/4734/7870 4590/4736/7872 4589/4735/7871
f 4548/4694/7800 4587/4733/7869 4589/4735/7871
f 4589/4735/7871 4550/4696/7803 4548/4694/7800
f 4591/4737/7873 4589/4735/7871 4590/4736/7872
f 4590/4736/7872 4592/4738/7874 4591/4737/7873
f 4550/4696/7803 4589/4735/7871 4591/4737/7875
f 4591/4737/7875 4552/4698/7810 4550/4696/7803
f 2672/2761/7876 4591/4737/7875 4592/4738/7874
f 4592/4738/7877 2673/2763/7878 2672/2761/7879
f 4552/4698/7810 4591/4737/7875 2672/2761/7879
f 2672/2761/7879 2548/2634/7811 4552/4698/7810
f 4593/4739/7880 2785/2878/7881 2783/2874/7882
f 2783/2874/7882 4594/4740/7883 4593/4739/7880
f 2786/2880/7884 2785/2878/7885 4593/4739/7880
f 4593/4739/7886 4595/4741/7887 2786/2880/7884
f 2787/2882/7888 2786/2880/7884 4595/4741/7887
f 4595/4741/7887 4596/4742/7889 2787/2882/7888
f 2788/2884/7890 2787/2882/7888 4596/4742/7889
f 4596/4742/7889 4597/4743/7891 2788/2884/7890
f 4598/4744/7892 2791/2888/7893 2788/2884/7890
f 2788/2884/7890 4597/4743/7891 4598/4744/7894
f 2670/2758/7815 2791/2888/7895 4598/4744/7894
f 4598/4744/7894 4554/4700/7816 2670/2758/7896
f 4599/4745/7897 4598/4744/7892 4597/4743/7891
f 4597/4743/7898 4600/4746/7899 4599/4745/7897
f 4554/4700/7816 4598/4744/7892 4599/4745/7900
f 4599/4745/7897 4556/4702/7820 4554/4700/7816
f 4601/4747/7901 4599/4745/7900 4600/4746/7899
f 4600/4746/7899 4602/4748/7902 4601/4747/7901
f 4556/4702/7820 4599/4745/7900 4601/4747/7903
f 4601/4747/7901 4558/4704/7823 4556/4702/7820
f 4603/4749/7904 4601/4747/7903 4602/4748/7902
f 4602/4748/7902 4604/4750/7905 4603/4749/7906
f 4558/4704/7823 4601/4747/7901 4603/4749/7907
f 4603/4749/7904 4560/4706/7828 4558/4704/7823
f 4565/4711/7837 4603/4749/7904 4604/4750/7905
f 4604/4750/7905 4605/4751/7908 4565/4711/7837
f 4560/4706/7828 4603/4749/7904 4565/4711/7837
f 4565/4711/7837 4562/4708/7831 4560/4706/7828
f 4606/4752/7909 4605/4751/7910 4604/4750/7905
f 4604/4750/7905 4607/4753/7911 4606/4752/7909
f 4568/4714/7841 4605/4751/7910 4606/4752/7909
f 4606/4752/7909 4608/4754/7912 4568/4714/7913
f 4565/4711/7837 4605/4751/7908 4568/4714/7841
f 4568/4714/7841 4564/4710/7835 4565/4711/7837
f 4609/4755/7914 4608/4754/7915 4606/4752/7909
f 4606/4752/7909 4610/4756/7916 4609/4755/7917
f 4571/4717/7918 4608/4754/7915 4609/4755/7914
f 4609/4755/7914 4611/4757/7919 4571/4717/7918
f 4568/4714/7841 4608/4754/7912 4571/4717/7920
f 4571/4717/7921 4567/4713/7840 4568/4714/7841
f 4612/4758/7922 4611/4757/7923 4609/4755/7914
f 4609/4755/7914 4613/4759/7924 4612/4758/7925
f 4574/4720/7850 4611/4757/7919 4612/4758/7922
f 4612/4758/7926 4614/4760/7927 4574/4720/7928
f 4571/4717/7920 4611/4757/7919 4574/4720/7928
f 4574/4720/7928 4570/4716/7846 4571/4717/7845
f 4615/4761/7929 4614/4760/7927 4612/4758/7922
f 4612/4758/7925 4616/4762/7930 4615/4761/7929
f 4617/4763/7931 4614/4760/7932 4615/4761/7929
f 4615/4761/7929 4618/4764/7933 4617/4763/7934
f 4574/4720/7850 4614/4760/7927 4617/4763/7931
f 4617/4763/7934 4573/4719/7852 4574/4720/7928
f 4619/4765/7935 4617/4763/7931 4618/4764/7933
f 4618/4764/7936 4620/4766/7937 4619/4765/7935
f 4573/4719/7849 4617/4763/7931 4619/4765/7938
f 4619/4765/7938 4576/4722/7853 4573/4719/7849
f 4621/4767/7939 4619/4765/7940 4620/4766/7937
f 4620/4766/7937 4622/4768/7941 4621/4767/7939
f 4576/4722/7856 4619/4765/7938 4621/4767/7939
f 4621/4767/7939 4578/4724/7857 4576/4722/7853
f 4623/4769/7942 4621/4767/7939 4622/4768/7943
f 4622/4768/7943 4624/4770/7944 4623/4769/7942
f 4578/4724/7857 4621/4767/7939 4623/4769/7942
f 4623/4769/7942 4580/4726/7859 4578/4724/7857
f 4625/4771/7945 4623/4769/7942 4624/4770/7944
f 4624/4770/7944 4626/4772/7946 4625/4771/7945
f 4580/4726/7859 4623/4769/7942 4625/4771/7945
f 4625/4771/7945 4582/4728/7865 4580/4726/7947
f 4627/4773/7948 4625/4771/7945 4626/4772/7946
f 4626/4772/7946 4628/4774/7949 4627/4773/7948
f 4582/4728/7865 4625/4771/7945 4627/4773/7950
f 4627/4773/7948 4584/4730/7866 4582/4728/7863
f 4629/4775/7951 4627/4773/7948 4628/4774/7949
f 4628/4774/7949 4630/4776/7952 4629/4775/7951
f 4584/4730/7866 4627/4773/7948 4629/4775/7951
f 4629/4775/7951 4586/4732/7868 4584/4730/7953
f 4631/4777/7954 4629/4775/7955 4630/4776/7952
f 4630/4776/7956 4632/4778/7957 4631/4777/7954
f 4586/4732/7868 4629/4775/7951 4631/4777/7958
f 4631/4777/7954 4588/4734/7870 4586/4732/7868
f 4633/4779/7959 4631/4777/7954 4632/4778/7957
f 4632/4778/7960 4634/4780/7961 4633/4779/7959
f 4588/4734/7870 4631/4777/7954 4633/4779/7959
f 4633/4779/7959 4590/4736/7872 4588/4734/7870
f 4635/4781/7962 4633/4779/7959 4634/4780/7963
f 4634/4780/7963 4636/4782/7964 4635/4781/7965
f 4590/4736/7872 4633/4779/7959 4635/4781/7965
f 4635/4781/7965 4592/4738/7877 4590/4736/7872
f 2792/2890/7966 4635/4781/7967 4636/4782/7964
f 4636/4782/7964 2793/2892/7968 2792/2890/7966
f 4592/4738/7874 4635/4781/7965 2792/2890/7966
f 2792/2890/7966 2673/2763/7878 4592/4738/7877
f 4637/4783/7969 2904/3005/7970 2905/3007/7971
f 2905/3007/7971 4638/4784/7972 4637/4783/7969
f 2784/2876/7973 2904/3005/7970 4637/4783/7969
f 4637/4783/7969 4639/4785/7974 2784/2876/7973
f 4640/4786/7975 4639/4785/7976 4637/4783/7969
f 4637/4783/7969 4641/4787/7977 4640/4786/7975
f 4594/4740/7883 4639/4785/7974 4640/4786/7975
f 4640/4786/7975 4642/4788/7978 4594/4740/7883
f 2784/2876/7973 4639/4785/7974 4594/4740/7883
f 4594/4740/7883 2783/2874/7882 2784/2876/7973
f 4643/4789/7979 4642/4788/7980 4640/4786/7975
f 4640/4786/7975 4644/4790/7981 4643/4789/7979
f 4645/4791/7982 4642/4788/7980 4643/4789/7979
f 4643/4789/7979 4646/4792/7983 4645/4791/7982
f 4594/4740/7883 4642/4788/7978 4645/4791/7982
f 4645/4791/7982 4593/4739/7880 4594/4740/7883
f 4647/4793/7984 4645/4791/7982 4646/4792/7983
f 4646/4792/7983 4648/4794/7985 4647/4793/7986
f 4593/4739/7880 4645/4791/7982 4647/4793/7986
f 4647/4793/7986 4595/4741/7887 4593/4739/7880
f 4649/4795/7987 4647/4793/7986 4648/4794/7985
f 4648/4794/7988 4650/4796/7989 4649/4795/7987
f 4595/4741/7887 4647/4793/7986 4649/4795/7987
f 4649/4795/7987 4596/4742/7889 4595/4741/7887
f 4600/4746/7899 4649/4795/7990 4650/4796/7991
f 4650/4796/7989 4602/4748/7902 4600/4746/7899
f 4596/4742/7889 4649/4795/7990 4600/4746/7899
f 4600/4746/7899 4597/4743/7891 4596/4742/7889
f 4607/4753/7911 4650/4796/7991 4648/4794/7985
f 4648/4794/7988 4651/4797/7992 4607/4753/7993
f 4602/4748/7902 4650/4796/7989 4607/4753/7993
f 4607/4753/7911 4604/4750/7905 4602/4748/7902
f 4652/4798/7994 4651/4797/7995 4648/4794/7985
f 4648/4794/7988 4646/4792/7983 4652/4798/7994
f 4610/4756/7996 4651/4797/7995 4652/4798/7994
f 4652/4798/7994 4653/4799/7997 4610/4756/7996
f 4607/4753/7998 4651/4797/7992 4610/4756/7996
f 4610/4756/7996 4606/4752/7909 4607/4753/7911
f 4654/4800/7999 4653/4799/7997 4652/4798/7994
f 4652/4798/7994 4655/4801/8000 4654/4800/7999
f 4613/4759/7924 4653/4799/7997 4654/4800/7999
f 4654/4800/7999 4656/4802/8001 4613/4759/7924
f 4610/4756/7996 4653/4799/7997 4613/4759/7924
f 4613/4759/7924 4609/4755/7914 4610/4756/7996
f 4657/4803/8002 4656/4802/8001 4654/4800/7999
f 4654/4800/7999 4658/4804/8003 4657/4803/8002
f 4616/4762/7930 4656/4802/8001 4657/4803/8002
f 4657/4803/8002 4659/4805/8004 4616/4762/8005
f 4613/4759/7924 4656/4802/8001 4616/4762/7930
f 4616/4762/8005 4612/4758/7925 4613/4759/7924
f 4660/4806/8006 4659/4805/8004 4657/4803/8002
f 4657/4803/8002 4661/4807/8007 4660/4806/8006
f 4662/4808/8008 4659/4805/8004 4660/4806/8006
f 4660/4806/8006 4663/4809/8009 4662/4808/8008
f 4616/4762/7930 4659/4805/8004 4662/4808/8008
f 4662/4808/8008 4615/4761/7929 4616/4762/7930
f 4664/4810/8010 4662/4808/8008 4663/4809/8009
f 4663/4809/8009 4665/4811/8011 4664/4810/8010
f 4615/4761/7929 4662/4808/8008 4664/4810/8010
f 4664/4810/8010 4618/4764/7933 4615/4761/7929
f 4666/4812/8012 4664/4810/8010 4665/4811/8011
f 4665/4811/8013 4667/4813/8014 4666/4812/8012
f 4618/4764/7933 4664/4810/8010 4666/4812/8012
f 4666/4812/8012 4620/4766/7937 4618/4764/7933
f 4668/4814/8015 4666/4812/8012 4667/4813/8014
f 4667/4813/8014 4669/4815/8016 4668/4814/8017
f 4620/4766/8018 4666/4812/8012 4668/4814/8015
f 4668/4814/8015 4622/4768/7941 4620/4766/7937
f 4670/4816/8019 4668/4814/8015 4669/4815/8016
f 4669/4815/8016 4671/4817/8020 4670/4816/8019
f 4622/4768/7943 4668/4814/8015 4670/4816/8019
f 4670/4816/8019 4624/4770/7944 4622/4768/7943
f 4672/4818/8021 4670/4816/8019 4671/4817/8020
f 4671/4817/8020 4673/4819/8022 4672/4818/8021
f 4624/4770/7944 4670/4816/8019 4672/4818/8021
f 4672/4818/8021 4626/4772/7946 4624/4770/7944
f 4674/4820/8023 4672/4818/8021 4673/4819/8024
f 4673/4819/8024 4675/4821/8025 4674/4820/8023
f 4626/4772/7946 4672/4818/8021 4674/4820/8023
f 4674/4820/8023 4628/4774/7949 4626/4772/7946
f 4676/4822/8026 4674/4820/8023 4675/4821/8025
f 4675/4821/8025 4677/4823/8027 4676/4822/8028
f 4628/4774/7949 4674/4820/8023 4676/4822/8028
f 4676/4822/8026 4630/4776/7952 4628/4774/7949
f 4678/4824/8029 4676/4822/8026 4677/4823/8027
f 4677/4823/8027 4679/4825/8030 4678/4824/8029
f 4630/4776/7952 4676/4822/8031 4678/4824/8029
f 4678/4824/8029 4632/4778/8032 4630/4776/7952
f 4680/4826/8033 4678/4824/8029 4679/4825/8030
f 4679/4825/8030 4681/4827/8034 4680/4826/8033
f 4632/4778/8035 4678/4824/8029 4680/4826/8033
f 4680/4826/8033 4634/4780/7963 4632/4778/8035
f 4682/4828/8036 4680/4826/8033 4681/4827/8034
f 4681/4827/8034 4683/4829/8037 4682/4828/8036
f 4634/4780/7963 4680/4826/8033 4682/4828/8036
f 4682/4828/8036 4636/4782/7964 4634/4780/7963
f 2796/2896/8038 4682/4828/8036 4683/4829/8037
f 4683/4829/8039 2906/3009/8040 2796/2896/8038
f 4636/4782/7964 4682/4828/8036 2796/2896/8041
f 2796/2896/8041 2793/2892/8042 4636/4782/8043
f 2907/3011/8044 2906/3009/8040 4683/4829/8045
f 4683/4829/8045 4684/4830/8046 2907/3011/8047
f 4685/4831/8048 3011/3117/8049 3012/3119/8050
f 3012/3119/8050 4686/4832/8051 4685/4831/8048
f 2905/3007/7971 3011/3117/8049 4685/4831/8048
f 4685/4831/8048 4638/4784/7972 2905/3007/7971
f 4687/4833/8052 4685/4831/8048 4686/4832/8053
f 4686/4832/8051 4688/4834/8054 4687/4833/8052
f 4638/4784/7972 4685/4831/8048 4687/4833/8052
f 4687/4833/8052 4689/4835/8055 4638/4784/7972
f 4690/4836/8056 4689/4835/8057 4687/4833/8052
f 4687/4833/8052 4691/4837/8058 4690/4836/8056
f 4641/4787/8059 4689/4835/8057 4690/4836/8056
f 4690/4836/8056 4692/4838/8060 4641/4787/7977
f 4638/4784/7972 4689/4835/8057 4641/4787/7977
f 4641/4787/7977 4637/4783/7969 4638/4784/7972
f 4693/4839/8061 4692/4838/8060 4690/4836/8056
f 4690/4836/8056 4694/4840/8062 4693/4839/8063
f 4644/4790/8064 4692/4838/8060 4693/4839/8065
f 4693/4839/8066 4695/4841/8067 4644/4790/8064
f 4641/4787/7977 4692/4838/8060 4644/4790/8064
f 4644/4790/7981 4640/4786/7975 4641/4787/8068
f 4658/4804/8069 4695/4841/8070 4693/4839/8061
f 4693/4839/8061 4696/4842/8071 4658/4804/8069
f 4655/4801/8000 4695/4841/8067 4658/4804/8003
f 4658/4804/8072 4654/4800/7999 4655/4801/8000
f 4644/4790/8064 4695/4841/8070 4655/4801/8000
f 4655/4801/8000 4643/4789/7979 4644/4790/8064
f 4697/4843/8073 4696/4842/8071 4693/4839/8061
f 4693/4839/8063 4694/4840/8062 4697/4843/8073
f 4661/4807/8007 4696/4842/8071 4697/4843/8073
f 4697/4843/8073 4698/4844/8074 4661/4807/8075
f 4658/4804/8003 4696/4842/8071 4661/4807/8007
f 4661/4807/8007 4657/4803/8002 4658/4804/8069
f 4699/4845/8076 4698/4844/8074 4697/4843/8073
f 4697/4843/8073 4700/4846/8077 4699/4845/8076
f 4701/4847/8078 4698/4844/8074 4699/4845/8076
f 4699/4845/8076 4702/4848/8079 4701/4847/8078
f 4661/4807/8007 4698/4844/8074 4701/4847/8078
f 4701/4847/8078 4660/4806/8006 4661/4807/8007
f 4703/4849/8080 4701/4847/8078 4702/4848/8081
f 4702/4848/8081 4704/4850/8082 4703/4849/8080
f 4660/4806/8006 4701/4847/8078 4703/4849/8080
f 4703/4849/8083 4663/4809/8084 4660/4806/8006
f 4705/4851/8085 4703/4849/8083 4704/4850/8082
f 4704/4850/8086 4706/4852/8087 4705/4851/8085
f 4663/4809/8084 4703/4849/8080 4705/4851/8085
f 4705/4851/8085 4665/4811/8011 4663/4809/8084
f 4707/4853/8088 4705/4851/8085 4706/4852/8087
f 4706/4852/8087 4708/4854/8089 4707/4853/8088
f 4665/4811/8011 4705/4851/8085 4707/4853/8088
f 4707/4853/8090 4667/4813/8014 4665/4811/8011
f 4709/4855/8091 4707/4853/8090 4708/4854/8089
f 4708/4854/8089 4710/4856/8092 4709/4855/8091
f 4667/4813/8014 4707/4853/8090 4709/4855/8091
f 4709/4855/8091 4669/4815/8016 4667/4813/8014
f 4711/4857/8093 4709/4855/8091 4710/4856/8092
f 4710/4856/8092 4712/4858/8094 4711/4857/8093
f 4669/4815/8016 4709/4855/8091 4711/4857/8093
f 4711/4857/8093 4671/4817/8020 4669/4815/8016
f 4713/4859/8095 4711/4857/8096 4712/4858/8097
f 4712/4858/8097 4714/4860/8098 4713/4859/8099
f 4671/4817/8020 4711/4857/8093 4713/4859/8099
f 4713/4859/8095 4673/4819/8024 4671/4817/8100
f 4715/4861/8101 4713/4859/8099 4714/4860/8102
f 4714/4860/8098 4716/4862/8103 4715/4861/8101
f 4673/4819/8104 4713/4859/8099 4715/4861/8101
f 4715/4861/8101 4675/4821/8025 4673/4819/8024
f 4717/4863/8105 4715/4861/8101 4716/4862/8103
f 4716/4862/8103 4718/4864/8106 4717/4863/8107
f 4675/4821/8025 4715/4861/8101 4717/4863/8107
f 4717/4863/8107 4677/4823/8027 4675/4821/8025
f 4719/4865/8108 4717/4863/8107 4718/4864/8109
f 4718/4864/8109 4720/4866/8110 4719/4865/8108
f 4677/4823/8027 4717/4863/8107 4719/4865/8108
f 4719/4865/8108 4679/4825/8030 4677/4823/8027
f 4721/4867/8111 4719/4865/8108 4720/4866/8110
f 4720/4866/8110 4722/4868/8112 4721/4867/8111
f 4679/4825/8030 4719/4865/8108 4721/4867/8111
f 4721/4867/8111 4681/4827/8113 4679/4825/8114
f 4684/4830/8046 4721/4867/8111 4722/4868/8115
f 4722/4868/8115 4723/4869/8116 4684/4830/8046
f 4681/4827/8034 4721/4867/8111 4684/4830/8046
f 4684/4830/8046 4683/4829/8037 4681/4827/8034
f 4724/4870/8117 4723/4869/8116 4722/4868/8118
f 4722/4868/8112 4725/4871/8119 4724/4870/8117
f 2910/3015/8120 4723/4869/8116 4724/4870/8121
f 4724/4870/8117 3014/3122/8122 2910/3015/8120
f 4684/4830/8123 4723/4869/8116 2910/3015/8124
f 2910/3015/8124 2907/3011/8047 4684/4830/8046
f 3015/3124/8125 3014/3122/8122 4724/4870/8117
f 4724/4870/8121 4726/4872/8126 3015/3124/8127
f 4727/4873/8128 3130/3240/8129 3131/3242/8130
f 3131/3242/8130 4728/4874/8131 4727/4873/8128
f 3012/3119/8050 3130/3240/8129 4727/4873/8128
f 4727/4873/8128 4686/4832/8051 3012/3119/8050
f 4729/4875/8132 4727/4873/8128 4728/4874/8133
f 4728/4874/8133 4730/4876/8134 4729/4875/8132
f 4686/4832/8051 4727/4873/8128 4729/4875/8132
f 4729/4875/8132 4688/4834/8054 4686/4832/8051
f 4731/4877/8135 4729/4875/8132 4730/4876/8134
f 4730/4876/8134 4732/4878/8136 4731/4877/8137
f 4688/4834/8054 4729/4875/8132 4731/4877/8135
f 4731/4877/8137 4733/4879/8138 4688/4834/8054
f 4734/4880/8139 4733/4879/8140 4731/4877/8135
f 4731/4877/8135 4735/4881/8141 4734/4880/8139
f 4691/4837/8058 4733/4879/8140 4734/4880/8139
f 4734/4880/8139 4736/4882/8142 4691/4837/8058
f 4688/4834/8054 4733/4879/8140 4691/4837/8058
f 4691/4837/8058 4687/4833/8052 4688/4834/8054
f 4700/4846/8077 4736/4882/8142 4734/4880/8139
f 4734/4880/8139 4737/4883/8143 4700/4846/8077
f 4694/4840/8062 4736/4882/8142 4700/4846/8077
f 4700/4846/8077 4697/4843/8073 4694/4840/8062
f 4691/4837/8058 4736/4882/8142 4694/4840/8062
f 4694/4840/8062 4690/4836/8056 4691/4837/8058
f 4738/4884/8144 4737/4883/8143 4734/4880/8139
f 4734/4880/8139 4735/4881/8145 4738/4884/8144
f 4739/4885/8146 4737/4883/8143 4738/4884/8147
f 4738/4884/8147 4740/4886/8148 4739/4885/8146
f 4700/4846/8077 4737/4883/8143 4739/4885/8146
f 4739/4885/8146 4699/4845/8076 4700/4846/8077
f 4741/4887/8149 4739/4885/8146 4740/4886/8148
f 4740/4886/8148 4742/4888/8150 4741/4887/8149
f 4699/4845/8076 4739/4885/8146 4741/4887/8149
f 4741/4887/8151 4702/4848/8081 4699/4845/8076
f 4743/4889/8152 4741/4887/8151 4742/4888/8150
f 4742/4888/8150 4744/4890/8153 4743/4889/8154
f 4702/4848/8081 4741/4887/8149 4743/4889/8154
f 4743/4889/8154 4704/4850/8082 4702/4848/8081
f 4745/4891/8155 4743/4889/8154 4744/4890/8153
f 4744/4890/8156 4746/4892/8157 4745/4891/8155
f 4704/4850/8082 4743/4889/8154 4745/4891/8155
f 4745/4891/8155 4706/4852/8087 4704/4850/8158
f 4747/4893/8159 4745/4891/8155 4746/4892/8157
f 4746/4892/8157 4748/4894/8160 4747/4893/8159
f 4706/4852/8087 4745/4891/8155 4747/4893/8159
f 4747/4893/8161 4708/4854/8162 4706/4852/8087
f 4749/4895/8163 4747/4893/8159 4748/4894/8164
f 4748/4894/8165 4750/4896/8166 4749/4895/8167
f 4708/4854/8168 4747/4893/8161 4749/4895/8169
f 4749/4895/8163 4710/4856/8092 4708/4854/8089
f 4751/4897/8170 4749/4895/8163 4750/4896/8166
f 4750/4896/8166 4752/4898/8171 4751/4897/8170
f 4710/4856/8092 4749/4895/8163 4751/4897/8170
f 4751/4897/8172 4712/4858/8097 4710/4856/8092
f 4753/4899/8173 4751/4897/8170 4752/4898/8171
f 4752/4898/8171 4754/4900/8174 4753/4899/8173
f 4712/4858/8097 4751/4897/8172 4753/4899/8173
f 4753/4899/8173 4714/4860/8102 4712/4858/8097
f 4755/4901/8175 4753/4899/8173 4754/4900/8174
f 4754/4900/8174 4756/4902/8176 4755/4901/8175
f 4714/4860/8102 4753/4899/8173 4755/4901/8175
f 4755/4901/8175 4716/4862/8103 4714/4860/8098
f 4757/4903/8177 4755/4901/8175 4756/4902/8176
f 4756/4902/8176 4758/4904/8178 4757/4903/8177
f 4716/4862/8179 4755/4901/8175 4757/4903/8177
f 4757/4903/8177 4718/4864/8106 4716/4862/8179
f 4759/4905/8180 4757/4903/8181 4758/4904/8178
f 4758/4904/8178 4760/4906/8182 4759/4905/8180
f 4718/4864/8109 4757/4903/8181 4759/4905/8180
f 4759/4905/8180 4720/4866/8110 4718/4864/8106
f 4725/4871/8119 4759/4905/8180 4760/4906/8183
f 4760/4906/8182 4761/4907/8184 4725/4871/8185
f 4720/4866/8110 4759/4905/8180 4725/4871/8185
f 4725/4871/8185 4722/4868/8115 4720/4866/8110
f 4762/4908/8186 4761/4907/8184 4760/4906/8182
f 4760/4906/8182 4763/4909/8187 4762/4908/8188
f 4726/4872/8189 4761/4907/8184 4762/4908/8190
f 4762/4908/8190 4764/4910/8191 4726/4872/8189
f 4725/4871/8185 4761/4907/8184 4726/4872/8189
f 4726/4872/8126 4724/4870/8117 4725/4871/8119
f 4765/4911/8192 4764/4910/8193 4762/4908/8190
f 4762/4908/8190 4766/4912/8194 4765/4911/8195
f 3133/3245/8196 4764/4910/8193 4765/4911/8195
f 4765/4911/8195 3134/3247/8197 3133/3245/8196
f 4726/4872/8189 4764/4910/8191 3133/3245/8196
f 3133/3245/8196 3015/3124/8125 4726/4872/8126
f 4767/4913/8198 3297/3411/8199 3298/3413/8200
f 3298/3413/8200 4768/4914/8201 4767/4913/8198
f 3131/3242/8130 3297/3411/8199 4767/4913/8198
f 4767/4913/8198 4728/4874/8131 3131/3242/8130
f 4769/4915/8202 4767/4913/8198 4768/4914/8201
f 4768/4914/8201 4770/4916/8203 4769/4915/8202
f 4728/4874/8204 4767/4913/8198 4769/4915/8202
f 4769/4915/8202 4730/4876/8134 4728/4874/8204
f 4771/4917/8205 4769/4915/8202 4770/4916/8206
f 4770/4916/8206 4772/4918/8207 4771/4917/8205
f 4730/4876/8134 4769/4915/8202 4771/4917/8205
f 4771/4917/8205 4732/4878/8136 4730/4876/8134
f 4773/4919/8208 4771/4917/8205 4772/4918/8207
f 4772/4918/8207 4774/4920/8209 4773/4919/8208
f 4732/4878/8136 4771/4917/8205 4773/4919/8208
f 4773/4919/8210 4775/4921/8211 4732/4878/8212
f 4776/4922/8213 4775/4921/8211 4773/4919/8210
f 4773/4919/8208 4777/4923/8214 4776/4922/8213
f 4735/4881/8141 4775/4921/8211 4776/4922/8213
f 4776/4922/8213 4738/4884/8147 4735/4881/8141
f 4732/4878/8136 4775/4921/8211 4735/4881/8141
f 4735/4881/8141 4731/4877/8137 4732/4878/8136
f 4778/4924/8215 4776/4922/8213 4777/4923/8214
f 4777/4923/8214 4779/4925/8216 4778/4924/8215
f 4738/4884/8147 4776/4922/8213 4778/4924/8215
f 4778/4924/8215 4740/4886/8148 4738/4884/8147
f 4780/4926/8217 4778/4924/8215 4779/4925/8218
f 4779/4925/8218 4781/4927/8219 4780/4926/8220
f 4740/4886/8148 4778/4924/8215 4780/4926/8220
f 4780/4926/8217 4742/4888/8221 4740/4886/8148
f 4782/4928/8222 4780/4926/8220 4781/4927/8219
f 4781/4927/8219 4783/4929/8223 4782/4928/8222
f 4742/4888/8150 4780/4926/8220 4782/4928/8222
f 4782/4928/8222 4744/4890/8153 4742/4888/8150
f 4784/4930/8224 4782/4928/8222 4783/4929/8223
f 4783/4929/8223 4785/4931/8225 4784/4930/8226
f 4744/4890/8153 4782/4928/8222 4784/4930/8226
f 4784/4930/8226 4746/4892/8157 4744/4890/8156
f 4786/4932/8227 4784/4930/8226 4785/4931/8225
f 4785/4931/8225 4787/4933/8228 4786/4932/8227
f 4746/4892/8157 4784/4930/8226 4786/4932/8229
f 4786/4932/8227 4748/4894/8165 4746/4892/8157
f 4788/4934/8230 4786/4932/8229 4787/4933/8228
f 4787/4933/8228 4789/4935/8231 4788/4934/8232
f 4748/4894/8164 4786/4932/8227 4788/4934/8232
f 4788/4934/8230 4750/4896/8233 4748/4894/8165
f 4790/4936/8234 4788/4934/8230 4789/4935/8231
f 4789/4935/8231 4791/4937/8235 4790/4936/8234
f 4750/4896/8236 4788/4934/8232 4790/4936/8234
f 4790/4936/8234 4752/4898/8237 4750/4896/8166
f 4792/4938/8238 4790/4936/8234 4791/4937/8239
f 4791/4937/8239 4793/4939/8240 4792/4938/8238
f 4752/4898/8171 4790/4936/8234 4792/4938/8238
f 4792/4938/8238 4754/4900/8241 4752/4898/8171
f 4794/4940/8242 4792/4938/8238 4793/4939/8240
f 4793/4939/8243 4795/4941/8244 4794/4940/8245
f 4754/4900/8241 4792/4938/8238 4794/4940/8245
f 4794/4940/8242 4756/4902/8176 4754/4900/8174
f 4796/4942/8246 4794/4940/8242 4795/4941/8244
f 4795/4941/8244 4797/4943/8247 4796/4942/8246
f 4756/4902/8176 4794/4940/8242 4796/4942/8246
f 4796/4942/8246 4758/4904/8178 4756/4902/8176
f 4763/4909/8187 4796/4942/8246 4797/4943/8248
f 4797/4943/8247 4798/4944/8249 4763/4909/8187
f 4758/4904/8178 4796/4942/8246 4763/4909/8187
f 4763/4909/8187 4760/4906/8182 4758/4904/8178
f 4799/4945/8250 4798/4944/8249 4797/4943/8251
f 4797/4943/8251 4800/4946/8252 4799/4945/8250
f 4766/4912/8253 4798/4944/8254 4799/4945/8250
f 4799/4945/8255 4801/4947/8256 4766/4912/8194
f 4763/4909/8187 4798/4944/8257 4766/4912/8194
f 4766/4912/8194 4762/4908/8190 4763/4909/8187
f 4802/4948/8258 4801/4947/8256 4799/4945/8255
f 4799/4945/8255 4803/4949/8259 4802/4948/8260
f 4804/4950/8261 4801/4947/8262 4802/4948/8258
f 4802/4948/8260 4805/4951/8263 4804/4950/8264
f 4766/4912/8194 4801/4947/8256 4804/4950/8261
f 4804/4950/8261 4765/4911/8192 4766/4912/8194
f 3300/3416/8265 4804/4950/8261 4805/4951/8263
f 4805/4951/8266 3301/3418/8267 3300/3416/8265
f 4765/4911/8192 4804/4950/8261 3300/3416/8265
f 3300/3416/8265 3134/3247/8197 4765/4911/8192
f 4806/4952/8268 3440/3558/8269 3441/3560/8270
f 3441/3560/8270 4807/4953/8271 4806/4952/8268
f 4808/4954/8272 4806/4952/8268 4807/4953/8271
f 4807/4953/8271 4809/4955/8273 4808/4954/8274
f 4810/4956/8275 4808/4954/8276 4809/4955/8273
f 4809/4955/8273 4811/4957/8277 4810/4956/8278
f 4812/4958/8279 4810/4956/8279 4811/4957/8277
f 4811/4957/8277 4813/4959/8280 4812/4958/8281
f 4814/4960/8282 4812/4958/8282 4813/4959/8280
f 4813/4959/8280 4815/4961/8283 4814/4960/8284
f 4816/4962/8285 4814/4960/8285 4815/4961/8283
f 4815/4961/8283 4817/4963/8286 4816/4962/8287
f 4818/4964/8281 4816/4962/8288 4817/4963/8289
f 4817/4963/8289 4819/4965/8281 4818/4964/8281
f 4820/4966/8282 4818/4964/8282 4819/4965/8282
f 4819/4965/8282 4821/4967/8282 4820/4966/8282
f 4822/4968/8282 4820/4966/8282 4821/4967/8282
f 4821/4967/8282 4823/4969/8282 4822/4968/8282
f 4824/4970/8282 4822/4968/8282 4823/4969/8282
f 4823/4969/8282 4825/4971/8282 4824/4970/8282
f 4826/4972/8282 4824/4970/8282 4825/4971/8282
f 4825/4971/8282 4827/4973/8282 4826/4972/8282
f 4828/4974/8282 4826/4972/8282 4827/4973/8282
f 4827/4973/8282 4829/4975/8282 4828/4974/8282
f 4830/4976/8282 4828/4974/8282 4829/4975/8282
f 4829/4975/8282 4831/4977/8282 4830/4976/8282
f 4832/4978/8282 4830/4976/8282 4831/4977/8282
f 4831/4977/8282 4833/4979/8282 4832/4978/8282
f 4834/4980/8287 4832/4978/8287 4833/4979/8287
f 4833/4979/8287 4835/4981/8287 4834/4980/8287
f 4836/4982/8282 4834/4980/8282 4835/4981/8282
f 4835/4981/8282 4837/4983/8282 4836/4982/8282
f 4838/4984/8282 4836/4982/8282 4837/4983/8282
f 4837/4983/8282 4839/4985/8290 4838/4984/8282
f 4840/4986/8291 4838/4984/8288 4839/4985/8290
f 4839/4985/8292 4841/4987/8293 4840/4986/8291
f 3443/3563/8294 4840/4986/8291 4841/4987/8293
f 4841/4987/8293 3444/3565/8295 3443/3563/8294
f 4842/4988/8296 3602/3724/8297 3603/3726/8298
f 3603/3726/8298 4843/4989/8299 4842/4988/8296
f 281/288/8300 3602/3724/8297 4842/4988/8301
f 4842/4988/8302 4844/4990/8303 281/288/8300
f 4845/4991/8304 4844/4990/8303 4842/4988/8305
f 4842/4988/8296 4846/4992/8306 4845/4991/8304
f 4847/4993/8307 4844/4990/8303 4845/4991/8304
f 4845/4991/8308 4848/4994/8309 4847/4993/8310
f 281/288/8311 4844/4990/8303 4847/4993/8310
f 4847/4993/8310 278/283/8312 281/288/8311
f 4849/4995/8313 4847/4993/8310 4848/4994/8309
f 4848/4994/8309 4850/4996/8314 4849/4995/8313
f 278/283/8312 4847/4993/8310 4849/4995/8315
f 4849/4995/8313 279/285/8316 278/283/8312
f 4768/4914/8201 4849/4995/8315 4850/4996/8314
f 4850/4996/8314 4770/4916/8206 4768/4914/8201
f 279/285/8316 4849/4995/8313 4768/4914/8201
f 4768/4914/8201 3298/3413/8317 279/285/8316
f 4851/4997/8318 4850/4996/8314 4848/4994/8309
f 4848/4994/8309 4852/4998/8319 4851/4997/8318
f 4770/4916/8206 4850/4996/8314 4851/4997/8318
f 4851/4997/8320 4772/4918/8207 4770/4916/8206
f 4853/4999/8321 4851/4997/8318 4852/4998/8319
f 4852/4998/8319 4854/5000/8322 4853/4999/8321
f 4772/4918/8323 4851/4997/8320 4853/4999/8321
f 4853/4999/8321 4774/4920/8209 4772/4918/8323
f 4855/5001/8324 4853/4999/8321 4854/5000/8322
f 4854/5000/8325 4856/5002/8326 4855/5001/8324
f 4774/4920/8209 4853/4999/8321 4855/5001/8324
f 4855/5001/8324 4857/5003/8327 4774/4920/8209
f 4858/5004/8328 4857/5003/8329 4855/5001/8324
f 4855/5001/8324 4859/5005/8330 4858/5004/8328
f 4777/4923/8214 4857/5003/8327 4858/5004/8328
f 4858/5004/8328 4779/4925/8331 4777/4923/8214
f 4774/4920/8209 4857/5003/8327 4777/4923/8214
f 4777/4923/8214 4773/4919/8210 4774/4920/8209
f 4860/5006/8332 4858/5004/8328 4859/5005/8330
f 4859/5005/8330 4861/5007/8333 4860/5006/8334
f 4779/4925/8335 4858/5004/8328 4860/5006/8332
f 4860/5006/8334 4781/4927/8219 4779/4925/8335
f 4862/5008/8336 4860/5006/8332 4861/5007/8337
f 4861/5007/8333 4863/5009/8338 4862/5008/8336
f 4781/4927/8219 4860/5006/8332 4862/5008/8336
f 4862/5008/8336 4783/4929/8223 4781/4927/8219
f 4864/5010/8339 4862/5008/8340 4863/5009/8338
f 4863/5009/8338 4865/5011/8341 4864/5010/8342
f 4783/4929/8223 4862/5008/8340 4864/5010/8339
f 4864/5010/8342 4785/4931/8225 4783/4929/8223
f 4866/5012/8343 4864/5010/8342 4865/5011/8344
f 4865/5011/8344 4867/5013/8345 4866/5012/8343
f 4785/4931/8225 4864/5010/8339 4866/5012/8343
f 4866/5012/8343 4787/4933/8346 4785/4931/8225
f 4868/5014/8347 4866/5012/8343 4867/5013/8345
f 4867/5013/8345 4869/5015/8348 4868/5014/8347
f 4787/4933/8346 4866/5012/8343 4868/5014/8347
f 4868/5014/8347 4789/4935/8349 4787/4933/8228
f 4870/5016/8350 4868/5014/8347 4869/5015/8348
f 4869/5015/8348 4871/5017/8351 4870/5016/8350
f 4789/4935/8352 4868/5014/8347 4870/5016/8350
f 4870/5016/8350 4791/4937/8239 4789/4935/8231
f 4872/5018/8353 4870/5016/8350 4871/5017/8351
f 4871/5017/8351 4873/5019/8354 4872/5018/8353
f 4791/4937/8235 4870/5016/8350 4872/5018/8353
f 4872/5018/8353 4793/4939/8240 4791/4937/8239
f 4874/5020/8355 4872/5018/8353 4873/5019/8356
f 4873/5019/8354 4875/5021/8357 4874/5020/8355
f 4793/4939/8243 4872/5018/8353 4874/5020/8358
f 4874/5020/8358 4795/4941/8244 4793/4939/8240
f 4800/4946/8359 4874/5020/8358 4875/5021/8357
f 4875/5021/8357 4876/5022/8360 4800/4946/8359
f 4795/4941/8244 4874/5020/8358 4800/4946/8359
f 4800/4946/8359 4797/4943/8247 4795/4941/8244
f 4877/5023/8361 4876/5022/8360 4875/5021/8357
f 4875/5021/8362 4878/5024/8363 4877/5023/8361
f 4803/4949/8259 4876/5022/8360 4877/5023/8361
f 4877/5023/8364 4879/5025/8365 4803/4949/8259
f 4800/4946/8359 4876/5022/8360 4803/4949/8259
f 4803/4949/8259 4799/4945/8255 4800/4946/8252
f 4880/5026/8366 4879/5025/8365 4877/5023/8361
f 4877/5023/8364 4881/5027/8367 4880/5026/8368
f 4882/5028/8369 4879/5025/8370 4880/5026/8368
f 4880/5026/8368 4883/5029/8371 4882/5028/8369
f 4803/4949/8259 4879/5025/8370 4882/5028/8372
f 4882/5028/8369 4802/4948/8373 4803/4949/8259
f 4884/5030/8374 4882/5028/8372 4883/5029/8371
f 4883/5029/8375 4885/5031/8376 4884/5030/8374
f 4802/4948/8373 4882/5028/8369 4884/5030/8374
f 4884/5030/8374 4805/4951/8263 4802/4948/8377
f 3605/3729/8378 4884/5030/8374 4885/5031/8376
f 4885/5031/8376 3606/3731/8379 3605/3729/8378
f 4805/4951/8263 4884/5030/8374 3605/3729/8378
f 3605/3729/8378 3301/3418/8267 4805/4951/8380
f 3732/3860/8381 3731/3858/8382 4886/5032/8383
f 4886/5032/8383 4887/5033/8384 3732/3860/8381
f 4886/5032/8383 3731/3858/8382 3730/3856/8385
f 3730/3856/8385 4888/5034/8386 4886/5032/8383
f 4886/5032/8383 4888/5034/8386 4889/5035/8387
f 4889/5035/8387 4890/5036/8388 4886/5032/8383
f 4885/5031/8376 4888/5034/8386 3730/3856/8385
f 3730/3856/8385 3606/3731/8379 4885/5031/8376
f 4889/5035/8389 4888/5034/8386 4885/5031/8390
f 4885/5031/8376 4883/5029/8375 4889/5035/8389
f 4891/5037/8391 4890/5036/8392 4892/5038/8393
f 4892/5038/8393 4893/5039/8394 4891/5037/8391
f 4886/5032/8383 4890/5036/8392 4891/5037/8391
f 4891/5037/8391 4887/5033/8384 4886/5032/8383
f 4892/5038/8393 4890/5036/8388 4889/5035/8387
f 4889/5035/8387 4894/5040/8395 4892/5038/8393
f 4892/5038/8393 4894/5040/8395 4895/5041/8396
f 4895/5041/8397 4896/5042/8398 4892/5038/8393
f 4880/5026/8366 4894/5040/8395 4889/5035/8389
f 4889/5035/8387 4883/5029/8371 4880/5026/8368
f 4895/5041/8397 4894/5040/8395 4880/5026/8366
f 4880/5026/8368 4881/5027/8367 4895/5041/8397
f 4897/5043/8399 4896/5042/8398 4898/5044/8400
f 4898/5044/8401 4899/5045/8402 4897/5043/8403
f 4892/5038/8393 4896/5042/8398 4897/5043/8404
f 4897/5043/8403 4893/5039/8405 4892/5038/8393
f 4898/5044/8400 4896/5042/8398 4895/5041/8406
f 4895/5041/8406 4900/5046/8407 4898/5044/8408
f 4898/5044/8400 4900/5046/8407 4901/5047/8409
f 4901/5047/8409 4902/5048/8410 4898/5044/8408
f 4903/5049/8411 4900/5046/8407 4895/5041/8397
f 4895/5041/8397 4881/5027/8367 4903/5049/8411
f 4901/5047/8409 4900/5046/8407 4903/5049/8411
f 4903/5049/8411 4904/5050/8412 4901/5047/8409
f 4901/5047/8409 4904/5050/8413 4905/5051/8414
f 4905/5051/8415 4906/5052/8416 4901/5047/8409
f 4907/5053/8417 4904/5050/8412 4903/5049/8411
f 4903/5049/8411 4878/5024/8363 4907/5053/8417
f 4905/5051/8415 4904/5050/8413 4907/5053/8417
f 4907/5053/8417 4908/5054/8418 4905/5051/8414
f 4905/5051/8414 4908/5054/8418 4909/5055/8419
f 4909/5055/8419 4910/5056/8420 4905/5051/8414
f 4871/5017/8351 4908/5054/8418 4907/5053/8417
f 4907/5053/8417 4873/5019/8354 4871/5017/8351
f 4909/5055/8421 4908/5054/8418 4871/5017/8351
f 4871/5017/8351 4869/5015/8348 4909/5055/8422
f 4911/5057/8423 4910/5056/8420 4912/5058/8424
f 4912/5058/8424 4913/5059/8425 4911/5057/8426
f 4905/5051/8414 4910/5056/8420 4911/5057/8423
f 4911/5057/8423 4906/5052/8416 4905/5051/8414
f 4912/5058/8424 4910/5056/8420 4909/5055/8419
f 4909/5055/8419 4914/5060/8427 4912/5058/8424
f 4912/5058/8424 4914/5060/8427 4915/5061/8428
f 4915/5061/8428 4916/5062/8429 4912/5058/8424
f 4867/5013/8345 4914/5060/8430 4909/5055/8419
f 4909/5055/8422 4869/5015/8348 4867/5013/8345
f 4915/5061/8428 4914/5060/8430 4867/5013/8431
f 4867/5013/8345 4865/5011/8344 4915/5061/8432
f 4917/5063/8433 4916/5062/8429 4918/5064/8434
f 4918/5064/8434 4919/5065/8435 4917/5063/8433
f 4912/5058/8424 4916/5062/8429 4917/5063/8433
f 4917/5063/8433 4913/5059/8425 4912/5058/8424
f 4918/5064/8434 4916/5062/8429 4915/5061/8428
f 4915/5061/8436 4920/5066/8437 4918/5064/8434
f 4918/5064/8434 4920/5066/8437 4921/5067/8438
f 4921/5067/8438 4922/5068/8439 4918/5064/8434
f 4863/5009/8338 4920/5066/8437 4915/5061/8436
f 4915/5061/8428 4865/5011/8344 4863/5009/8338
f 4921/5067/8438 4920/5066/8437 4863/5009/8338
f 4863/5009/8338 4861/5007/8333 4921/5067/8438
f 4923/5069/8440 4922/5068/8439 4924/5070/8441
f 4924/5070/8441 4925/5071/8442 4923/5069/8440
f 4918/5064/8434 4922/5068/8439 4923/5069/8440
f 4923/5069/8440 4919/5065/8435 4918/5064/8434
f 4924/5070/8441 4922/5068/8439 4921/5067/8438
f 4921/5067/8438 4926/5072/8443 4924/5070/8441
f 4924/5070/8441 4926/5072/8443 4856/5002/8326
f 4856/5002/8326 4927/5073/8444 4924/5070/8441
f 4859/5005/8330 4926/5072/8443 4921/5067/8438
f 4921/5067/8445 4861/5007/8337 4859/5005/8330
f 4856/5002/8326 4926/5072/8443 4859/5005/8330
f 4859/5005/8330 4855/5001/8324 4856/5002/8326
f 4928/5074/8446 4927/5073/8444 4929/5075/8447
f 4929/5075/8447 4930/5076/8448 4928/5074/8446
f 4924/5070/8441 4927/5073/8444 4928/5074/8446
f 4928/5074/8446 4925/5071/8449 4924/5070/8441
f 4929/5075/8447 4927/5073/8444 4856/5002/8326
f 4856/5002/8326 4854/5000/8322 4929/5075/8447
f 4931/5077/8450 4928/5074/8446 4930/5076/8448
f 4930/5076/8448 4932/5078/8451 4931/5077/8452
f 4925/5071/8442 4928/5074/8446 4931/5077/8450
f 4931/5077/8452 4933/5079/8453 4925/5071/8449
f 4934/5080/8454 4933/5079/8453 4931/5077/8450
f 4931/5077/8450 4935/5081/8455 4934/5080/8454
f 4936/5082/8456 4933/5079/8453 4934/5080/8454
f 4934/5080/8454 4937/5083/8457 4936/5082/8456
f 4925/5071/8449 4933/5079/8453 4936/5082/8458
f 4936/5082/8458 4923/5069/8440 4925/5071/8449
f 4938/5084/8459 4936/5082/8456 4937/5083/8457
f 4937/5083/8457 4939/5085/8460 4938/5084/8461
f 4923/5069/8440 4936/5082/8456 4938/5084/8461
f 4938/5084/8461 4919/5065/8435 4923/5069/8440
f 4940/5086/8462 4938/5084/8459 4939/5085/8460
f 4939/5085/8460 4941/5087/8463 4940/5086/8464
f 4919/5065/8435 4938/5084/8459 4940/5086/8464
f 4940/5086/8462 4917/5063/8465 4919/5065/8435
f 4942/5088/8466 4940/5086/8464 4941/5087/8467
f 4941/5087/8467 4943/5089/8468 4942/5088/8466
f 4917/5063/8433 4940/5086/8464 4942/5088/8469
f 4942/5088/8469 4913/5059/8425 4917/5063/8433
f 4944/5090/8470 4942/5088/8466 4943/5089/8468
f 4943/5089/8471 4945/5091/8472 4944/5090/8470
f 4913/5059/8425 4942/5088/8469 4944/5090/8470
f 4944/5090/8470 4911/5057/8473 4913/5059/8425
f 4946/5092/8474 4944/5090/8470 4945/5091/8472
f 4945/5091/8472 4947/5093/8475 4946/5092/8474
f 4911/5057/8423 4944/5090/8470 4946/5092/8474
f 4946/5092/8474 4906/5052/8416 4911/5057/8423
f 4902/5048/8410 4946/5092/8474 4947/5093/8475
f 4947/5093/8475 4948/5094/8476 4902/5048/8410
f 4906/5052/8416 4946/5092/8474 4902/5048/8410
f 4902/5048/8410 4901/5047/8409 4906/5052/8416
f 4949/5095/8477 4948/5094/8478 4947/5093/8475
f 4947/5093/8475 4950/5096/8479 4949/5095/8477
f 4899/5045/8402 4948/5094/8476 4949/5095/8477
f 4949/5095/8480 4951/5097/8481 4899/5045/8402
f 4902/5048/8410 4948/5094/8476 4899/5045/8402
f 4899/5045/8482 4898/5044/8400 4902/5048/8410
f 4952/5098/8483 4951/5097/8481 4949/5095/8477
f 4949/5095/8477 4953/5099/8484 4952/5098/8485
f 4954/5100/8486 4951/5097/8481 4952/5098/8485
f 4952/5098/8487 4955/5101/8488 4954/5100/8486
f 4899/5045/8402 4951/5097/8481 4954/5100/8486
f 4954/5100/8486 4897/5043/8404 4899/5045/8402
f 4956/5102/8489 4954/5100/8486 4955/5101/8490
f 4955/5101/8488 4957/5103/8491 4956/5102/8489
f 4897/5043/8404 4954/5100/8486 4956/5102/8489
f 4956/5102/8489 4893/5039/8405 4897/5043/8399
f 4958/5104/8492 4956/5102/8489 4957/5103/8493
f 4957/5103/8491 4959/5105/8494 4958/5104/8492
f 4893/5039/8405 4956/5102/8489 4958/5104/8492
f 4958/5104/8492 4891/5037/8391 4893/5039/8394
f 4960/5106/8495 4958/5104/8492 4959/5105/8494
f 4959/5105/8494 4961/5107/8496 4960/5106/8495
f 4891/5037/8391 4958/5104/8492 4960/5106/8495
f 4960/5106/8495 4887/5033/8497 4891/5037/8391
f 3734/3863/8498 4960/5106/8495 4961/5107/8496
f 4961/5107/8496 3735/3865/8499 3734/3863/8500
f 4887/5033/8384 4960/5106/8495 3734/3863/8498
f 3734/3863/8498 3732/3860/8381 4887/5033/8497
f 3796/3929/8501 3795/3927/8502 4962/5108/8503
f 4962/5108/8503 4963/5109/8504 3796/3929/8501
f 4962/5108/8503 3795/3927/8502 3794/3925/8505
f 3794/3925/8505 4964/5110/8506 4962/5108/8503
f 4962/5108/8503 4964/5110/8506 4965/5111/8507
f 4965/5111/8507 4966/5112/8508 4962/5108/8503
f 4961/5107/8496 4964/5110/8506 3794/3925/8505
f 3794/3925/8505 3735/3865/8509 4961/5107/8496
f 4965/5111/8507 4964/5110/8506 4961/5107/8496
f 4961/5107/8496 4959/5105/8494 4965/5111/8507
f 4967/5113/8510 4966/5112/8508 4968/5114/8511
f 4968/5114/8512 4969/5115/8513 4967/5113/8510
f 4962/5108/8503 4966/5112/8508 4967/5113/8510
f 4967/5113/8510 4963/5109/8504 4962/5108/8503
f 4968/5114/8511 4966/5112/8508 4965/5111/8507
f 4965/5111/8507 4970/5116/8514 4968/5114/8511
f 4968/5114/8511 4970/5116/8514 4971/5117/8515
f 4971/5117/8516 4972/5118/8517 4968/5114/8511
f 4957/5103/8493 4970/5116/8518 4965/5111/8507
f 4965/5111/8519 4959/5105/8494 4957/5103/8493
f 4971/5117/8516 4970/5116/8514 4957/5103/8493
f 4957/5103/8493 4955/5101/8488 4971/5117/8516
f 4973/5119/8520 4972/5118/8517 4974/5120/8521
f 4974/5120/8522 4975/5121/8523 4973/5119/8520
f 4968/5114/8511 4972/5118/8524 4973/5119/8520
f 4973/5119/8525 4969/5115/8513 4968/5114/8511
f 4974/5120/8522 4972/5118/8517 4971/5117/8516
f 4971/5117/8516 4976/5122/8526 4974/5120/8522
f 4974/5120/8522 4976/5122/8527 4977/5123/8528
f 4977/5123/8529 4978/5124/8530 4974/5120/8522
f 4952/5098/8483 4976/5122/8527 4971/5117/8516
f 4971/5117/8516 4955/5101/8488 4952/5098/8485
f 4977/5123/8528 4976/5122/8526 4952/5098/8485
f 4952/5098/8485 4953/5099/8484 4977/5123/8528
f 4979/5125/8531 4978/5124/8532 4980/5126/8533
f 4980/5126/8533 4981/5127/8534 4979/5125/8531
f 4974/5120/8522 4978/5124/8530 4979/5125/8531
f 4979/5125/8531 4975/5121/8523 4974/5120/8522
f 4980/5126/8535 4978/5124/8530 4977/5123/8528
f 4977/5123/8528 4982/5128/8536 4980/5126/8535
f 4980/5126/8533 4982/5128/8536 4983/5129/8537
f 4983/5129/8537 4984/5130/8538 4980/5126/8533
f 4985/5131/8539 4982/5128/8536 4977/5123/8528
f 4977/5123/8529 4953/5099/8484 4985/5131/8539
f 4983/5129/8537 4982/5128/8536 4985/5131/8539
f 4985/5131/8540 4986/5132/8541 4983/5129/8542
f 4983/5129/8543 4986/5132/8541 4987/5133/8544
f 4987/5133/8544 4988/5134/8545 4983/5129/8543
f 4989/5135/8546 4986/5132/8547 4985/5131/8539
f 4985/5131/8539 4950/5096/8479 4989/5135/8546
f 4987/5133/8544 4986/5132/8541 4989/5135/8546
f 4989/5135/8548 4990/5136/8549 4987/5133/8544
f 4987/5133/8544 4990/5136/8550 4991/5137/8551
f 4991/5137/8551 4992/5138/8552 4987/5133/8544
f 4943/5089/8468 4990/5136/8549 4989/5135/8546
f 4989/5135/8546 4945/5091/8472 4943/5089/8468
f 4991/5137/8551 4990/5136/8549 4943/5089/8468
f 4943/5089/8468 4941/5087/8467 4991/5137/8553
f 4993/5139/8554 4992/5138/8555 4994/5140/8556
f 4994/5140/8557 4995/5141/8558 4993/5139/8554
f 4987/5133/8544 4992/5138/8555 4993/5139/8554
f 4993/5139/8554 4988/5134/8545 4987/5133/8544
f 4994/5140/8557 4992/5138/8552 4991/5137/8551
f 4991/5137/8551 4996/5142/8559 4994/5140/8557
f 4994/5140/8557 4996/5142/8559 4997/5143/8560
f 4997/5143/8560 4998/5144/8561 4994/5140/8557
f 4939/5085/8460 4996/5142/8559 4991/5137/8551
f 4991/5137/8551 4941/5087/8467 4939/5085/8460
f 4997/5143/8560 4996/5142/8559 4939/5085/8460
f 4939/5085/8460 4937/5083/8457 4997/5143/8560
f 4999/5145/8562 4998/5144/8561 5000/5146/8563
f 5000/5146/8563 5001/5147/8564 4999/5145/8562
f 4994/5140/8557 4998/5144/8561 4999/5145/8562
f 4999/5145/8562 4995/5141/8558 4994/5140/8557
f 5000/5146/8563 4998/5144/8561 4997/5143/8560
f 4997/5143/8560 5002/5148/8565 5000/5146/8563
f 5000/5146/8563 5002/5148/8565 5003/5149/8566
f 5003/5149/8566 5004/5150/8567 5000/5146/8568
f 4934/5080/8454 5002/5148/8565 4997/5143/8560
f 4997/5143/8560 4937/5083/8457 4934/5080/8569
f 5003/5149/8566 5002/5148/8565 4934/5080/8454
f 4934/5080/8454 4935/5081/8455 5003/5149/8566
f 5005/5151/8570 5004/5150/8567 5006/5152/8571
f 5006/5152/8571 5007/5153/8572 5005/5151/8570
f 5000/5146/8563 5004/5150/8567 5005/5151/8573
f 5005/5151/8573 5001/5147/8564 5000/5146/8563
f 5006/5152/8571 5004/5150/8567 5003/5149/8566
f 5003/5149/8566 5008/5154/8574 5006/5152/8571
f 5006/5152/8571 5008/5154/8574 5009/5155/8575
f 5009/5155/8575 5010/5156/8576 5006/5152/8571
f 5011/5157/8577 5008/5154/8574 5003/5149/8566
f 5003/5149/8566 4935/5081/8455 5011/5157/8577
f 5009/5155/8575 5008/5154/8574 5011/5157/8577
f 5011/5157/8577 5012/5158/8578 5009/5155/8575
f 5009/5155/8575 5012/5158/8578 5013/5159/8579
f 5013/5159/8579 5014/5160/8580 5009/5155/8575
f 5015/5161/8581 5012/5158/8578 5011/5157/8577
f 5011/5157/8577 4932/5078/8451 5015/5161/8581
f 5013/5159/8579 5012/5158/8582 5015/5161/8581
f 5015/5161/8581 5016/5162/8583 5013/5159/8579
f 5013/5159/8579 5016/5162/8583 4843/4989/8584
f 4843/4989/8584 5017/5163/8585 5013/5159/8579
f 4846/4992/8586 5016/5162/8583 5015/5161/8581
f 5015/5161/8581 5018/5164/8587 4846/4992/8588
f 4843/4989/8584 5016/5162/8583 4846/4992/8306
f 4846/4992/8588 4842/4988/8302 4843/4989/8584
f 4930/5076/8448 5018/5164/8587 5015/5161/8581
f 5015/5161/8581 4932/5078/8451 4930/5076/8448
f 5019/5165/8589 5018/5164/8587 4930/5076/8448
f 4930/5076/8448 4929/5075/8447 5019/5165/8590
f 4846/4992/8588 5018/5164/8587 5019/5165/8589
f 5019/5165/8590 4845/4991/8304 4846/4992/8306
f 4852/4998/8319 5019/5165/8590 4929/5075/8591
f 4929/5075/8591 4854/5000/8325 4852/4998/8319
f 4845/4991/8304 5019/5165/8589 4852/4998/8319
f 4852/4998/8319 4848/4994/8309 4845/4991/8304
f 5020/5166/8592 5017/5163/8585 3842/3987/8593
f 3842/3987/8594 3819/3959/8595 5020/5166/8592
f 5013/5159/8579 5017/5163/8585 5020/5166/8592
f 5020/5166/8592 5014/5160/8580 5013/5159/8579
f 3842/3987/8594 5017/5163/8585 4843/4989/8584
f 4843/4989/8584 3603/3726/8298 3842/3987/8593
f 5021/5167/8596 5020/5166/8592 3819/3959/8595
f 3819/3959/8595 3816/3955/8597 5021/5167/8598
f 5014/5160/8580 5020/5166/8592 5021/5167/8598
f 5021/5167/8598 5022/5168/8599 5014/5160/8580
f 5023/5169/8600 5022/5168/8599 5021/5167/8598
f 5021/5167/8598 5024/5170/8601 5023/5169/8600
f 5010/5156/8576 5022/5168/8599 5023/5169/8600
f 5023/5169/8600 5025/5171/8602 5010/5156/8576
f 5014/5160/8603 5022/5168/8599 5010/5156/8576
f 5010/5156/8576 5009/5155/8575 5014/5160/8603
f 5026/5172/8604 5025/5171/8602 5023/5169/8600
f 5023/5169/8600 5027/5173/8605 5026/5172/8606
f 5007/5153/8607 5025/5171/8602 5026/5172/8604
f 5026/5172/8604 5028/5174/8608 5007/5153/8607
f 5010/5156/8576 5025/5171/8609 5007/5153/8607
f 5007/5153/8607 5006/5152/8571 5010/5156/8576
f 5029/5175/8610 5028/5174/8608 5026/5172/8604
f 5026/5172/8604 5030/5176/8611 5029/5175/8610
f 5031/5177/8612 5028/5174/8608 5029/5175/8610
f 5029/5175/8610 5032/5178/8613 5031/5177/8614
f 5007/5153/8607 5028/5174/8608 5031/5177/8612
f 5031/5177/8614 5005/5151/8570 5007/5153/8607
f 5033/5179/8615 5031/5177/8614 5032/5178/8613
f 5032/5178/8613 5034/5180/8616 5033/5179/8617
f 5005/5151/8570 5031/5177/8614 5033/5179/8617
f 5033/5179/8615 5001/5147/8564 5005/5151/8573
f 5035/5181/8618 5033/5179/8617 5034/5180/8616
f 5034/5180/8616 5036/5182/8619 5035/5181/8618
f 5001/5147/8564 5033/5179/8617 5035/5181/8618
f 5035/5181/8618 4999/5145/8562 5001/5147/8564
f 5037/5183/8620 5035/5181/8618 5036/5182/8619
f 5036/5182/8619 5038/5184/8621 5037/5183/8620
f 4999/5145/8562 5035/5181/8618 5037/5183/8620
f 5037/5183/8620 4995/5141/8558 4999/5145/8562
f 5039/5185/8622 5037/5183/8620 5038/5184/8621
f 5038/5184/8621 5040/5186/8623 5039/5185/8622
f 4995/5141/8624 5037/5183/8625 5039/5185/8622
f 5039/5185/8622 4993/5139/8554 4995/5141/8558
f 5041/5187/8626 5039/5185/8622 5040/5186/8623
f 5040/5186/8623 5042/5188/8627 5041/5187/8626
f 4993/5139/8554 5039/5185/8622 5041/5187/8626
f 5041/5187/8626 4988/5134/8545 4993/5139/8554
f 4984/5130/8538 5041/5187/8626 5042/5188/8628
f 5042/5188/8628 5043/5189/8629 4984/5130/8538
f 4988/5134/8545 5041/5187/8626 4984/5130/8538
f 4984/5130/8538 4983/5129/8537 4988/5134/8545
f 5044/5190/8630 5043/5189/8629 5042/5188/8631
f 5042/5188/8627 5045/5191/8632 5044/5190/8630
f 4981/5127/8534 5043/5189/8629 5044/5190/8630
f 5044/5190/8630 5046/5192/8633 4981/5127/8534
f 4984/5130/8538 5043/5189/8634 4981/5127/8534
f 4981/5127/8534 4980/5126/8535 4984/5130/8538
f 5047/5193/8635 5046/5192/8633 5044/5190/8630
f 5044/5190/8630 5048/5194/8636 5047/5193/8635
f 5049/5195/8637 5046/5192/8633 5047/5193/8635
f 5047/5193/8635 5050/5196/8638 5049/5195/8637
f 4981/5127/8534 5046/5192/8633 5049/5195/8637
f 5049/5195/8637 4979/5125/8531 4981/5127/8534
f 5051/5197/8639 5049/5195/8637 5050/5196/8638
f 5050/5196/8638 5052/5198/8640 5051/5197/8641
f 4979/5125/8531 5049/5195/8642 5051/5197/8641
f 5051/5197/8639 4975/5121/8523 4979/5125/8531
f 5053/5199/8643 5051/5197/8641 5052/5198/8640
f 5052/5198/8640 5054/5200/8644 5053/5199/8643
f 4975/5121/8523 5051/5197/8639 5053/5199/8643
f 5053/5199/8643 4973/5119/8525 4975/5121/8523
f 5055/5201/8645 5053/5199/8643 5054/5200/8644
f 5054/5200/8644 5056/5202/8646 5055/5201/8645
f 4973/5119/8525 5053/5199/8647 5055/5201/8645
f 5055/5201/8645 4969/5115/8513 4973/5119/8525
f 5057/5203/8648 5055/5201/8645 5056/5202/8646
f 5056/5202/8646 5058/5204/8649 5057/5203/8648
f 4969/5115/8513 5055/5201/8645 5057/5203/8648
f 5057/5203/8650 4967/5113/8510 4969/5115/8513
f 5059/5205/8651 5057/5203/8648 5058/5204/8649
f 5058/5204/8649 5060/5206/8652 5059/5205/8653
f 4967/5113/8510 5057/5203/8650 5059/5205/8654
f 5059/5205/8654 4963/5109/8504 4967/5113/8510
f 3798/3932/8655 5059/5205/8654 5060/5206/8652
f 5060/5206/8652 3799/3934/8656 3798/3932/8655
f 4963/5109/8504 5059/5205/8654 3798/3932/8655
f 3798/3932/8655 3796/3929/8501 4963/5109/8504
f 3441/3560/8270 3811/3947/8657 5061/5207/8658
f 5061/5207/8658 4807/4953/8271 3441/3560/8659
f 5061/5207/8658 3811/3947/8657 3799/3934/8656
f 3799/3934/8660 5060/5206/8652 5061/5207/8658
f 4807/4953/8271 5061/5207/8658 5062/5208/8661
f 5062/5208/8662 4809/4955/8273 4807/4953/8271
f 5062/5208/8661 5061/5207/8658 5060/5206/8652
f 5060/5206/8652 5058/5204/8649 5062/5208/8661
f 4809/4955/8273 5062/5208/8662 5063/5209/8663
f 5063/5209/8663 4811/4957/8664 4809/4955/8665
f 5063/5209/8663 5062/5208/8662 5058/5204/8649
f 5058/5204/8649 5056/5202/8646 5063/5209/8663
f 4811/4957/8277 5063/5209/8663 5064/5210/8666
f 5064/5210/8667 4813/4959/8280 4811/4957/8277
f 5064/5210/8666 5063/5209/8663 5056/5202/8646
f 5056/5202/8646 5054/5200/8644 5064/5210/8666
f 4813/4959/8280 5064/5210/8666 5065/5211/8668
f 5065/5211/8668 4815/4961/8283 4813/4959/8280
f 5065/5211/8669 5064/5210/8666 5054/5200/8644
f 5054/5200/8644 5052/5198/8640 5065/5211/8669
f 4815/4961/8283 5065/5211/8668 5066/5212/8670
f 5066/5212/8670 4817/4963/8286 4815/4961/8283
f 5066/5212/8670 5065/5211/8668 5052/5198/8640
f 5052/5198/8640 5050/5196/8638 5066/5212/8670
f 4817/4963/8671 5066/5212/8670 5067/5213/8672
f 5067/5213/8672 4819/4965/8673 4817/4963/8286
f 5067/5213/8674 5066/5212/8670 5050/5196/8638
f 5050/5196/8638 5047/5193/8635 5067/5213/8672
f 4819/4965/8673 5067/5213/8672 5068/5214/8675
f 5068/5214/8675 4821/4967/8282 4819/4965/8282
f 5068/5214/8675 5067/5213/8672 5047/5193/8635
f 5047/5193/8635 5048/5194/8676 5068/5214/8675
f 4821/4967/8282 5068/5214/8675 5069/5215/8677
f 5069/5215/8677 4823/4969/8282 4821/4967/8282
f 5069/5215/8677 5068/5214/8675 5048/5194/8636
f 5048/5194/8636 5070/5216/8678 5069/5215/8677
f 5069/5215/8677 5070/5216/8678 5071/5217/8679
f 5071/5217/8679 5072/5218/8680 5069/5215/8677
f 5045/5191/8632 5070/5216/8678 5048/5194/8676
f 5048/5194/8636 5044/5190/8630 5045/5191/8681
f 5071/5217/8679 5070/5216/8678 5045/5191/8632
f 5045/5191/8632 5073/5219/8682 5071/5217/8679
f 5071/5217/8679 5073/5219/8682 5074/5220/8683
f 5074/5220/8683 5075/5221/8684 5071/5217/8679
f 5040/5186/8623 5073/5219/8682 5045/5191/8632
f 5045/5191/8681 5042/5188/8627 5040/5186/8623
f 5074/5220/8683 5073/5219/8682 5040/5186/8623
f 5040/5186/8623 5038/5184/8685 5074/5220/8683
f 5076/5222/8686 5075/5221/8684 5077/5223/8687
f 5077/5223/8687 5078/5224/8282 5076/5222/8688
f 5071/5217/8679 5075/5221/8684 5076/5222/8688
f 5076/5222/8688 5072/5218/8680 5071/5217/8679
f 5077/5223/8687 5075/5221/8684 5074/5220/8683
f 5074/5220/8683 5079/5225/8689 5077/5223/8687
f 5077/5223/8687 5079/5225/8689 5080/5226/8690
f 5080/5226/8690 5081/5227/8691 5077/5223/8687
f 5036/5182/8619 5079/5225/8689 5074/5220/8683
f 5074/5220/8683 5038/5184/8621 5036/5182/8619
f 5080/5226/8690 5079/5225/8689 5036/5182/8619
f 5036/5182/8619 5034/5180/8616 5080/5226/8690
f 5082/5228/8287 5081/5227/8691 5083/5229/8692
f 5083/5229/8693 5084/5230/8694 5082/5228/8694
f 5077/5223/8687 5081/5227/8695 5082/5228/8282
f 5082/5228/8282 5078/5224/8282 5077/5223/8687
f 5083/5229/8692 5081/5227/8696 5080/5226/8697
f 5080/5226/8690 5085/5231/8698 5083/5229/8692
f 5083/5229/8692 5085/5231/8698 5086/5232/8699
f 5086/5232/8700 5087/5233/8701 5083/5229/8692
f 5032/5178/8613 5085/5231/8698 5080/5226/8690
f 5080/5226/8690 5034/5180/8702 5032/5178/8613
f 5086/5232/8700 5085/5231/8698 5032/5178/8613
f 5032/5178/8613 5029/5175/8610 5086/5232/8700
f 5088/5234/8282 5087/5233/8701 5089/5235/8703
f 5089/5235/8703 5090/5236/8282 5088/5234/8282
f 5083/5229/8692 5087/5233/8704 5088/5234/8282
f 5088/5234/8705 5084/5230/8705 5083/5229/8692
f 5089/5235/8703 5087/5233/8706 5086/5232/8700
f 5086/5232/8700 5091/5237/8707 5089/5235/8708
f 5089/5235/8703 5091/5237/8707 5092/5238/8709
f 5092/5238/8709 5093/5239/8710 5089/5235/8708
f 5030/5176/8611 5091/5237/8707 5086/5232/8700
f 5086/5232/8700 5029/5175/8610 5030/5176/8711
f 5092/5238/8709 5091/5237/8707 5030/5176/8611
f 5030/5176/8611 5094/5240/8712 5092/5238/8709
f 5092/5238/8709 5094/5240/8712 5095/5241/8713
f 5095/5241/8713 5096/5242/8714 5092/5238/8709
f 5027/5173/8605 5094/5240/8712 5030/5176/8711
f 5030/5176/8715 5026/5172/8604 5027/5173/8605
f 5095/5241/8713 5094/5240/8712 5027/5173/8605
f 5027/5173/8605 5097/5243/8716 5095/5241/8713
f 5095/5241/8713 5097/5243/8717 3812/3949/8718
f 3812/3949/8718 3836/3977/8719 5095/5241/8713
f 5024/5170/8720 5097/5243/8721 5027/5173/8605
f 5027/5173/8605 5023/5169/8600 5024/5170/8722
f 3812/3949/8723 5097/5243/8716 5024/5170/8722
f 5024/5170/8601 3813/3951/8724 3812/3949/8718
f 3816/3955/8597 3813/3951/8724 5024/5170/8720
f 5024/5170/8720 5021/5167/8598 3816/3955/8597
f 5096/5242/8714 3837/3979/8725 3838/3981/8726
f 3838/3981/8726 5098/5244/8727 5096/5242/8714
f 3836/3977/8728 3837/3979/8725 5096/5242/8714
f 5096/5242/8729 5095/5241/8730 3836/3977/8719
f 5099/5245/8731 5098/5244/8727 3838/3981/8732
f 3838/3981/8726 3839/3983/8733 5099/5245/8731
f 5093/5239/8710 5098/5244/8727 5099/5245/8731
f 5099/5245/8731 5100/5246/8734 5093/5239/8710
f 5096/5242/8714 5098/5244/8727 5093/5239/8710
f 5093/5239/8710 5092/5238/8709 5096/5242/8735
f 4839/4985/8292 5100/5246/8734 5099/5245/8731
f 5099/5245/8731 4841/4987/8293 4839/4985/8290
f 5090/5236/8282 5100/5246/8734 4839/4985/8290
f 4839/4985/8290 4837/4983/8282 5090/5236/8282
f 5093/5239/8710 5100/5246/8734 5090/5236/8736
f 5090/5236/8281 5089/5235/8703 5093/5239/8710
f 4841/4987/8293 5099/5245/8731 3839/3983/8733
f 3839/3983/8733 3444/3565/8295 4841/4987/8293
f 4835/4981/8282 5088/5234/8282 5090/5236/8282
f 5090/5236/8282 4837/4983/8282 4835/4981/8282
f 5084/5230/8287 5088/5234/8287 4835/4981/8287
f 4835/4981/8287 4833/4979/8287 5084/5230/8287
f 4831/4977/8282 5082/5228/8282 5084/5230/8282
f 5084/5230/8282 4833/4979/8282 4831/4977/8282
f 5078/5224/8282 5082/5228/8282 4831/4977/8282
f 4831/4977/8282 4829/4975/8282 5078/5224/8282
f 4827/4973/8282 5076/5222/8688 5078/5224/8282
f 5078/5224/8282 4829/4975/8282 4827/4973/8282
f 5072/5218/8680 5076/5222/8688 4827/4973/8282
f 4827/4973/8282 4825/4971/8282 5072/5218/8680
f 5069/5215/8677 5072/5218/8680 4825/4971/8282
f 4825/4971/8282 4823/4969/8282 5069/5215/8677
f 4932/5078/8451 5011/5157/8577 4935/5081/8737
f 4935/5081/8737 4931/5077/8450 4932/5078/8451
f 4945/5091/8472 4989/5135/8546 4950/5096/8479
f 4950/5096/8479 4947/5093/8475 4945/5091/8472
f 4950/5096/8479 4985/5131/8539 4953/5099/8738
f 4953/5099/8738 4949/5095/8477 4950/5096/8479
f 4873/5019/8356 4907/5053/8417 4878/5024/8363
f 4878/5024/8363 4875/5021/8357 4873/5019/8356
f 4878/5024/8363 4903/5049/8411 4881/5027/8367
f 4881/5027/8367 4877/5023/8364 4878/5024/8363
f 4643/4789/8739 4655/4801/8000 4652/4798/7994
f 4652/4798/7994 4646/4792/7983 4643/4789/7979
f 4184/4330/7252 4190/4336/7189 4187/4333/7186
f 4187/4333/8740 4183/4329/7179 4184/4330/7252
f 4137/4283/7185 4143/4289/7113 4140/4286/7110
f 4140/4286/7110 4136/4282/7102 4137/4283/7185
f 4090/4236/6999 737/769/7090 734/765/7003
f 734/765/7003 4089/4235/6998 4090/4236/6999
f 3999/4145/6838 497/518/6933 494/514/6848
f 494/514/6848 4002/4148/6842 3999/4145/6838
f 3951/4097/6753 3956/4102/6846 3954/4100/8741
f 3954/4100/6757 3950/4096/6752 3951/4097/8742
f 1/2/6608 370/381/6677 3904/4050/6672
f 3904/4050/6671 3856/4002/6609 1/2/6607
f 3862/4008/6616 3903/4049/6700 3902/4048/6669
f 3902/4048/6669 3861/4007/6617 3862/4008/6616
f 2/4/8743 3855/4001/6605 3897/4043/6761
f 3897/4043/6761 5/8/8744 2/4/8745
f 5/8/8744 3897/4043/6661 3955/4101/6759
f 3955/4101/6759 3854/4000/8746 5/8/8744
f 3854/4000/8746 3955/4101/6759 3953/4099/6756
f 3953/4099/6756 11/15/6762 3854/4000/8746
